# OBJ file extracted from JSON
v 11520.724609375 445.4412841796875 4699.92041015625
v 11319.7626953125 445.4412841796875 5606.40380859375
v 10413.20703125 445.4412841796875 5405.42529296875
v 10614.1689453125 445.4412841796875 4498.94189453125
v 11520.724609375 1145.78369140625 4699.92041015625
v 11319.7626953125 1145.78369140625 5606.40380859375
v 10413.20703125 1145.78369140625 5405.42529296875
v 10614.1689453125 1145.78369140625 4498.94189453125
v 10944.3603515625 445.4412841796875 7298.1787109375
v 10037.8779296875 445.4412841796875 7097.21630859375
v 10238.8564453125 445.4412841796875 6190.66064453125
v 11145.33984375 445.4412841796875 6391.623046875
v 10944.3603515625 1145.78369140625 7298.1787109375
v 10037.8779296875 1145.78369140625 7097.21630859375
v 10238.8564453125 1145.78369140625 6190.66064453125
v 11145.33984375 1145.78369140625 6391.623046875
v 7576.48828125 445.4412841796875 6552.20849609375
v 7777.45068359375 445.4412841796875 5645.72509765625
v 8684.0068359375 445.4412841796875 5846.70361328125
v 8483.0439453125 445.4412841796875 6753.18701171875
v 7576.48828125 1145.78369140625 6552.20849609375
v 7777.45068359375 1145.78369140625 5645.72509765625
v 8684.0068359375 1145.78369140625 5846.70361328125
v 8483.0439453125 1145.78369140625 6753.18701171875
v 8149.36572265625 445.4412841796875 3951.962890625
v 9055.8486328125 445.4412841796875 4152.92529296875
v 8854.8701171875 445.4412841796875 5059.48095703125
v 7948.38720703125 445.4412841796875 4858.5185546875
v 8149.36572265625 1145.78369140625 3951.962890625
v 9055.8486328125 1145.78369140625 4152.92529296875
v 8854.8701171875 1145.78369140625 5059.48095703125
v 7948.38720703125 1145.78369140625 4858.5185546875
v -4687.5322265625 2885.87841796875 4999.2578125
v -4846.1259765625 2885.87841796875 4265.73388671875
v -4499.82861328125 2885.87841796875 4190.86181640625
v -4341.23486328125 2885.87841796875 4924.3857421875
v -4687.5322265625 3518.12548828125 4999.2578125
v -4846.1259765625 3518.12548828125 4265.73388671875
v -4499.82861328125 3518.12548828125 4190.86181640625
v -4341.23486328125 3518.12548828125 4924.3857421875
v -4687.5322265625 856.66015625 4999.2578125
v -4846.1259765625 856.66015625 4265.73388671875
v -4499.82861328125 856.66015625 4190.86181640625
v -4341.23486328125 856.66015625 4924.3857421875
v -4687.5322265625 1488.9071044921875 4999.2578125
v -4846.1259765625 1488.9071044921875 4265.73388671875
v -4499.82861328125 1488.9071044921875 4190.86181640625
v -4341.23486328125 1488.9071044921875 4924.3857421875
v -4649.82470703125 1351.6478271484375 5176.28564453125
v -4808.646484375 1351.6478271484375 4441.7041015625
v -4450.57861328125 1351.6478271484375 4364.287109375
v -4291.75634765625 1351.6478271484375 5098.86865234375
v -4649.82470703125 2001.3070068359375 5176.28564453125
v -4808.646484375 2001.3070068359375 4441.7041015625
v -4450.57861328125 2001.3070068359375 4364.287109375
v -4291.75634765625 2001.3070068359375 5098.86865234375
v -4687.5322265625 1870.4189453125 4999.2578125
v -4846.1259765625 1870.4189453125 4265.73388671875
v -4499.82861328125 1870.4189453125 4190.86181640625
v -4341.23486328125 1870.4189453125 4924.3857421875
v -4687.5322265625 2502.666015625 4999.2578125
v -4846.1259765625 2502.666015625 4265.73388671875
v -4499.82861328125 2502.666015625 4190.86181640625
v -4341.23486328125 2502.666015625 4924.3857421875
v -4649.82470703125 2367.107177734375 5176.28564453125
v -4808.646484375 2367.107177734375 4441.7041015625
v -4450.57861328125 2367.107177734375 4364.287109375
v -4291.75634765625 2367.107177734375 5098.86865234375
v -4649.82470703125 3016.766357421875 5176.28564453125
v -4808.646484375 3016.766357421875 4441.7041015625
v -4450.57861328125 3016.766357421875 4364.287109375
v -4291.75634765625 3016.766357421875 5098.86865234375
v -4649.82470703125 3385.105712890625 5176.28564453125
v -4808.646484375 3385.105712890625 4441.7041015625
v -4450.57861328125 3385.105712890625 4364.287109375
v -4291.75634765625 3385.105712890625 5098.86865234375
v -4649.82470703125 4034.764892578125 5176.28564453125
v -4808.646484375 4034.764892578125 4441.7041015625
v -4450.57861328125 4034.764892578125 4364.287109375
v -4291.75634765625 4034.764892578125 5098.86865234375
v -4687.5322265625 3903.87646484375 4999.2578125
v -4846.1259765625 3903.87646484375 4265.73388671875
v -4499.82861328125 3903.87646484375 4190.86181640625
v -4341.23486328125 3903.87646484375 4924.3857421875
v -4687.5322265625 4536.12353515625 4999.2578125
v -4846.1259765625 4536.12353515625 4265.73388671875
v -4499.82861328125 4536.12353515625 4190.86181640625
v -4341.23486328125 4536.12353515625 4924.3857421875
v -2278.3125 729.412841796875 -4929.59130859375
v -1852.410888671875 729.412841796875 -5185.49853515625
v -1750.784423828125 729.412841796875 -5016.36376953125
v -2176.68603515625 729.412841796875 -4760.45654296875
v -2278.3125 1118.98974609375 -4929.59130859375
v -1852.410888671875 1118.98974609375 -5185.49853515625
v -1750.784423828125 1118.98974609375 -5016.36376953125
v -2176.68603515625 1118.98974609375 -4760.45654296875
v -1752.5224609375 1001.93408203125 -5013.04833984375
v -1326.620849609375 1001.93408203125 -5268.95556640625
v -1224.994384765625 1001.93408203125 -5099.82080078125
v -1650.89599609375 1001.93408203125 -4843.91357421875
v -1752.5224609375 1391.510986328125 -5013.04833984375
v -1326.620849609375 1391.510986328125 -5268.95556640625
v -1224.994384765625 1391.510986328125 -5099.82080078125
v -1650.89599609375 1391.510986328125 -4843.91357421875
v -1228.638671875 1267.952880859375 -5092.96240234375
v -802.7369995117188 1267.952880859375 -5348.86962890625
v -701.1105346679688 1267.952880859375 -5179.73486328125
v -1127.01220703125 1267.952880859375 -4923.82763671875
v -1228.638671875 1657.52978515625 -5092.96240234375
v -802.7369995117188 1657.52978515625 -5348.86962890625
v -701.1105346679688 1657.52978515625 -5179.73486328125
v -1127.01220703125 1657.52978515625 -4923.82763671875
v -704.96875 1537.024658203125 -5173.84130859375
v -279.0671081542969 1537.024658203125 -5429.74853515625
v -177.4406280517578 1537.024658203125 -5260.61376953125
v -603.34228515625 1537.024658203125 -5004.70654296875
v -704.96875 1926.6015625 -5173.84130859375
v -279.0671081542969 1926.6015625 -5429.74853515625
v -177.4406280517578 1926.6015625 -5260.61376953125
v -603.34228515625 1926.6015625 -5004.70654296875
v -180.8759765625 1806.79296875 -5256.95458984375
v 245.0256805419922 1806.79296875 -5512.86181640625
v 346.6521301269531 1806.79296875 -5343.72705078125
v -79.24951171875 1806.79296875 -5087.81982421875
v -180.8759765625 2196.369873046875 -5256.95458984375
v 245.0256805419922 2196.369873046875 -5512.86181640625
v 346.6521301269531 2196.369873046875 -5343.72705078125
v -79.24951171875 2196.369873046875 -5087.81982421875
v 346.0703125 2079.314208984375 -5340.09912109375
v 771.9719848632812 2079.314208984375 -5596.00634765625
v 873.5984497070312 2079.314208984375 -5426.87158203125
v 447.69677734375 2079.314208984375 -5170.96435546875
v 346.0703125 2468.89111328125 -5340.09912109375
v 771.9719848632812 2468.89111328125 -5596.00634765625
v 873.5984497070312 2468.89111328125 -5426.87158203125
v 447.69677734375 2468.89111328125 -5170.96435546875
v 872.3095703125 2348.662353515625 -5419.56005859375
v 1298.211181640625 2348.662353515625 -5675.46728515625
v 1399.837646484375 2348.662353515625 -5506.33251953125
v 973.93603515625 2348.662353515625 -5250.42529296875
v 872.3095703125 2738.2392578125 -5419.56005859375
v 1298.211181640625 2738.2392578125 -5675.46728515625
v 1399.837646484375 2738.2392578125 -5506.33251953125
v 973.93603515625 2738.2392578125 -5250.42529296875
v -4691.6171875 9.45947265625 4855.63134765625
v -4733.7099609375 9.45947265625 4713.52734375
v -4595.1533203125 9.45947265625 4672.48486328125
v -4553.06005859375 9.45947265625 4814.5888671875
v -4691.6171875 110.273193359375 4855.63134765625
v -4733.7099609375 110.273193359375 4713.52734375
v -4595.1533203125 110.273193359375 4672.48486328125
v -4553.06005859375 110.273193359375 4814.5888671875
v -4372.52294921875 9.45947265625 4770.833984375
v -4336.66845703125 9.45947265625 4914.638671875
v -4476.88330078125 9.45947265625 4949.59814453125
v -4512.73828125 9.45947265625 4805.79345703125
v -4372.52294921875 110.273193359375 4770.833984375
v -4336.66845703125 110.273193359375 4914.638671875
v -4476.88330078125 110.273193359375 4949.59814453125
v -4512.73828125 110.273193359375 4805.79345703125
v 7761.29833984375 8.146484375 -158.3697509765625
v 7754.83349609375 8.146484375 -10.30378532409668
v 7610.46337890625 8.146484375 -16.607135772705078
v 7616.92822265625 8.146484375 -164.67311096191406
v 7761.29833984375 108.960205078125 -158.3697509765625
v 7754.83349609375 108.960205078125 -10.30378532409668
v 7610.46337890625 108.960205078125 -16.607135772705078
v 7616.92822265625 108.960205078125 -164.67311096191406
v 7574.78564453125 107.8095703125 -209.6225128173828
v 7552.56591796875 107.8095703125 -95.31279754638672
v 7460.4541015625 107.8095703125 -113.217529296875
v 7482.67333984375 107.8095703125 -227.52725219726562
v 7574.78564453125 141.47021484375 -209.6225128173828
v 7552.56591796875 141.47021484375 -95.31279754638672
v 7460.4541015625 141.47021484375 -113.217529296875
v 7482.67333984375 141.47021484375 -227.52725219726562
v 7558.36181640625 8.146484375 -260.2377624511719
v 7592.96044921875 8.146484375 -116.12569427490234
v 7452.4453125 8.146484375 -82.3910140991211
v 7417.84716796875 8.146484375 -226.50306701660156
v 7558.36181640625 108.960205078125 -260.2377624511719
v 7592.96044921875 108.960205078125 -116.12569427490234
v 7452.4453125 108.960205078125 -82.3910140991211
v 7417.84716796875 108.960205078125 -226.50306701660156
v 2120.30517578125 43.979549407958984 1240.317138671875
v 2092.133544921875 43.979549407958984 1127.3270263671875
v 2183.18212890625 43.97953414916992 1104.6260986328125
v 2211.353759765625 43.97953414916992 1217.6162109375
v 2120.30517578125 77.64019775390625 1240.317138671875
v 2092.133544921875 77.64019775390625 1127.3270263671875
v 2183.18212890625 77.64017486572266 1104.6260986328125
v 2211.353759765625 77.64017486572266 1217.6162109375
v 2180.965087890625 8.9951171875 1038.277099609375
v 2209.13671875 8.9951171875 1151.267333984375
v 2118.087890625 8.9951171875 1173.96826171875
v 2089.916259765625 8.9951171875 1060.9781494140625
v 2180.965087890625 42.65576171875 1038.277099609375
v 2209.13671875 42.65576171875 1151.267333984375
v 2118.087890625 42.65576171875 1173.96826171875
v 2089.916259765625 42.65576171875 1060.9781494140625
v 2215.892578125 8.9951171875 1173.3016357421875
v 2216.908935546875 8.9951171875 1289.7464599609375
v 2123.076416015625 8.9951171875 1290.5653076171875
v 2122.060302734375 8.9951171875 1174.1204833984375
v 2215.892578125 42.65576171875 1173.3016357421875
v 2216.908935546875 42.65576171875 1289.7464599609375
v 2123.076416015625 42.65576171875 1290.5653076171875
v 2122.060302734375 42.65576171875 1174.1204833984375
v 2178.03125 0.945556640625 1291.5750732421875
v 2179.32470703125 0.945556640625 1439.7764892578125
v 2034.822265625 0.945556640625 1441.03759765625
v 2033.5289306640625 0.945556640625 1292.836181640625
v 2178.03125 101.75927734375 1291.5750732421875
v 2179.32470703125 101.75927734375 1439.7764892578125
v 2034.822265625 101.75927734375 1441.03759765625
v 2033.5289306640625 101.75927734375 1292.836181640625
v 1443.177978515625 3292.52734375 1956.189697265625
v 1509.4244384765625 3292.52734375 2031.0677490234375
v 1381.1591796875 3292.52734375 2144.54736328125
v 1314.9127197265625 3292.52734375 2069.669189453125
v 1443.177978515625 3320.62109375 1956.189697265625
v 1509.4244384765625 3320.62109375 2031.0677490234375
v 1381.1591796875 3320.62109375 2144.54736328125
v 1314.9127197265625 3320.62109375 2069.669189453125
v 2781.696533203125 3292.068359375 1732.702880859375
v 2801.858642578125 3292.068359375 1816.6837158203125
v 2717.8740234375 3292.068359375 1836.8466796875
v 2697.7119140625 3292.068359375 1752.86572265625
v 2781.696533203125 3402.0380859375 1732.702880859375
v 2801.858642578125 3402.0380859375 1816.6837158203125
v 2717.8740234375 3402.0380859375 1836.8466796875
v 2697.7119140625 3402.0380859375 1752.86572265625
v 2739.231689453125 3292.068359375 1825.234130859375
v 2759.393798828125 3292.068359375 1909.2149658203125
v 2675.4091796875 3292.068359375 1929.3779296875
v 2655.2470703125 3292.068359375 1845.39697265625
v 2739.231689453125 3402.0380859375 1825.234130859375
v 2759.393798828125 3402.0380859375 1909.2149658203125
v 2675.4091796875 3402.0380859375 1929.3779296875
v 2655.2470703125 3402.0380859375 1845.39697265625
v 2740.97119140625 3364.52392578125 459.5509948730469
v 2697.95166015625 3364.52392578125 581.0338745117188
v 2579.501220703125 3364.52392578125 539.0883178710938
v 2622.5205078125 3364.52392578125 417.60540771484375
v 2740.97119140625 3435.02294921875 459.5509948730469
v 2697.95166015625 3435.02294921875 581.0338745117188
v 2579.501220703125 3435.02294921875 539.0883178710938
v 2622.5205078125 3435.02294921875 417.60540771484375
v 2026.760498046875 3279.150390625 433.121337890625
v 2069.221923828125 3279.150390625 609.986328125
v 1907.2786865234375 3279.150390625 648.8654174804688
v 1864.8172607421875 3279.150390625 472.0004577636719
v 2026.760498046875 3401.640625 433.121337890625
v 2069.221923828125 3401.640625 609.986328125
v 1907.2786865234375 3401.640625 648.8654174804688
v 1864.8172607421875 3401.640625 472.0004577636719
v 1655.1160888671875 3300.87353515625 609.278076171875
v 1674.794677734375 3300.87353515625 710.5160522460938
v 1574.6993408203125 3300.87353515625 729.9725952148438
v 1555.020751953125 3300.87353515625 628.734619140625
v 1655.1160888671875 3360.788330078125 609.278076171875
v 1674.794677734375 3360.788330078125 710.5160522460938
v 1574.6993408203125 3360.788330078125 729.9725952148438
v 1555.020751953125 3360.788330078125 628.734619140625
v 2667.604736328125 3292.068359375 1899.886474609375
v 2687.766845703125 3292.068359375 1983.8673095703125
v 2603.7822265625 3292.068359375 2004.0302734375
v 2583.6201171875 3292.068359375 1920.04931640625
v 2667.604736328125 3402.0380859375 1899.886474609375
v 2687.766845703125 3402.0380859375 1983.8673095703125
v 2603.7822265625 3402.0380859375 2004.0302734375
v 2583.6201171875 3402.0380859375 1920.04931640625
v 1443.177978515625 3331.11328125 1956.189697265625
v 1509.4244384765625 3331.11328125 2031.0677490234375
v 1381.1591796875 3331.11328125 2144.54736328125
v 1314.9127197265625 3331.11328125 2069.669189453125
v 1443.177978515625 3359.20703125 1956.189697265625
v 1509.4244384765625 3359.20703125 2031.0677490234375
v 1381.1591796875 3359.20703125 2144.54736328125
v 1314.9127197265625 3359.20703125 2069.669189453125
v 1443.177978515625 3311.83203125 1956.189697265625
v 1509.4244384765625 3311.83203125 2031.0677490234375
v 1381.1591796875 3311.83203125 2144.54736328125
v 1314.9127197265625 3311.83203125 2069.669189453125
v 1443.177978515625 3339.92578125 1956.189697265625
v 1509.4244384765625 3339.92578125 2031.0677490234375
v 1381.1591796875 3339.92578125 2144.54736328125
v 1314.9127197265625 3339.92578125 2069.669189453125
v 1723.6734619140625 3293.524658203125 382.4838562011719
v 1848.970703125 3293.524658203125 524.106689453125
v 1702.7166748046875 3293.524658203125 653.5014038085938
v 1577.4193115234375 3293.524658203125 511.8785400390625
v 1723.6734619140625 3395.931884765625 382.4838562011719
v 1848.970703125 3395.931884765625 524.106689453125
v 1702.7166748046875 3395.931884765625 653.5014038085938
v 1577.4193115234375 3395.931884765625 511.8785400390625
v 2698.259033203125 3292.73388671875 412.6514892578125
v 2728.34423828125 3292.73388671875 537.9656372070312
v 2606.157958984375 3292.73388671875 567.2999877929688
v 2576.07275390625 3292.73388671875 441.9858093261719
v 2698.259033203125 3363.23291015625 412.6514892578125
v 2728.34423828125 3363.23291015625 537.9656372070312
v 2606.157958984375 3363.23291015625 567.2999877929688
v 2576.07275390625 3363.23291015625 441.9858093261719
v 1257.506591796875 3292.77734375 1463.92822265625
v 1292.1048583984375 3292.77734375 1608.040283203125
v 1151.5897216796875 3292.77734375 1641.7750244140625
v 1116.991455078125 3292.77734375 1497.6629638671875
v 1257.506591796875 3393.591064453125 1463.92822265625
v 1292.1048583984375 3393.591064453125 1608.040283203125
v 1151.5897216796875 3393.591064453125 1641.7750244140625
v 1116.991455078125 3393.591064453125 1497.6629638671875
v 1448.9949951171875 3293.79541015625 1587.7979736328125
v 1490.8583984375 3293.79541015625 1762.1712646484375
v 1350.3433837890625 3293.79541015625 1795.9058837890625
v 1308.47998046875 3293.79541015625 1621.5325927734375
v 1448.9949951171875 3345.633056640625 1587.7979736328125
v 1490.8583984375 3345.633056640625 1762.1712646484375
v 1350.3433837890625 3345.633056640625 1795.9058837890625
v 1308.47998046875 3345.633056640625 1621.5325927734375
v 1229.0880126953125 3393.33837890625 1487.4261474609375
v 1251.554443359375 3393.33837890625 1581.00537109375
v 1160.3111572265625 3393.33837890625 1602.9110107421875
v 1137.8447265625 3393.33837890625 1509.331787109375
v 1229.0880126953125 3458.8017578125 1487.4261474609375
v 1251.554443359375 3458.8017578125 1581.00537109375
v 1160.3111572265625 3458.8017578125 1602.9110107421875
v 1137.8447265625 3458.8017578125 1509.331787109375
v 1401.9600830078125 3347.562744140625 1629.2835693359375
v 1429.1446533203125 3347.562744140625 1742.5152587890625
v 1337.9013671875 3347.562744140625 1764.4208984375
v 1310.716796875 3347.562744140625 1651.189208984375
v 1401.9600830078125 3381.223388671875 1629.2835693359375
v 1429.1446533203125 3381.223388671875 1742.5152587890625
v 1337.9013671875 3381.223388671875 1764.4208984375
v 1310.716796875 3381.223388671875 1651.189208984375
v 2781.696533203125 1879.974609375 1732.702880859375
v 2801.858642578125 1879.974609375 1816.6837158203125
v 2717.8740234375 1879.974609375 1836.8466796875
v 2697.7119140625 1879.974609375 1752.86572265625
v 2781.696533203125 1989.9443359375 1732.702880859375
v 2801.858642578125 1989.9443359375 1816.6837158203125
v 2717.8740234375 1989.9443359375 1836.8466796875
v 2697.7119140625 1989.9443359375 1752.86572265625
v 2739.231689453125 1879.974609375 1825.234130859375
v 2759.393798828125 1879.974609375 1909.2149658203125
v 2675.4091796875 1879.974609375 1929.3779296875
v 2655.2470703125 1879.974609375 1845.39697265625
v 2739.231689453125 1989.9443359375 1825.234130859375
v 2759.393798828125 1989.9443359375 1909.2149658203125
v 2675.4091796875 1989.9443359375 1929.3779296875
v 2655.2470703125 1989.9443359375 1845.39697265625
v 2849.853515625 1952.4305419921875 1037.125244140625
v 2806.833984375 1952.4305419921875 1158.608154296875
v 2688.383544921875 1952.4305419921875 1116.66259765625
v 2731.40283203125 1952.4305419921875 995.1796264648438
v 2849.853515625 2022.9295654296875 1037.125244140625
v 2806.833984375 2022.9295654296875 1158.608154296875
v 2688.383544921875 2022.9295654296875 1116.66259765625
v 2731.40283203125 2022.9295654296875 995.1796264648438
v 2026.760498046875 1867.056640625 433.121337890625
v 2069.221923828125 1867.056640625 609.986328125
v 1907.2786865234375 1867.056640625 648.8654174804688
v 1864.8172607421875 1867.056640625 472.0004577636719
v 2026.760498046875 1989.546875 433.121337890625
v 2069.221923828125 1989.546875 609.986328125
v 1907.2786865234375 1989.546875 648.8654174804688
v 1864.8172607421875 1989.546875 472.0004577636719
v 1655.1160888671875 1888.7799072265625 609.278076171875
v 1674.794677734375 1888.7799072265625 710.5160522460938
v 1574.6993408203125 1888.7799072265625 729.9725952148438
v 1555.020751953125 1888.7799072265625 628.734619140625
v 1655.1160888671875 1948.6947021484375 609.278076171875
v 1674.794677734375 1948.6947021484375 710.5160522460938
v 1574.6993408203125 1948.6947021484375 729.9725952148438
v 1555.020751953125 1948.6947021484375 628.734619140625
v 2667.604736328125 1879.974609375 1899.886474609375
v 2687.766845703125 1879.974609375 1983.8673095703125
v 2603.7822265625 1879.974609375 2004.0302734375
v 2583.6201171875 1879.974609375 1920.04931640625
v 2667.604736328125 1989.9443359375 1899.886474609375
v 2687.766845703125 1989.9443359375 1983.8673095703125
v 2603.7822265625 1989.9443359375 2004.0302734375
v 2583.6201171875 1989.9443359375 1920.04931640625
v 1443.177978515625 1919.01953125 1956.189697265625
v 1509.4244384765625 1919.01953125 2031.0677490234375
v 1381.1591796875 1919.01953125 2144.54736328125
v 1314.9127197265625 1919.01953125 2069.669189453125
v 1443.177978515625 1947.11328125 1956.189697265625
v 1509.4244384765625 1947.11328125 2031.0677490234375
v 1381.1591796875 1947.11328125 2144.54736328125
v 1314.9127197265625 1947.11328125 2069.669189453125
v 1443.177978515625 1880.43359375 1956.189697265625
v 1509.4244384765625 1880.43359375 2031.0677490234375
v 1381.1591796875 1880.43359375 2144.54736328125
v 1314.9127197265625 1880.43359375 2069.669189453125
v 1443.177978515625 1908.52734375 1956.189697265625
v 1509.4244384765625 1908.52734375 2031.0677490234375
v 1381.1591796875 1908.52734375 2144.54736328125
v 1314.9127197265625 1908.52734375 2069.669189453125
v 1443.177978515625 1899.73828125 1956.189697265625
v 1509.4244384765625 1899.73828125 2031.0677490234375
v 1381.1591796875 1899.73828125 2144.54736328125
v 1314.9127197265625 1899.73828125 2069.669189453125
v 1443.177978515625 1927.83203125 1956.189697265625
v 1509.4244384765625 1927.83203125 2031.0677490234375
v 1381.1591796875 1927.83203125 2144.54736328125
v 1314.9127197265625 1927.83203125 2069.669189453125
v 1723.6734619140625 1881.43115234375 382.4838562011719
v 1848.970703125 1881.43115234375 524.106689453125
v 1702.7166748046875 1881.43115234375 653.5014038085938
v 1577.4193115234375 1881.43115234375 511.8785400390625
v 1723.6734619140625 1983.83837890625 382.4838562011719
v 1848.970703125 1983.83837890625 524.106689453125
v 1702.7166748046875 1983.83837890625 653.5014038085938
v 1577.4193115234375 1983.83837890625 511.8785400390625
v 2807.141845703125 1880.6402587890625 990.2257080078125
v 2837.22705078125 1880.6402587890625 1115.5399169921875
v 2715.040771484375 1880.6402587890625 1144.8741455078125
v 2684.95556640625 1880.6402587890625 1019.5599975585938
v 2807.141845703125 1951.1392822265625 990.2257080078125
v 2837.22705078125 1951.1392822265625 1115.5399169921875
v 2715.040771484375 1951.1392822265625 1144.8741455078125
v 2684.95556640625 1951.1392822265625 1019.5599975585938
v 1401.9600830078125 1935.46923828125 1629.2835693359375
v 1429.1446533203125 1935.46923828125 1742.5152587890625
v 1337.9013671875 1935.46923828125 1764.4208984375
v 1310.716796875 1935.46923828125 1651.189208984375
v 1401.9600830078125 1969.1298828125 1629.2835693359375
v 1429.1446533203125 1969.1298828125 1742.5152587890625
v 1337.9013671875 1969.1298828125 1764.4208984375
v 1310.716796875 1969.1298828125 1651.189208984375
v 1448.9949951171875 1881.701904296875 1587.7979736328125
v 1490.8583984375 1881.701904296875 1762.1712646484375
v 1350.3433837890625 1881.701904296875 1795.9058837890625
v 1308.47998046875 1881.701904296875 1621.5325927734375
v 1448.9949951171875 1933.53955078125 1587.7979736328125
v 1490.8583984375 1933.53955078125 1762.1712646484375
v 1350.3433837890625 1933.53955078125 1795.9058837890625
v 1308.47998046875 1933.53955078125 1621.5325927734375
v 1229.0880126953125 1981.244873046875 1487.4261474609375
v 1251.554443359375 1981.244873046875 1581.00537109375
v 1160.3111572265625 1981.244873046875 1602.9110107421875
v 1137.8447265625 1981.244873046875 1509.331787109375
v 1229.0880126953125 2046.708251953125 1487.4261474609375
v 1251.554443359375 2046.708251953125 1581.00537109375
v 1160.3111572265625 2046.708251953125 1602.9110107421875
v 1137.8447265625 2046.708251953125 1509.331787109375
v 1257.506591796875 1880.6837158203125 1463.92822265625
v 1292.1048583984375 1880.6837158203125 1608.040283203125
v 1151.5897216796875 1880.6837158203125 1641.7750244140625
v 1116.991455078125 1880.6837158203125 1497.6629638671875
v 1257.506591796875 1981.4974365234375 1463.92822265625
v 1292.1048583984375 1981.4974365234375 1608.040283203125
v 1151.5897216796875 1981.4974365234375 1641.7750244140625
v 1116.991455078125 1981.4974365234375 1497.6629638671875
v 1569.088623046875 464.94873046875 1172.94580078125
v 1603.6868896484375 464.94873046875 1317.057861328125
v 1463.1717529296875 464.94873046875 1350.7926025390625
v 1428.573486328125 464.94873046875 1206.6805419921875
v 1569.088623046875 565.762451171875 1172.94580078125
v 1603.6868896484375 565.762451171875 1317.057861328125
v 1463.1717529296875 565.762451171875 1350.7926025390625
v 1428.573486328125 565.762451171875 1206.6805419921875
v 1511.60986328125 463.425048828125 442.75604248046875
v 1555.7529296875 463.425048828125 626.6251220703125
v 1365.87109375 463.425048828125 672.2117309570312
v 1321.72802734375 463.425048828125 488.3426513671875
v 1511.60986328125 565.832275390625 442.75604248046875
v 1555.7529296875 565.832275390625 626.6251220703125
v 1365.87109375 565.832275390625 672.2117309570312
v 1321.72802734375 565.832275390625 488.3426513671875
v 2261.266845703125 939.447265625 558.1989135742188
v 2281.428955078125 939.447265625 642.1798095703125
v 2197.4443359375 939.447265625 662.3427124023438
v 2177.2822265625 939.447265625 578.3618774414062
v 2261.266845703125 1049.4169921875 558.1989135742188
v 2281.428955078125 1049.4169921875 642.1798095703125
v 2197.4443359375 1049.4169921875 662.3427124023438
v 2177.2822265625 1049.4169921875 578.3618774414062
v 2363.532470703125 939.447265625 561.3121948242188
v 2383.694580078125 939.447265625 645.2930908203125
v 2299.7099609375 939.447265625 665.4559936523438
v 2279.5478515625 939.447265625 581.4751586914062
v 2363.532470703125 1049.4169921875 561.3121948242188
v 2383.694580078125 1049.4169921875 645.2930908203125
v 2299.7099609375 1049.4169921875 665.4559936523438
v 2279.5478515625 1049.4169921875 581.4751586914062
v 2314.063720703125 939.447265625 470.0231628417969
v 2334.225830078125 939.447265625 554.0040283203125
v 2250.2412109375 939.447265625 574.1669311523438
v 2230.0791015625 939.447265625 490.18609619140625
v 2314.063720703125 1049.4169921875 470.0231628417969
v 2334.225830078125 1049.4169921875 554.0040283203125
v 2250.2412109375 1049.4169921875 574.1669311523438
v 2230.0791015625 1049.4169921875 490.18609619140625
v 1858.35400390625 939.038818359375 539.6486206054688
v 1902.4970703125 939.038818359375 723.5177001953125
v 1712.615234375 939.038818359375 769.1043090820312
v 1668.47216796875 939.038818359375 585.2352294921875
v 1858.35400390625 1041.446044921875 539.6486206054688
v 1902.4970703125 1041.446044921875 723.5177001953125
v 1712.615234375 1041.446044921875 769.1043090820312
v 1668.47216796875 1041.446044921875 585.2352294921875
v 1527.7391357421875 940.114501953125 1932.6241455078125
v 1569.6025390625 940.114501953125 2106.997314453125
v 1429.0875244140625 940.114501953125 2140.732177734375
v 1387.22412109375 940.114501953125 1966.3587646484375
v 1527.7391357421875 991.9521484375 1932.6241455078125
v 1569.6025390625 991.9521484375 2106.997314453125
v 1429.0875244140625 991.9521484375 2140.732177734375
v 1387.22412109375 991.9521484375 1966.3587646484375
v 2652.607666015625 464.767578125 538.1755981445312
v 2722.68212890625 464.767578125 609.48388671875
v 2600.53173828125 464.767578125 729.5208129882812
v 2530.457275390625 464.767578125 658.2124633789062
v 2652.607666015625 492.861328125 538.1755981445312
v 2722.68212890625 492.861328125 609.48388671875
v 2600.53173828125 492.861328125 729.5208129882812
v 2530.457275390625 492.861328125 658.2124633789062
v 2652.607666015625 503.35546875 538.1755981445312
v 2722.68212890625 503.35546875 609.48388671875
v 2600.53173828125 503.35546875 729.5208129882812
v 2530.457275390625 503.35546875 658.2124633789062
v 2652.607666015625 531.44921875 538.1755981445312
v 2722.68212890625 531.44921875 609.48388671875
v 2600.53173828125 531.44921875 729.5208129882812
v 2530.457275390625 531.44921875 658.2124633789062
v 2652.607666015625 484.07421875 538.1755981445312
v 2722.68212890625 484.07421875 609.48388671875
v 2600.53173828125 484.07421875 729.5208129882812
v 2530.457275390625 484.07421875 658.2124633789062
v 2652.607666015625 512.16796875 538.1755981445312
v 2722.68212890625 512.16796875 609.48388671875
v 2600.53173828125 512.16796875 729.5208129882812
v 2530.457275390625 512.16796875 658.2124633789062
v 2948.361083984375 0.945556640625 1441.9407958984375
v 2940.6044921875 0.945556640625 1589.9447021484375
v 2796.294677734375 0.945556640625 1582.3817138671875
v 2804.05126953125 0.945556640625 1434.3778076171875
v 2948.361083984375 101.75927734375 1441.9407958984375
v 2940.6044921875 101.75927734375 1589.9447021484375
v 2796.294677734375 101.75927734375 1582.3817138671875
v 2804.05126953125 101.75927734375 1434.3778076171875
v 1283.53173828125 0.939208984375 1475.65283203125
v 1358.958251953125 0.939208984375 1545.9892578125
v 1289.415771484375 0.939208984375 1620.564453125
v 1213.9892578125 0.939208984375 1550.22802734375
v 1283.53173828125 60.85400390625 1475.65283203125
v 1358.958251953125 60.85400390625 1545.9892578125
v 1289.415771484375 60.85400390625 1620.564453125
v 1213.9892578125 60.85400390625 1550.22802734375
v 1228.56884765625 -0.578125 1278.459228515625
v 1272.7119140625 -0.578125 1462.3282470703125
v 1082.830078125 -0.578125 1507.914794921875
v 1038.68701171875 -0.578125 1324.0457763671875
v 1228.56884765625 101.8291015625 1278.459228515625
v 1272.7119140625 101.8291015625 1462.3282470703125
v 1082.830078125 101.8291015625 1507.914794921875
v 1038.68701171875 101.8291015625 1324.0457763671875
v 1299.555419921875 -12.9716796875 978.3422241210938
v 1263.292236328125 -12.9716796875 1156.581298828125
v 1100.0906982421875 -12.9716796875 1123.377685546875
v 1136.3538818359375 -12.9716796875 945.1385498046875
v 1299.555419921875 109.5185546875 978.3422241210938
v 1263.292236328125 109.5185546875 1156.581298828125
v 1100.0906982421875 109.5185546875 1123.377685546875
v 1136.3538818359375 109.5185546875 945.1385498046875
v -6891.67919921875 9.085205078125 16319.3251953125
v -7016.18212890625 9.085205078125 16475.845703125
v -7165.04248046875 9.085205078125 16357.4375
v -7040.53955078125 9.085205078125 16200.916015625
v -6891.67919921875 75.92236328125 16319.3251953125
v -7016.18212890625 75.92236328125 16475.845703125
v -7165.04248046875 75.92236328125 16357.4375
v -7040.53955078125 75.92236328125 16200.916015625
v -6640.19873046875 8.58447265625 16299.599609375
v -6995.91455078125 8.58447265625 16746.796875
v -7434.77734375 8.58447265625 16397.708984375
v -7079.0615234375 8.58447265625 15950.5126953125
v -6640.19873046875 698.589111328125 16299.599609375
v -6995.91455078125 698.589111328125 16746.796875
v -7434.77734375 698.589111328125 16397.708984375
v -7079.0615234375 698.589111328125 15950.5126953125
v -3163.77685546875 9.085205078125 16392.35546875
v -3288.27978515625 9.085205078125 16548.876953125
v -3437.140380859375 9.085205078125 16430.46875
v -3312.637451171875 9.085205078125 16273.947265625
v -3163.77685546875 75.92236328125 16392.35546875
v -3288.27978515625 75.92236328125 16548.876953125
v -3437.140380859375 75.92236328125 16430.46875
v -3312.637451171875 75.92236328125 16273.947265625
v -2912.298095703125 8.58447265625 16372.630859375
v -3268.01416015625 8.58447265625 16819.828125
v -3706.876953125 8.58447265625 16470.740234375
v -3351.160888671875 8.58447265625 16023.5439453125
v -2912.298095703125 698.589111328125 16372.630859375
v -3268.01416015625 698.589111328125 16819.828125
v -3706.876953125 698.589111328125 16470.740234375
v -3351.160888671875 698.589111328125 16023.5439453125
v -4967.73681640625 9.285843849182129 15993.9912109375
v -4950.83837890625 9.285843849182129 16187.1396484375
v -4987.0302734375 9.28596019744873 16190.306640625
v -5003.9287109375 9.28596019744873 15997.1572265625
v -4967.734375 740.5827026367188 15993.9912109375
v -4950.83642578125 740.5827026367188 16187.1396484375
v -4987.02783203125 740.5828247070312 16190.3056640625
v -5003.92626953125 740.5828247070312 15997.1572265625
v -3670.87939453125 4.26904296875 16113.4111328125
v -3669.55517578125 4.26904296875 16151.333984375
v -3714.558837890625 4.26904296875 16152.9052734375
v -3715.88330078125 4.26904296875 16114.9833984375
v -3670.87939453125 298.56689453125 16113.4111328125
v -3669.55517578125 298.56689453125 16151.333984375
v -3714.558837890625 298.56689453125 16152.9052734375
v -3715.88330078125 298.56689453125 16114.9833984375
v -12222.982421875 4.26904296875 16162.8125
v -12219.345703125 4.26904296875 16125.0419921875
v -12174.521484375 4.26904296875 16129.3583984375
v -12178.158203125 4.26904296875 16167.12890625
v -12222.982421875 298.56689453125 16162.8125
v -12219.345703125 298.56689453125 16125.0419921875
v -12174.521484375 298.56689453125 16129.3583984375
v -12178.158203125 298.56689453125 16167.12890625
v -7796.40234375 10.458251953125 16481.896484375
v -7780.8779296875 10.458251953125 16599.81640625
v -7985.5263671875 10.458251953125 16626.7578125
v -8001.05078125 10.458251953125 16508.837890625
v -7796.40234375 166.00439453125 16481.896484375
v -7780.8779296875 166.00439453125 16599.81640625
v -7985.5263671875 166.00439453125 16626.7578125
v -8001.05078125 166.00439453125 16508.837890625
v -11306.8037109375 30.205810546875 16230.916015625
v -11306.8037109375 30.205810546875 16230.916015625
v -11305.6318359375 30.205810546875 16298.04296875
v -11305.6318359375 30.205810546875 16298.04296875
v -11306.8037109375 221.483154296875 16230.916015625
v -11306.8037109375 221.483154296875 16230.916015625
v -11305.6318359375 221.483154296875 16298.04296875
v -11305.6318359375 221.483154296875 16298.04296875
v -11336.6376953125 9.75537109375 16185.875
v -10958.6943359375 9.75537109375 16179.2783203125
v -10955.94921875 9.75537109375 16336.5546875
v -11333.8916015625 9.75537109375 16343.15234375
v -11336.6376953125 280.16748046875 16185.875
v -10958.6943359375 280.16748046875 16179.2783203125
v -10955.94921875 280.16748046875 16336.5546875
v -11333.8916015625 280.16748046875 16343.15234375
v -10986.3125 30.205810546875 16225.322265625
v -10986.3125 30.205810546875 16225.322265625
v -10985.1416015625 30.205810546875 16292.4482421875
v -10985.1416015625 30.205810546875 16292.4482421875
v -10986.3125 221.483154296875 16225.322265625
v -10986.3125 221.483154296875 16225.322265625
v -10985.1416015625 221.483154296875 16292.4482421875
v -10985.1416015625 221.483154296875 16292.4482421875
v -11271.953125 30.205810546875 16325.912109375
v -11017.6591796875 30.205810546875 16321.4736328125
v -11017.6591796875 30.205810546875 16321.4736328125
v -11271.953125 30.205810546875 16325.912109375
v -11271.953125 221.483154296875 16325.912109375
v -11017.6591796875 221.483154296875 16321.4736328125
v -11017.6591796875 221.483154296875 16321.4736328125
v -11271.953125 221.483154296875 16325.912109375
v -10114.400390625 9.285843849182129 16010.1201171875
v -10097.501953125 9.285843849182129 16203.2685546875
v -10133.693359375 9.28596019744873 16206.435546875
v -10150.591796875 9.28596019744873 16013.2861328125
v -10114.3974609375 740.5827026367188 16010.1201171875
v -10097.4990234375 740.5827026367188 16203.2685546875
v -10133.69140625 740.5828247070312 16206.4345703125
v -10150.58984375 740.5828247070312 16013.2861328125
v 9888.6298828125 1067.3973388671875 6112.52685546875
v 9107.38671875 1067.3973388671875 5939.3291015625
v 9280.70703125 1067.3973388671875 5157.53369140625
v 10061.94921875 1067.3973388671875 5330.73095703125
v 9888.6298828125 1787.41845703125 6112.52685546875
v 9107.38671875 1787.41845703125 5939.3291015625
v 9280.70703125 1787.41845703125 5157.53369140625
v 10061.94921875 1787.41845703125 5330.73095703125
v 9282.669921875 8.171142578125 6802.9794921875
v 9289.1630859375 8.171142578125 6773.69091796875
v 9318.6640625 8.171142578125 6780.23095703125
v 9312.1708984375 8.171142578125 6809.51953125
v 9282.669921875 318.171142578125 6802.9794921875
v 9289.1630859375 318.171142578125 6773.69091796875
v 9318.6640625 318.171142578125 6780.23095703125
v 9312.1708984375 318.171142578125 6809.51953125
v 8524.919921875 8.171142578125 6634.9912109375
v 8531.4130859375 8.171142578125 6605.70263671875
v 8560.9140625 8.171142578125 6612.24267578125
v 8554.4208984375 8.171142578125 6641.53125
v 8524.919921875 318.171142578125 6634.9912109375
v 8531.4130859375 318.171142578125 6605.70263671875
v 8560.9140625 318.171142578125 6612.24267578125
v 8554.4208984375 318.171142578125 6641.53125
v 8070.2822265625 8.171142578125 4909.5302734375
v 8099.5712890625 8.171142578125 4916.0234375
v 8093.03125 8.171142578125 4945.52392578125
v 8063.7421875 8.171142578125 4939.03076171875
v 8070.2822265625 318.171142578125 4909.5302734375
v 8099.5712890625 318.171142578125 4916.0234375
v 8093.03125 318.171142578125 4945.52392578125
v 8063.7421875 318.171142578125 4939.03076171875
v 7900.52978515625 8.171142578125 5653.7509765625
v 7907.0234375 8.171142578125 5624.46240234375
v 7936.52392578125 8.171142578125 5631.00244140625
v 7930.03076171875 8.171142578125 5660.291015625
v 7900.52978515625 318.171142578125 5653.7509765625
v 7907.0234375 318.171142578125 5624.46240234375
v 7936.52392578125 318.171142578125 5631.00244140625
v 7930.03076171875 318.171142578125 5660.291015625
v 9809.197265625 8.171142578125 4446.31689453125
v 9802.9599609375 8.171142578125 4475.66162109375
v 9773.404296875 8.171142578125 4469.37890625
v 9779.6416015625 8.171142578125 4440.03466796875
v 9809.197265625 318.171142578125 4446.31689453125
v 9802.9599609375 318.171142578125 4475.66162109375
v 9773.404296875 318.171142578125 4469.37890625
v 9779.6416015625 318.171142578125 4440.03466796875
v 10590.982421875 8.171142578125 4619.63330078125
v 10584.7451171875 8.171142578125 4648.97802734375
v 10555.189453125 8.171142578125 4642.6953125
v 10561.4267578125 8.171142578125 4613.35107421875
v 10590.982421875 318.171142578125 4619.63330078125
v 10584.7451171875 318.171142578125 4648.97802734375
v 10555.189453125 318.171142578125 4642.6953125
v 10561.4267578125 318.171142578125 4613.35107421875
v 7731.37841796875 1067.3973388671875 6450.76611328125
v 7904.57568359375 1067.3973388671875 5669.5234375
v 8686.37109375 1067.3973388671875 5842.84326171875
v 8513.173828125 1067.3973388671875 6624.0859375
v 7731.37841796875 1787.41845703125 6450.76611328125
v 7904.57568359375 1787.41845703125 5669.5234375
v 8686.37109375 1787.41845703125 5842.84326171875
v 8513.173828125 1787.41845703125 6624.0859375
v 10048.3115234375 933.990966796875 7054.630859375
v 8486.23828125 933.990966796875 6708.32763671875
v 8539.1591796875 933.990966796875 6469.6181640625
v 10101.232421875 933.990966796875 6815.921875
v 10048.3115234375 1076.236572265625 7054.630859375
v 8486.23828125 1076.236572265625 6708.32763671875
v 8539.1591796875 1076.236572265625 6469.6181640625
v 10101.232421875 1076.236572265625 6815.921875
v 11193.7880859375 8.171142578125 5559.77978515625
v 11186.7841796875 8.171142578125 5588.951171875
v 11169.087890625 8.171142578125 5584.70263671875
v 11176.091796875 8.171142578125 5555.53125
v 11193.7880859375 318.171142578125 5559.77978515625
v 11186.7841796875 318.171142578125 5588.951171875
v 11169.087890625 318.171142578125 5584.70263671875
v 11176.091796875 318.171142578125 5555.53125
v 9049.1962890625 933.990966796875 4174.8203125
v 10611.26953125 933.990966796875 4521.1240234375
v 10558.3486328125 933.990966796875 4759.8330078125
v 8996.275390625 933.990966796875 4413.52978515625
v 9049.1962890625 1076.236572265625 4174.8203125
v 10611.26953125 1076.236572265625 4521.1240234375
v 10558.3486328125 1076.236572265625 4759.8330078125
v 8996.275390625 1076.236572265625 4413.52978515625
v 8250.7919921875 1067.3973388671875 4106.45556640625
v 9032.03515625 1067.3973388671875 4279.6533203125
v 8858.71484375 1067.3973388671875 5061.44873046875
v 8077.47216796875 1067.3973388671875 4888.25146484375
v 8250.7919921875 1787.41845703125 4106.45556640625
v 9032.03515625 1787.41845703125 4279.6533203125
v 8858.71484375 1787.41845703125 5061.44873046875
v 8077.47216796875 1787.41845703125 4888.25146484375
v 11366.90234375 1067.3973388671875 4796.42138671875
v 11193.7060546875 1067.3973388671875 5577.6640625
v 10411.91015625 1067.3973388671875 5404.34423828125
v 10585.107421875 1067.3973388671875 4623.1015625
v 11366.90234375 1787.41845703125 4796.42138671875
v 11193.7060546875 1787.41845703125 5577.6640625
v 10411.91015625 1787.41845703125 5404.34423828125
v 10585.107421875 1787.41845703125 4623.1015625
v 9025.400390625 453.29364013671875 4277.9580078125
v 10587.4892578125 453.29364013671875 4624.2646484375
v 10587.4892578125 453.29364013671875 4624.2646484375
v 9025.400390625 453.29364013671875 4277.9580078125
v 9025.400390625 953.34375 4277.9580078125
v 10587.4892578125 953.34375 4624.2646484375
v 10587.4892578125 953.34375 4624.2646484375
v 9025.400390625 953.34375 4277.9580078125
v 10066.763671875 453.29364013671875 6973.1328125
v 8504.6748046875 453.29364013671875 6626.826171875
v 8504.6748046875 453.29364013671875 6626.826171875
v 10066.763671875 453.29364013671875 6973.1328125
v 10066.763671875 953.34375 6973.1328125
v 8504.6748046875 953.34375 6626.826171875
v 8504.6748046875 953.34375 6626.826171875
v 10066.763671875 953.34375 6973.1328125
v 11369.72265625 8.171142578125 4792.27783203125
v 11363.4853515625 8.171142578125 4821.62255859375
v 11333.9296875 8.171142578125 4815.33984375
v 11340.1669921875 8.171142578125 4785.99560546875
v 11369.72265625 318.171142578125 4792.27783203125
v 11363.4853515625 318.171142578125 4821.62255859375
v 11333.9296875 318.171142578125 4815.33984375
v 11340.1669921875 318.171142578125 4785.99560546875
v 8248.8291015625 8.171142578125 4104.15673828125
v 8278.1181640625 8.171142578125 4110.64990234375
v 8271.578125 8.171142578125 4140.150390625
v 8242.2890625 8.171142578125 4133.6572265625
v 8248.8291015625 318.171142578125 4104.15673828125
v 8278.1181640625 318.171142578125 4110.64990234375
v 8271.578125 318.171142578125 4140.150390625
v 8242.2890625 318.171142578125 4133.6572265625
v 10092.6005859375 8.171142578125 6972.896484375
v 10063.2568359375 8.171142578125 6966.6591796875
v 10067.0400390625 8.171142578125 6948.85791015625
v 10096.384765625 8.171142578125 6955.09521484375
v 10092.6005859375 318.171142578125 6972.896484375
v 10063.2568359375 318.171142578125 6966.6591796875
v 10067.0400390625 318.171142578125 6948.85791015625
v 10096.384765625 318.171142578125 6955.09521484375
v 8998.7138671875 8.171142578125 4265.78271484375
v 9028.2119140625 8.171142578125 4271.24951171875
v 9024.8955078125 8.171142578125 4289.14404296875
v 8995.3974609375 8.171142578125 4283.67724609375
v 8998.7138671875 318.171142578125 4265.78271484375
v 9028.2119140625 318.171142578125 4271.24951171875
v 9024.8955078125 318.171142578125 4289.14404296875
v 8995.3974609375 318.171142578125 4283.67724609375
v 10834.765625 8.171142578125 7137.0263671875
v 10805.7216796875 8.171142578125 7129.51513671875
v 10813.287109375 8.171142578125 7100.2607421875
v 10842.33203125 8.171142578125 7107.77197265625
v 10834.765625 318.171142578125 7137.0263671875
v 10805.7216796875 318.171142578125 7129.51513671875
v 10813.287109375 318.171142578125 7100.2607421875
v 10842.33203125 318.171142578125 7107.77197265625
v 11355.888671875 8.170328140258789 4792.85595703125
v 11182.7373046875 8.17035961151123 5573.89306640625
v 11153.4482421875 8.170361518859863 5567.39990234375
v 11326.599609375 8.170330047607422 4786.36279296875
v 11355.888671875 308.2418518066406 4792.85595703125
v 11182.7373046875 308.24188232421875 5573.89306640625
v 11153.4482421875 308.24188232421875 5567.39990234375
v 11326.599609375 308.2418518066406 4786.36279296875
v 11177.6806640625 8.170232772827148 5571.55322265625
v 11004.529296875 8.170273780822754 6352.59033203125
v 10906.5791015625 8.170275688171387 6330.875
v 11079.7314453125 8.170234680175781 5549.83837890625
v 11177.6806640625 308.17022705078125 5571.55322265625
v 11004.529296875 308.1702880859375 6352.59033203125
v 10906.5791015625 308.1702880859375 6330.875
v 11079.7314453125 308.17022705078125 5549.83837890625
v 11003.5185546875 8.17047119140625 6341.46923828125
v 10830.3671875 8.170355796813965 7122.505859375
v 10801.328125 8.170357704162598 7116.06787109375
v 10974.4794921875 8.170473098754883 6335.03125
v 11003.5185546875 308.18829345703125 6341.46923828125
v 10830.3671875 308.18817138671875 7122.505859375
v 10801.328125 308.18817138671875 7116.06787109375
v 10974.4794921875 308.18829345703125 6335.03125
v 10831.7333984375 8.170267105102539 7124.24462890625
v 10050.6943359375 8.170249938964844 6951.0927734375
v 10072.4091796875 8.170269966125488 6853.142578125
v 10853.4482421875 8.1702880859375 7026.294921875
v 10831.7333984375 308.1702575683594 7124.24462890625
v 10050.6943359375 308.1702575683594 6951.0927734375
v 10072.4091796875 308.1702575683594 6853.14306640625
v 10853.4482421875 308.1702880859375 7026.294921875
v 10075.6279296875 8.170496940612793 6962.3466796875
v 9294.5908203125 8.17050838470459 6789.19482421875
v 9445.5703125 8.170762062072754 6108.17138671875
v 10226.607421875 8.17074966430664 6281.3232421875
v 10075.6279296875 308.1705017089844 6962.3466796875
v 9294.5908203125 308.1705017089844 6789.19482421875
v 9445.5703125 308.1707763671875 6108.17138671875
v 10226.607421875 308.1707458496094 6281.3232421875
v 8540.572265625 8.170642852783203 6622.125
v 7759.53564453125 8.17065143585205 6448.9736328125
v 7765.97314453125 8.170645713806152 6419.9345703125
v 8547.009765625 8.170638084411621 6593.0859375
v 8540.572265625 308.1884765625 6622.125
v 7759.53564453125 308.1884765625 6448.9736328125
v 7765.97314453125 308.1884765625 6419.9345703125
v 8547.009765625 308.1884460449219 6593.0859375
v 9011.0693359375 8.170461654663086 4275.95166015625
v 9792.1064453125 8.170461654663086 4449.103515625
v 9641.0791015625 8.170565605163574 5130.3427734375
v 8860.0419921875 8.170565605163574 4957.19091796875
v 9011.0693359375 308.17047119140625 4275.95166015625
v 9792.1064453125 308.17047119140625 4449.103515625
v 9641.0791015625 308.1705627441406 5130.3427734375
v 8860.04296875 308.1705627441406 4957.19091796875
v 8079.3271484375 8.170520782470703 4913.40478515625
v 8252.478515625 8.170559883117676 4132.3681640625
v 8281.517578125 8.17055892944336 4138.80615234375
v 8108.3662109375 8.170519828796387 4919.8427734375
v 8079.3271484375 308.1883544921875 4913.40478515625
v 8252.478515625 308.1883850097656 4132.3681640625
v 8281.5185546875 308.1883850097656 4138.80615234375
v 8108.3662109375 308.1883544921875 4919.8427734375
v 7742.15576171875 8.170480728149414 6432.35595703125
v 7915.3076171875 8.170522689819336 5651.3193359375
v 8013.25732421875 8.170537948608398 5673.0341796875
v 7840.10546875 8.170496940612793 6454.07080078125
v 7742.1552734375 308.17047119140625 6432.35595703125
v 7915.30712890625 308.1705322265625 5651.3193359375
v 8013.25732421875 308.1705322265625 5673.0341796875
v 7840.10546875 308.1705017089844 6454.07080078125
v 8260.6416015625 8.17045783996582 4113.2333984375
v 9041.6806640625 8.17045783996582 4286.3857421875
v 9019.96484375 8.1704740524292 4384.3359375
v 8238.9267578125 8.1704740524292 4211.18359375
v 8260.6416015625 308.17047119140625 4113.2333984375
v 9041.6806640625 308.17047119140625 4286.3857421875
v 9019.96484375 308.17047119140625 4384.33544921875
v 8238.9267578125 308.17047119140625 4211.18359375
v 10569.5712890625 8.17045783996582 4625.29150390625
v 11350.6083984375 8.17045783996582 4798.443359375
v 11344.115234375 8.170462608337402 4827.73193359375
v 10563.078125 8.170462608337402 4654.580078125
v 10569.5712890625 308.24200439453125 4625.29150390625
v 11350.6083984375 308.24200439453125 4798.443359375
v 11344.115234375 308.24200439453125 4827.73193359375
v 10563.078125 308.24200439453125 4654.580078125
v 11019.2548828125 8.171142578125 6336.34228515625
v 11012.2509765625 8.171142578125 6365.513671875
v 10994.5546875 8.171142578125 6361.26513671875
v 11001.55859375 8.171142578125 6332.09375
v 11019.2548828125 318.171142578125 6336.34228515625
v 11012.2509765625 318.171142578125 6365.513671875
v 10994.5546875 318.171142578125 6361.26513671875
v 11001.55859375 318.171142578125 6332.09375
v 7728.83056640625 8.171142578125 6458.5029296875
v 7735.32421875 8.171142578125 6429.21435546875
v 7764.82470703125 8.171142578125 6435.75439453125
v 7758.33154296875 8.171142578125 6465.04296875
v 7728.83056640625 318.171142578125 6458.5029296875
v 7735.32421875 318.171142578125 6429.21435546875
v 7764.82470703125 318.171142578125 6435.75439453125
v 7758.33154296875 318.171142578125 6465.04296875
v 10847.4873046875 1067.3973388671875 7140.72998046875
v 10066.244140625 1067.3973388671875 6967.5322265625
v 10239.564453125 1067.3973388671875 6185.73681640625
v 11020.806640625 1067.3973388671875 6358.93408203125
v 10847.4873046875 1787.41845703125 7140.72998046875
v 10066.244140625 1787.41845703125 6967.5322265625
v 10239.564453125 1787.41845703125 6185.73681640625
v 11020.806640625 1787.41845703125 6358.93408203125
v 11061.501953125 8.171142578125 -5048.97265625
v 11061.501953125 8.171142578125 -5018.97265625
v 11031.28515625 8.171142578125 -5018.97265625
v 11031.28515625 8.171142578125 -5048.97265625
v 11061.501953125 318.171142578125 -5048.97265625
v 11061.501953125 318.171142578125 -5018.97265625
v 11031.28515625 318.171142578125 -5018.97265625
v 11031.28515625 318.171142578125 -5048.97265625
v 11061.501953125 8.171142578125 -5573.52734375
v 11061.501953125 8.171142578125 -5543.52734375
v 11031.28515625 8.171142578125 -5543.52734375
v 11031.28515625 8.171142578125 -5573.52734375
v 11061.501953125 318.171142578125 -5573.52734375
v 11061.501953125 318.171142578125 -5543.52734375
v 11031.28515625 318.171142578125 -5543.52734375
v 11031.28515625 318.171142578125 -5573.52734375
v 11050.05859375 8.170278549194336 -6359.556640625
v 11050.05859375 8.170266151428223 -5559.556640625
v 11020.314453125 8.170268058776855 -5559.556640625
v 11020.314453125 8.170280456542969 -6359.556640625
v 11050.05859375 308.1881103515625 -6359.556640625
v 11050.05859375 308.1880798339844 -5559.556640625
v 11020.314453125 308.1880798339844 -5559.556640625
v 11020.314453125 308.1881103515625 -6359.556640625
v 11155.2421875 373.5718688964844 -5298.15625
v 11050.1640625 373.5718688964844 -5298.15625
v 11050.1640625 373.5719299316406 -6365.5234375
v 11155.2421875 373.5719299316406 -6365.5234375
v 11155.2421875 1250.5367431640625 -5298.15625
v 11050.1640625 1250.5367431640625 -5298.15625
v 11050.1640625 1250.5367431640625 -6365.5234375
v 11155.2421875 1250.5367431640625 -6365.5234375
v 11047.982421875 8.170034408569336 -4237.357421875
v 10247.982421875 8.170038223266602 -4237.357421875
v 10247.982421875 8.170038223266602 -4337.685546875
v 11047.982421875 8.170034408569336 -4337.685546875
v 11047.982421875 308.1700439453125 -4237.35693359375
v 10247.982421875 308.1700439453125 -4237.357421875
v 10247.982421875 308.1700439453125 -4337.685546875
v 11047.982421875 308.1700439453125 -4337.68505859375
v 7432.77880859375 373.57196044921875 -6366.02978515625
v 7537.85302734375 373.57196044921875 -6366.94677734375
v 7547.16748046875 373.5721740722656 -5299.62060546875
v 7442.09375 373.5721740722656 -5298.70361328125
v 7432.779296875 1250.536865234375 -6366.0302734375
v 7537.85302734375 1250.536865234375 -6366.947265625
v 7547.16748046875 1250.5369873046875 -5299.62060546875
v 7442.09375 1250.5369873046875 -5298.70361328125
v 11155.3125 373.5718688964844 -4231.85546875
v 11050.234375 373.5718688964844 -4231.85546875
v 11050.234375 373.5719299316406 -5299.22265625
v 11155.3125 373.5719299316406 -5299.22265625
v 11155.3125 1250.5367431640625 -4231.85546875
v 11050.234375 1250.5367431640625 -4231.85546875
v 11050.234375 1250.5367431640625 -5299.22265625
v 11155.3125 1250.5367431640625 -5299.22265625
v 7491.6162109375 373.57177734375 -6468.22216796875
v 9291.3388671875 373.57183837890625 -6468.22265625
v 9291.3388671875 373.5718078613281 -6362.890625
v 7491.6162109375 373.57177734375 -6362.89013671875
v 7491.6162109375 1250.537109375 -6468.22216796875
v 9291.3388671875 1250.537109375 -6468.22265625
v 9291.3388671875 1250.537109375 -6362.890625
v 7491.6162109375 1250.537109375 -6362.89013671875
v 9291.0732421875 373.57177734375 -6468.40576171875
v 11090.7958984375 373.57183837890625 -6468.40625
v 11090.7958984375 373.5718078613281 -6363.07421875
v 9291.0732421875 373.57177734375 -6363.07373046875
v 9291.0732421875 1250.537109375 -6468.40576171875
v 11090.7958984375 1250.537109375 -6468.40625
v 11090.7958984375 1250.537109375 -6363.07421875
v 9291.0732421875 1250.537109375 -6363.07373046875
v 11051.6669921875 8.170273780822754 -5042.9423828125
v 11051.6669921875 8.170275688171387 -4242.9404296875
v 10951.3388671875 8.170293807983398 -4242.9404296875
v 10951.3388671875 8.170291900634766 -5042.9423828125
v 11051.6669921875 308.1702880859375 -5042.9423828125
v 11051.6669921875 308.1702880859375 -4242.9404296875
v 10951.3388671875 308.1702880859375 -4242.9404296875
v 10951.3388671875 308.1702880859375 -5042.9423828125
v 11064.876953125 8.171142578125 -4222.8408203125
v 11034.876953125 8.171142578125 -4222.8408203125
v 11034.876953125 8.171142578125 -4253.0576171875
v 11064.876953125 8.171142578125 -4253.0576171875
v 11064.876953125 318.171142578125 -4222.8408203125
v 11034.876953125 318.171142578125 -4222.8408203125
v 11034.876953125 318.171142578125 -4253.0576171875
v 11064.876953125 318.171142578125 -4253.0576171875
v 11100.7421875 373.5720520019531 -4132.74951171875
v 9301.01953125 373.57208251953125 -4132.74951171875
v 9301.01953125 373.57208251953125 -4238.08154296875
v 11100.7421875 373.5720520019531 -4238.08154296875
v 11100.7421875 1250.537353515625 -4132.74951171875
v 9301.01953125 1250.537353515625 -4132.74951171875
v 9301.01953125 1250.537353515625 -4238.08154296875
v 11100.7421875 1250.537353515625 -4238.08154296875
v 11067.5439453125 8.171142578125 -6372.70068359375
v 11067.0205078125 8.171142578125 -6342.70556640625
v 11036.80859375 8.171142578125 -6343.23291015625
v 11037.33203125 8.171142578125 -6373.22802734375
v 11067.5439453125 318.171142578125 -6372.70068359375
v 11067.0205078125 318.171142578125 -6342.70556640625
v 11036.80859375 318.171142578125 -6343.23291015625
v 11037.33203125 318.171142578125 -6373.22802734375
v 10246.9599609375 8.170186042785645 -6362.251953125
v 11046.9599609375 8.170186996459961 -6362.251953125
v 11046.9599609375 8.170181274414062 -6261.923828125
v 10246.9599609375 8.170180320739746 -6261.923828125
v 10246.9599609375 308.1701965332031 -6362.251953125
v 11046.9599609375 308.1701965332031 -6362.251953125
v 11046.9599609375 308.170166015625 -6261.923828125
v 10246.9599609375 308.170166015625 -6261.923828125
v 9300.7578125 373.5720520019531 -4132.74951171875
v 7501.03564453125 373.57208251953125 -4132.74951171875
v 7501.03564453125 373.57208251953125 -4238.08154296875
v 9300.7578125 373.5720520019531 -4238.08154296875
v 9300.7578125 1250.537353515625 -4132.74951171875
v 7501.03564453125 1250.537353515625 -4132.74951171875
v 7501.03564453125 1250.537353515625 -4238.08154296875
v 9300.7578125 1250.537353515625 -4238.08154296875
v 8359.7109375 8.170282363891602 -4238.63916015625
v 7559.708984375 8.17028522491455 -4238.63916015625
v 7559.708984375 8.17028522491455 -4338.96728515625
v 8359.7109375 8.170282363891602 -4338.96728515625
v 8359.7109375 308.1702880859375 -4238.63916015625
v 7559.708984375 308.1702880859375 -4238.63916015625
v 7559.708984375 308.1702880859375 -4338.96728515625
v 8359.7109375 308.1702880859375 -4338.96728515625
v 10024.125 1239.45068359375 -4676.87841796875
v 10024.125 1239.45068359375 -4832.14794921875
v 10729.794921875 1239.4508056640625 -4832.14794921875
v 10729.794921875 1239.4508056640625 -4676.87841796875
v 10024.125 1480.076171875 -4676.87841796875
v 10024.125 1480.076171875 -4832.14794921875
v 10729.794921875 1480.0762939453125 -4832.14794921875
v 10729.794921875 1480.0762939453125 -4676.87841796875
v 9712.9140625 1239.45068359375 -5741.5712890625
v 9712.9140625 1239.45068359375 -4730.5908203125
v 9590.328125 1239.45068359375 -4730.5908203125
v 9590.328125 1239.45068359375 -5741.5712890625
v 9712.9140625 1480.076171875 -5741.5712890625
v 9712.9140625 1480.076171875 -4730.5908203125
v 9590.328125 1480.076171875 -4730.5908203125
v 9590.328125 1480.076171875 -5741.5712890625
v 9975.1259765625 1239.450439453125 -4726.78125
v 9975.1259765625 1239.4505615234375 -5737.76171875
v 10097.7119140625 1239.4505615234375 -5737.76171875
v 10097.7119140625 1239.4505615234375 -4726.78125
v 9975.1259765625 1480.075927734375 -4726.78125
v 9975.1259765625 1480.0760498046875 -5737.76171875
v 10097.7119140625 1480.0760498046875 -5737.76171875
v 10097.7119140625 1480.0760498046875 -4726.78125
v 8908.0224609375 1239.450439453125 -4734.5625
v 8908.0224609375 1239.4505615234375 -5745.54296875
v 9030.6083984375 1239.4505615234375 -5745.54296875
v 9030.6083984375 1239.4505615234375 -4734.5625
v 8908.0224609375 1480.075927734375 -4734.5625
v 8908.0224609375 1480.0760498046875 -5745.54296875
v 9030.6083984375 1480.0760498046875 -5745.54296875
v 9030.6083984375 1480.0760498046875 -4734.5625
v 10780.01953125 1239.45068359375 -5733.7900390625
v 10780.01953125 1239.45068359375 -4722.8095703125
v 10657.43359375 1239.45068359375 -4722.8095703125
v 10657.43359375 1239.45068359375 -5733.7900390625
v 10780.01953125 1480.076171875 -5733.7900390625
v 10780.01953125 1480.076171875 -4722.8095703125
v 10657.43359375 1480.076171875 -4722.8095703125
v 10657.43359375 1480.076171875 -5733.7900390625
v 8635.12890625 1239.4508056640625 -5755.1416015625
v 8635.12890625 1239.4508056640625 -4744.1611328125
v 8512.54296875 1239.4508056640625 -4744.1611328125
v 8512.54296875 1239.4508056640625 -5755.1416015625
v 8635.12890625 1480.0762939453125 -5755.1416015625
v 8635.12890625 1480.0762939453125 -4744.1611328125
v 8512.54296875 1480.0762939453125 -4744.1611328125
v 8512.54296875 1480.0762939453125 -5755.1416015625
v 7442.14990234375 373.57196044921875 -5299.77197265625
v 7547.22412109375 373.57196044921875 -5300.68896484375
v 7556.53857421875 373.5721740722656 -4233.36279296875
v 7451.46484375 373.5721740722656 -4232.44580078125
v 7442.150390625 1250.536865234375 -5299.7724609375
v 7547.22412109375 1250.536865234375 -5300.689453125
v 7556.53857421875 1250.5369873046875 -4233.36279296875
v 7451.46484375 1250.5369873046875 -4232.44580078125
v 10731.0185546875 1239.4508056640625 -5783.69287109375
v 10731.0185546875 1239.4508056640625 -5628.42333984375
v 10025.3486328125 1239.4508056640625 -5628.42333984375
v 10025.3486328125 1239.4508056640625 -5783.69287109375
v 10731.0185546875 1480.0762939453125 -5783.69287109375
v 10731.0185546875 1480.0762939453125 -5628.42333984375
v 10025.3486328125 1480.0762939453125 -5628.42333984375
v 10025.3486328125 1480.0762939453125 -5783.69287109375
v 8586.794921875 1239.45068359375 -5805.53759765625
v 8586.794921875 1239.45068359375 -5650.26806640625
v 7881.12451171875 1239.4505615234375 -5650.26806640625
v 7881.12451171875 1239.45068359375 -5805.53759765625
v 8586.794921875 1480.076171875 -5805.53759765625
v 8586.794921875 1480.076171875 -5650.26806640625
v 7881.12451171875 1480.0760498046875 -5650.26806640625
v 7881.12451171875 1480.076171875 -5805.53759765625
v 7543.5576171875 8.169942855834961 -6362.435546875
v 8343.5595703125 8.169942855834961 -6362.435546875
v 8343.5595703125 8.169937133789062 -6262.107421875
v 7543.5576171875 8.169937133789062 -6262.107421875
v 7543.5576171875 308.1699523925781 -6362.435546875
v 8343.5595703125 308.1699523925781 -6362.435546875
v 8343.5595703125 308.169921875 -6262.107421875
v 7543.5576171875 308.169921875 -6262.107421875
v 9164.07421875 8.170476913452148 -4238.75830078125
v 8364.07421875 8.17048168182373 -4238.75830078125
v 8364.07421875 8.170488357543945 -4268.50244140625
v 9164.07421875 8.170483589172363 -4268.50244140625
v 9164.07421875 308.18829345703125 -4238.75830078125
v 8364.07421875 308.18829345703125 -4238.75830078125
v 8364.07421875 308.1883239746094 -4268.50244140625
v 9164.07421875 308.18829345703125 -4268.50244140625
v 7545.1640625 8.169981002807617 -5560.552734375
v 7538.18310546875 8.170196533203125 -6360.52197265625
v 7568.181640625 8.17020320892334 -6360.78369140625
v 7575.1630859375 8.169987678527832 -5560.814453125
v 7545.1640625 308.24151611328125 -5560.552734375
v 7538.1826171875 308.2417297363281 -6360.52197265625
v 7568.181640625 308.2417297363281 -6360.78369140625
v 7575.1630859375 308.24151611328125 -5560.814453125
v 9967.869140625 8.170268058776855 -4236.67626953125
v 9167.869140625 8.170270919799805 -4236.67626953125
v 9167.869140625 8.170270919799805 -4934.45556640625
v 9967.869140625 8.170268058776855 -4934.45556640625
v 9967.869140625 308.1702575683594 -4236.67626953125
v 9167.869140625 308.1702575683594 -4236.67626953125
v 9167.869140625 308.1702575683594 -4934.45556640625
v 9967.869140625 308.1702575683594 -4934.45556640625
v 7520.88525390625 9.085205078125 -5260.94189453125
v 7520.62353515625 9.085205078125 -5290.9404296875
v 7550.8388671875 9.085205078125 -5291.2041015625
v 7551.1005859375 9.085205078125 -5261.20556640625
v 7520.88525390625 319.085205078125 -5260.94189453125
v 7520.62353515625 319.085205078125 -5290.9404296875
v 7550.8388671875 319.085205078125 -5291.2041015625
v 7551.1005859375 319.085205078125 -5261.20556640625
v 7546.00390625 8.171142578125 -4228.00390625
v 7546.00390625 8.171142578125 -4258.00390625
v 7576.220703125 8.171142578125 -4258.00390625
v 7576.220703125 8.171142578125 -4228.00390625
v 7546.00390625 318.171142578125 -4228.00390625
v 7546.00390625 318.171142578125 -4258.00390625
v 7576.220703125 318.171142578125 -4258.00390625
v 7576.220703125 318.171142578125 -4228.00390625
v 9971.904296875 8.171142578125 -4227.8798828125
v 9941.904296875 8.171142578125 -4227.8798828125
v 9941.904296875 8.171142578125 -4258.0966796875
v 9971.904296875 8.171142578125 -4258.0966796875
v 9971.904296875 318.171142578125 -4227.8798828125
v 9941.904296875 318.171142578125 -4227.8798828125
v 9941.904296875 318.171142578125 -4258.0966796875
v 9971.904296875 318.171142578125 -4258.0966796875
v 7526.00732421875 8.171142578125 -6377.57177734375
v 7556.00634765625 8.171142578125 -6377.31005859375
v 7555.74267578125 8.171142578125 -6347.09423828125
v 7525.74365234375 8.171142578125 -6347.35595703125
v 7526.00732421875 318.171142578125 -6377.57177734375
v 7556.00634765625 318.171142578125 -6377.31005859375
v 7555.74267578125 318.171142578125 -6347.09423828125
v 7525.74365234375 318.171142578125 -6347.35595703125
v 9663.9130859375 1239.4508056640625 -5791.47412109375
v 9663.9130859375 1239.4508056640625 -5636.20458984375
v 8958.2431640625 1239.4508056640625 -5636.20458984375
v 8958.2431640625 1239.4508056640625 -5791.47412109375
v 9663.9130859375 1480.0762939453125 -5791.47412109375
v 9663.9130859375 1480.0762939453125 -5636.20458984375
v 8958.2431640625 1480.0762939453125 -5636.20458984375
v 8958.2431640625 1480.0762939453125 -5791.47412109375
v 7879.734375 1239.4508056640625 -4693.89501953125
v 7879.734375 1239.4508056640625 -4849.16455078125
v 8585.404296875 1239.45068359375 -4849.16455078125
v 8585.404296875 1239.4508056640625 -4693.89501953125
v 7879.734375 1480.0762939453125 -4693.89501953125
v 7879.734375 1480.0762939453125 -4849.16455078125
v 8585.404296875 1480.076171875 -4849.16455078125
v 8585.404296875 1480.0762939453125 -4693.89501953125
v 10274.30859375 8.171142578125 -4227.8798828125
v 10244.30859375 8.171142578125 -4227.8798828125
v 10244.30859375 8.171142578125 -4258.0966796875
v 10274.30859375 8.171142578125 -4258.0966796875
v 10274.30859375 318.171142578125 -4227.8798828125
v 10244.30859375 318.171142578125 -4227.8798828125
v 10244.30859375 318.171142578125 -4258.0966796875
v 10274.30859375 318.171142578125 -4258.0966796875
v 9973.23828125 8.171142578125 -6372.86328125
v 9973.23828125 8.171142578125 -6342.86328125
v 9943.021484375 8.171142578125 -6342.86328125
v 9943.021484375 8.171142578125 -6372.86328125
v 9973.23828125 318.171142578125 -6372.86328125
v 9973.23828125 318.171142578125 -6342.86328125
v 9943.021484375 318.171142578125 -6342.86328125
v 9943.021484375 318.171142578125 -6372.86328125
v 7522.38525390625 9.085205078125 -5581.283203125
v 7552.38525390625 9.085205078125 -5581.283203125
v 7552.38525390625 9.085205078125 -5551.06640625
v 7522.38525390625 9.085205078125 -5551.06640625
v 7522.38525390625 319.085205078125 -5581.283203125
v 7552.38525390625 319.085205078125 -5581.283203125
v 7552.38525390625 319.085205078125 -5551.06640625
v 7522.38525390625 319.085205078125 -5551.06640625
v 9163.822265625 8.171142578125 -6372.86328125
v 9163.822265625 8.171142578125 -6342.86328125
v 9133.60546875 8.171142578125 -6342.86328125
v 9133.60546875 8.171142578125 -6372.86328125
v 9163.822265625 318.171142578125 -6372.86328125
v 9163.822265625 318.171142578125 -6342.86328125
v 9133.60546875 318.171142578125 -6342.86328125
v 9133.60546875 318.171142578125 -6372.86328125
v 8957.021484375 1239.45068359375 -4684.65966796875
v 8957.021484375 1239.45068359375 -4839.92919921875
v 9662.69140625 1239.4508056640625 -4839.92919921875
v 9662.69140625 1239.4508056640625 -4684.65966796875
v 8957.021484375 1480.076171875 -4684.65966796875
v 8957.021484375 1480.076171875 -4839.92919921875
v 9662.69140625 1480.0762939453125 -4839.92919921875
v 9662.69140625 1480.0762939453125 -4684.65966796875
v 8327.291015625 8.171142578125 -6372.46875
v 8357.2900390625 8.171142578125 -6372.73095703125
v 8357.4482421875 8.171142578125 -6354.5322265625
v 8327.44921875 8.171142578125 -6354.2705078125
v 8327.291015625 318.171142578125 -6372.46875
v 8357.2900390625 318.171142578125 -6372.73095703125
v 8357.4482421875 318.171142578125 -6354.5322265625
v 8327.44921875 318.171142578125 -6354.2705078125
v 8377.7294921875 8.171142578125 -4231.091796875
v 8347.734375 8.171142578125 -4230.568359375
v 8347.416015625 8.171142578125 -4248.7646484375
v 8377.412109375 8.171142578125 -4249.2880859375
v 8377.7294921875 318.171142578125 -4231.091796875
v 8347.734375 318.171142578125 -4230.568359375
v 8347.416015625 318.171142578125 -4248.7646484375
v 8377.412109375 318.171142578125 -4249.2880859375
v 10230.244140625 8.171142578125 -6371.078125
v 10260.2431640625 8.171142578125 -6371.34033203125
v 10260.4013671875 8.171142578125 -6353.1416015625
v 10230.40234375 8.171142578125 -6352.8798828125
v 10230.244140625 318.171142578125 -6371.078125
v 10260.2431640625 318.171142578125 -6371.34033203125
v 10260.4013671875 318.171142578125 -6353.1416015625
v 10230.40234375 318.171142578125 -6352.8798828125
v 9179.8056640625 8.171142578125 -4229.4404296875
v 9149.810546875 8.171142578125 -4228.9169921875
v 9149.4921875 8.171142578125 -4247.11328125
v 9179.48828125 8.171142578125 -4247.63671875
v 9179.8056640625 318.171142578125 -4229.4404296875
v 9149.810546875 318.171142578125 -4228.9169921875
v 9149.4921875 318.171142578125 -4247.11328125
v 9179.48828125 318.171142578125 -4247.63671875
v 8347.81640625 8.16997241973877 -6361.62158203125
v 9147.81640625 8.16997241973877 -6361.62158203125
v 9147.81640625 8.169930458068848 -5663.84228515625
v 8347.81640625 8.169930458068848 -5663.84228515625
v 8347.81640625 308.16998291015625 -6361.62158203125
v 9147.81640625 308.16998291015625 -6361.62158203125
v 9147.81640625 308.169921875 -5663.84228515625
v 8347.81640625 308.169921875 -5663.84228515625
v 7831.396484375 1239.4505615234375 -4741.93994140625
v 7831.39599609375 1239.45068359375 -5752.92041015625
v 7953.98193359375 1239.45068359375 -5752.9208984375
v 7953.982421875 1239.45068359375 -4741.9404296875
v 7831.396484375 1480.0760498046875 -4741.93994140625
v 7831.39599609375 1480.076171875 -5752.92041015625
v 7953.98193359375 1480.076171875 -5752.9208984375
v 7953.982421875 1480.076171875 -4741.9404296875
v -4287.478515625 432.487548828125 5278.81884765625
v -4714.42626953125 432.487548828125 3270.183349609375
v -2707.63623046875 432.487548828125 2843.627685546875
v -2280.688232421875 432.487548828125 4852.26318359375
v -4287.478515625 547.073974609375 5278.81884765625
v -4714.42626953125 547.073974609375 3270.183349609375
v -2707.63623046875 547.073974609375 2843.627685546875
v -2280.688232421875 547.073974609375 4852.26318359375
v -4287.47607421875 842.845947265625 5278.81787109375
v -4714.423828125 842.845947265625 3270.181884765625
v -2707.633544921875 842.845947265625 2843.626220703125
v -2280.685546875 842.845947265625 4852.26220703125
v -4287.47607421875 954.775634765625 5278.81787109375
v -4714.423828125 954.775634765625 3270.181884765625
v -2707.633544921875 954.775634765625 2843.626220703125
v -2280.685546875 954.775634765625 4852.26220703125
v -4287.478515625 1342.331298828125 5278.81884765625
v -4714.42626953125 1342.331298828125 3270.183349609375
v -2707.63623046875 1342.331298828125 2843.627685546875
v -2280.688232421875 1342.331298828125 4852.26318359375
v -4287.478515625 1456.917724609375 5278.81884765625
v -4714.42626953125 1456.917724609375 3270.183349609375
v -2707.63623046875 1456.917724609375 2843.627685546875
v -2280.688232421875 1456.917724609375 4852.26318359375
v -4287.47607421875 1857.620849609375 5278.81787109375
v -4714.423828125 1857.620849609375 3270.181884765625
v -2707.633544921875 1857.620849609375 2843.626220703125
v -2280.685546875 1857.620849609375 4852.26220703125
v -4287.47607421875 1969.550537109375 5278.81787109375
v -4714.423828125 1969.550537109375 3270.181884765625
v -2707.633544921875 1969.550537109375 2843.626220703125
v -2280.685546875 1969.550537109375 4852.26220703125
v -4287.478515625 2356.415283203125 5278.81884765625
v -4714.42626953125 2356.415283203125 3270.183349609375
v -2707.63623046875 2356.415283203125 2843.627685546875
v -2280.688232421875 2356.415283203125 4852.26318359375
v -4287.478515625 2471.001708984375 5278.81884765625
v -4714.42626953125 2471.001708984375 3270.183349609375
v -2707.63623046875 2471.001708984375 2843.627685546875
v -2280.688232421875 2471.001708984375 4852.26318359375
v -4287.47607421875 2873.989501953125 5278.81787109375
v -4714.423828125 2873.989501953125 3270.181884765625
v -2707.633544921875 2873.989501953125 2843.626220703125
v -2280.685546875 2873.989501953125 4852.26220703125
v -4287.47607421875 2985.919189453125 5278.81787109375
v -4714.423828125 2985.919189453125 3270.181884765625
v -2707.633544921875 2985.919189453125 2843.626220703125
v -2280.685546875 2985.919189453125 4852.26220703125
v -4287.478515625 3372.852294921875 5278.81884765625
v -4714.42626953125 3372.852294921875 3270.183349609375
v -2707.63623046875 3372.852294921875 2843.627685546875
v -2280.688232421875 3372.852294921875 4852.26318359375
v -4287.478515625 3487.438720703125 5278.81884765625
v -4714.42626953125 3487.438720703125 3270.183349609375
v -2707.63623046875 3487.438720703125 2843.627685546875
v -2280.688232421875 3487.438720703125 4852.26318359375
v -4287.47607421875 3888.506591796875 5278.81787109375
v -4714.423828125 3888.506591796875 3270.181884765625
v -2707.633544921875 3888.506591796875 2843.626220703125
v -2280.685546875 3888.506591796875 4852.26220703125
v -4287.47607421875 4000.436279296875 5278.81787109375
v -4714.423828125 4000.436279296875 3270.181884765625
v -2707.633544921875 4000.436279296875 2843.626220703125
v -2280.685546875 4000.436279296875 4852.26220703125
v -4287.478515625 4389.1748046875 5278.81884765625
v -4714.42626953125 4389.1748046875 3270.183349609375
v -2707.63623046875 4389.1748046875 2843.627685546875
v -2280.688232421875 4389.1748046875 4852.26318359375
v -4287.478515625 4503.7607421875 5278.81884765625
v -4714.42626953125 4503.7607421875 3270.183349609375
v -2707.63623046875 4503.7607421875 2843.627685546875
v -2280.688232421875 4503.7607421875 4852.26318359375
v -2507.12109375 9.085030555725098 4025.415283203125
v -2340.791748046875 9.085047721862793 4807.935546875
v -2438.927490234375 9.085075378417969 4828.79443359375
v -2605.2568359375 9.085058212280273 4046.274658203125
v -2507.12109375 309.08502197265625 4025.415283203125
v -2340.791748046875 309.0850524902344 4807.935546875
v -2438.92724609375 309.0850830078125 4828.79443359375
v -2605.2568359375 309.0850524902344 4046.274658203125
v -4419.91064453125 9.085205078125 4442.69189453125
v -4426.14794921875 9.085205078125 4413.34765625
v -4408.34619140625 9.085205078125 4409.56396484375
v -4402.10888671875 9.085205078125 4438.908203125
v -4419.91064453125 319.085205078125 4442.69189453125
v -4426.14794921875 319.085205078125 4413.34765625
v -4408.34619140625 319.085205078125 4409.56396484375
v -4402.10888671875 319.085205078125 4438.908203125
v -3107.864501953125 9.085205078125 4981.435546875
v -3137.208984375 9.085205078125 4987.6728515625
v -3140.992919921875 9.085205078125 4969.87158203125
v -3111.6484375 9.085205078125 4963.63427734375
v -3107.864501953125 319.085205078125 4981.435546875
v -3137.208984375 319.085205078125 4987.6728515625
v -3140.992919921875 319.085205078125 4969.87158203125
v -3111.6484375 319.085205078125 4963.63427734375
v -4485.5166015625 9.084859848022461 4093.217041015625
v -4651.845703125 9.084829330444336 3310.69677734375
v -4553.7099609375 9.0848388671875 3289.837646484375
v -4387.380859375 9.084869384765625 4072.357666015625
v -4485.5166015625 309.0848693847656 4093.216796875
v -4651.845703125 309.0848388671875 3310.69677734375
v -4553.7099609375 309.0848388671875 3289.83740234375
v -4387.380859375 309.0848693847656 4072.357666015625
v -4652.958984375 9.084874153137207 3308.883056640625
v -3870.438720703125 9.084819793701172 3142.553466796875
v -3849.579345703125 9.084823608398438 3240.689208984375
v -4632.099609375 9.084877014160156 3407.018798828125
v -4652.958984375 309.0848693847656 3308.883056640625
v -3870.438720703125 309.0848083496094 3142.553466796875
v -3849.579345703125 309.0848083496094 3240.689208984375
v -4632.099609375 309.0848693847656 3407.018798828125
v -4664.74658203125 9.085205078125 3301.978759765625
v -4635.40185546875 9.085205078125 3295.7412109375
v -4629.11962890625 9.085205078125 3325.2978515625
v -4658.4638671875 9.085205078125 3331.53515625
v -4664.74658203125 319.085205078125 3301.978759765625
v -4635.40185546875 319.085205078125 3295.7412109375
v -4629.11962890625 319.085205078125 3325.2978515625
v -4658.4638671875 319.085205078125 3331.53515625
v -3780.10302734375 6218.3330078125 4508.3798828125
v -3946.476318359375 6218.3330078125 3725.65576171875
v -3163.197998046875 6218.3330078125 3559.164794921875
v -2996.82470703125 6218.3330078125 4341.88916015625
v -3780.10302734375 6938.35400390625 4508.3798828125
v -3946.476318359375 6938.35400390625 3725.65576171875
v -3163.197998046875 6938.35400390625 3559.164794921875
v -2996.82470703125 6938.35400390625 4341.88916015625
v -3890.250732421875 9.085205078125 3136.089599609375
v -3860.90625 9.085205078125 3129.852294921875
v -3857.122314453125 9.085205078125 3147.65380859375
v -3886.466796875 9.085205078125 3153.891357421875
v -3890.250732421875 319.085205078125 3136.089599609375
v -3860.90625 319.085205078125 3129.852294921875
v -3857.122314453125 319.085205078125 3147.65380859375
v -3886.466796875 319.085205078125 3153.891357421875
v -3464.433837890625 9.084949493408203 5046.38330078125
v -4246.9521484375 9.084980010986328 5212.71240234375
v -4267.8115234375 9.084969520568848 5114.57666015625
v -3485.293212890625 9.084939002990723 4948.24755859375
v -3464.433837890625 309.0849609375 5046.38330078125
v -4246.9521484375 309.0849914550781 5212.71240234375
v -4267.8115234375 309.0849609375 5114.57666015625
v -3485.293212890625 309.0849304199219 4948.24755859375
v -2340.438232421875 9.084737777709961 4808.84033203125
v -3122.958251953125 9.084768295288086 4975.169921875
v -3143.817626953125 9.084756851196289 4877.0341796875
v -2361.297607421875 9.084726333618164 4710.70458984375
v -2340.438232421875 309.0847473144531 4808.84033203125
v -3122.958251953125 309.08477783203125 4975.169921875
v -3143.817626953125 309.0847473144531 4877.0341796875
v -2361.297607421875 309.084716796875 4710.70458984375
v -4246.90283203125 9.08483600616455 5207.73193359375
v -4413.2314453125 9.084628105163574 4425.2138671875
v -4383.88720703125 9.084632873535156 4418.9765625
v -4217.55810546875 9.084840774536133 5201.49462890625
v -4246.90283203125 309.1563720703125 5207.73193359375
v -4413.2314453125 309.1561584472656 4425.2138671875
v -4383.88720703125 309.1561584472656 4418.9765625
v -4217.55859375 309.1563720703125 5201.49462890625
v -4255.9921875 9.085205078125 5224.72314453125
v -4262.2294921875 9.085205078125 5195.37841796875
v -4232.6728515625 9.085205078125 5189.09619140625
v -4226.435546875 9.085205078125 5218.4404296875
v -4255.9921875 319.085205078125 5224.72314453125
v -4262.2294921875 319.085205078125 5195.37841796875
v -4232.6728515625 319.085205078125 5189.09619140625
v -4226.435546875 319.085205078125 5218.4404296875
v -2323.964599609375 9.085205078125 4819.2734375
v -2353.30908203125 9.085205078125 4825.5107421875
v -2359.59130859375 9.085205078125 4795.9541015625
v -2330.2470703125 9.085205078125 4789.716796875
v -2323.964599609375 319.085205078125 4819.2734375
v -2353.30908203125 319.085205078125 4825.5107421875
v -2359.59130859375 319.085205078125 4795.9541015625
v -2330.2470703125 319.085205078125 4789.716796875
v -2733.351806640625 9.085205078125 2885.386474609375
v -2727.1142578125 9.085205078125 2914.73095703125
v -2756.6708984375 9.085205078125 2921.01318359375
v -2762.908203125 9.085205078125 2891.6689453125
v -2733.351806640625 319.085205078125 2885.386474609375
v -2727.1142578125 319.085205078125 2914.73095703125
v -2756.6708984375 319.085205078125 2921.01318359375
v -2762.908203125 319.085205078125 2891.6689453125
v -4492.38134765625 9.085205078125 4101.74658203125
v -4498.61865234375 9.085205078125 4072.40234375
v -4480.81689453125 9.085205078125 4068.618408203125
v -4474.57958984375 9.085205078125 4097.962890625
v -4492.38134765625 319.085205078125 4101.74658203125
v -4498.61865234375 319.085205078125 4072.40234375
v -4480.81689453125 319.085205078125 4068.618408203125
v -4474.57958984375 319.085205078125 4097.962890625
v -3443.602783203125 9.085205078125 5052.798828125
v -3472.947265625 9.085205078125 5059.0361328125
v -3476.731201171875 9.085205078125 5041.23486328125
v -3447.38671875 9.085205078125 5034.99755859375
v -3443.602783203125 319.085205078125 5052.798828125
v -3472.947265625 319.085205078125 5059.0361328125
v -3476.731201171875 319.085205078125 5041.23486328125
v -3447.38671875 319.085205078125 5034.99755859375
v -2498.47802734375 9.085205078125 3999.537841796875
v -2492.24072265625 9.085205078125 4028.88232421875
v -2510.042236328125 9.085205078125 4032.666015625
v -2516.279541015625 9.085205078125 4003.321533203125
v -2498.47802734375 319.085205078125 3999.537841796875
v -2492.24072265625 319.085205078125 4028.88232421875
v -2510.042236328125 319.085205078125 4032.666015625
v -2516.279541015625 319.085205078125 4003.321533203125
v 5208.2431640625 9.08491325378418 6435.29150390625
v 4419.21484375 9.084879875183105 6567.3291015625
v 4402.65576171875 9.084895133972168 6468.376953125
v 5191.6845703125 9.084928512573242 6336.33935546875
v 5208.2431640625 309.08489990234375 6435.29150390625
v 4419.21484375 309.0848693847656 6567.3291015625
v 4402.65576171875 309.08489990234375 6468.376953125
v 5191.6845703125 309.0849304199219 6336.33935546875
v 884.2257690429688 9.084859848022461 4827.8564453125
v 1673.2562255859375 9.084826469421387 4695.818359375
v 1689.8150634765625 9.08484935760498 4794.7705078125
v 900.7846069335938 9.084881782531738 4926.80859375
v 884.2257690429688 309.0848693847656 4827.8564453125
v 1673.2562255859375 309.0848388671875 4695.818359375
v 1689.8150634765625 309.0848388671875 4794.7705078125
v 900.78466796875 309.0848693847656 4926.80859375
v 4040.3193359375 9.085103988647461 4301.0673828125
v 4829.349609375 9.085070610046387 4169.029296875
v 4845.90869140625 9.08509349822998 4267.9814453125
v 4056.878173828125 9.085125923156738 4400.01953125
v 4040.3193359375 309.0851135253906 4301.0673828125
v 4829.349609375 309.0850830078125 4169.029296875
v 4845.90869140625 309.0850830078125 4267.9814453125
v 4056.87841796875 309.0851135253906 4400.01953125
v 3634.327392578125 9.084844589233398 6697.93408203125
v 2845.298828125 9.084811210632324 6829.9716796875
v 2840.347412109375 9.08481502532959 6800.38330078125
v 3629.3759765625 9.08484935760498 6668.345703125
v 3634.327392578125 309.1561279296875 6697.93408203125
v 2845.298828125 309.1560974121094 6829.9716796875
v 2840.347412109375 309.1560974121094 6800.38330078125
v 3629.3759765625 309.1561279296875 6668.345703125
v 1264.662353515625 9.084434509277344 7096.9296875
v 1132.6243896484375 9.084495544433594 6307.9013671875
v 1231.5765380859375 9.084504127502441 6291.34228515625
v 1363.614501953125 9.084444046020508 7080.37109375
v 1264.662353515625 309.0844421386719 7096.9296875
v 1132.6243896484375 309.0845031738281 6307.9013671875
v 1231.5765380859375 309.0845031738281 6291.34228515625
v 1363.614501953125 309.0844421386719 7080.37109375
v 4825.8759765625 9.08510684967041 4167.01953125
v 4957.9140625 9.08493709564209 4956.04833984375
v 4928.57763671875 9.084948539733887 4960.95751953125
v 4796.5400390625 9.085118293762207 4171.9287109375
v 4825.8759765625 309.1029357910156 4167.01953125
v 4957.91357421875 309.1027526855469 4956.04833984375
v 4928.57763671875 309.102783203125 4960.95751953125
v 4796.5400390625 309.1029357910156 4171.9287109375
v 2061.7822265625 9.08504867553711 6960.3916015625
v 1272.753662109375 9.08504867553711 7092.4296875
v 1267.844482421875 9.085046768188477 7063.09326171875
v 2056.873046875 9.085046768188477 6931.05517578125
v 2061.7822265625 309.1028747558594 6960.3916015625
v 1272.753662109375 309.1028747558594 7092.42919921875
v 1267.844482421875 309.1028747558594 7063.09326171875
v 2056.873046875 309.1028747558594 6931.05517578125
v 3251.833740234375 2100.4677734375 6861.70556640625
v 1673.7767333984375 2100.466796875 7125.78173828125
v 1642.3436279296875 2100.467041015625 6937.9443359375
v 3220.400634765625 2100.4677734375 6673.86865234375
v 3251.833740234375 2200.589111328125 6861.70556640625
v 1673.7767333984375 2200.588134765625 7125.78173828125
v 1642.3436279296875 2200.588134765625 6937.9443359375
v 3220.400634765625 2200.589111328125 6673.86865234375
v 2841.051513671875 2100.468017578125 4402.35791015625
v 4419.1083984375 2100.467041015625 4138.2822265625
v 4450.54150390625 2100.467041015625 4326.11962890625
v 2872.484619140625 2100.468017578125 4590.1953125
v 2841.051513671875 2200.589111328125 4402.35791015625
v 4419.1083984375 2200.58837890625 4138.2822265625
v 4450.54150390625 2200.58837890625 4326.11962890625
v 2872.484619140625 2200.589111328125 4590.1953125
v 1262.2625732421875 2100.468017578125 4666.80908203125
v 2840.319580078125 2100.467041015625 4402.7333984375
v 2871.752685546875 2100.467041015625 4590.57080078125
v 1293.6956787109375 2100.468017578125 4854.646484375
v 1262.2625732421875 2200.589111328125 4666.80908203125
v 2840.319580078125 2200.58837890625 4402.7333984375
v 2871.752685546875 2200.58837890625 4590.57080078125
v 1293.6956787109375 2200.589111328125 4854.646484375
v 4829.408203125 2100.4677734375 6597.48291015625
v 3251.35107421875 2100.466796875 6861.55908203125
v 3219.917724609375 2100.467041015625 6673.7216796875
v 4797.974609375 2100.4677734375 6409.64599609375
v 4829.408203125 2200.589111328125 6597.48291015625
v 3251.35107421875 2200.588134765625 6861.55908203125
v 3219.917724609375 2200.588134765625 6673.7216796875
v 4797.974609375 2200.589111328125 6409.64599609375
v 1102.0889892578125 2100.467529296875 6720.94921875
v 838.0133666992188 2100.467529296875 5142.89208984375
v 1025.8507080078125 2100.467529296875 5111.458984375
v 1289.9263916015625 2100.467529296875 6689.51611328125
v 1102.0889892578125 2200.588623046875 6720.94921875
v 838.0133666992188 2200.5888671875 5142.89208984375
v 1025.8507080078125 2200.5888671875 5111.458984375
v 1289.92626953125 2200.5888671875 6689.51611328125
v 4970.86572265625 2100.467529296875 4449.02685546875
v 5234.94140625 2100.46728515625 6027.083984375
v 5047.10400390625 2100.46728515625 6058.51708984375
v 4783.0283203125 2100.467529296875 4480.4599609375
v 4970.86572265625 2200.5888671875 4449.02685546875
v 5234.94140625 2200.588623046875 6027.083984375
v 5047.10400390625 2200.588623046875 6058.51708984375
v 4783.0283203125 2200.5888671875 4480.4599609375
v 4907.71240234375 2100.46728515625 4057.599609375
v 4989.18896484375 2100.46728515625 4544.48583984375
v 4499.74072265625 2100.46728515625 4626.39111328125
v 4418.26416015625 2100.46728515625 4139.5048828125
v 4907.71240234375 2200.588623046875 4057.599609375
v 4989.18896484375 2200.588623046875 4544.48583984375
v 4499.74072265625 2200.588623046875 4626.39111328125
v 4418.26416015625 2200.588623046875 4139.5048828125
v 1184.5819091796875 2100.46728515625 7207.49072265625
v 1103.1053466796875 2100.46728515625 6720.60498046875
v 1592.553466796875 2100.46728515625 6638.69970703125
v 1674.030029296875 2100.46728515625 7125.58544921875
v 1184.5819091796875 2200.588623046875 7207.49072265625
v 1103.1053466796875 2200.588623046875 6720.60498046875
v 1592.553466796875 2200.588623046875 6638.69970703125
v 1674.030029296875 2200.588623046875 7125.58544921875
v 5316.73291015625 2100.4677734375 6516.72802734375
v 4829.84716796875 2100.467529296875 6598.205078125
v 4747.94140625 2100.467529296875 6108.7568359375
v 5234.82763671875 2100.4677734375 6027.2802734375
v 5316.73291015625 2200.5888671875 6516.728515625
v 4829.84716796875 2200.588623046875 6598.205078125
v 4747.94140625 2200.588623046875 6108.7568359375
v 5234.82763671875 2200.5888671875 6027.2802734375
v 775.5640258789062 2100.467529296875 4748.36279296875
v 1262.4500732421875 2100.46728515625 4666.88623046875
v 1344.3555908203125 2100.46728515625 5156.333984375
v 857.4695434570312 2100.467529296875 5237.81103515625
v 775.5640869140625 2200.588623046875 4748.36279296875
v 1262.4501953125 2200.588623046875 4666.88623046875
v 1344.3555908203125 2200.588623046875 5156.333984375
v 857.4695434570312 2200.588623046875 5237.81103515625
v 3251.518798828125 9.084721565246582 4432.92431640625
v 4040.54736328125 9.084689140319824 4300.88671875
v 4155.677734375 9.084842681884766 4988.87841796875
v 3366.64892578125 9.08487606048584 5120.91650390625
v 3251.518798828125 309.084716796875 4432.92431640625
v 4040.54736328125 309.0846862792969 4300.88671875
v 4155.677734375 309.0848388671875 4988.87841796875
v 3366.64892578125 309.0848693847656 5120.91650390625
v 5036.4853515625 9.085205078125 5322.61474609375
v 5041.1787109375 9.085205078125 5352.24560546875
v 5011.333984375 9.085205078125 5356.97216796875
v 5006.640625 9.085205078125 5327.341796875
v 5036.4853515625 319.085205078125 5322.61474609375
v 5041.1787109375 319.085205078125 5352.24560546875
v 5011.333984375 319.085205078125 5356.97216796875
v 5006.640625 319.085205078125 5327.341796875
v 5103.9248046875 9.085205078125 5725.61083984375
v 5108.6181640625 9.085205078125 5755.24169921875
v 5078.7734375 9.085205078125 5759.96826171875
v 5074.080078125 9.085205078125 5730.337890625
v 5103.9248046875 319.085205078125 5725.61083984375
v 5108.6181640625 319.085205078125 5755.24169921875
v 5078.7734375 319.085205078125 5759.96826171875
v 5074.080078125 319.085205078125 5730.337890625
v 4841.0478515625 9.085205078125 4154.72802734375
v 4845.7412109375 9.085205078125 4184.35888671875
v 4815.896484375 9.085205078125 4189.08544921875
v 4811.203125 9.085205078125 4159.455078125
v 4841.0478515625 319.085205078125 4154.72802734375
v 4845.7412109375 319.085205078125 4184.35888671875
v 4815.896484375 319.085205078125 4189.08544921875
v 4811.203125 319.085205078125 4159.455078125
v 4434.9130859375 9.085205078125 6578.63134765625
v 4405.2822265625 9.085205078125 6583.32421875
v 4400.5556640625 9.085205078125 6553.4794921875
v 4430.18603515625 9.085205078125 6548.78662109375
v 4434.9130859375 319.085205078125 6578.63134765625
v 4405.2822265625 319.085205078125 6583.32421875
v 4400.5556640625 319.085205078125 6553.4794921875
v 4430.18603515625 319.085205078125 6548.78662109375
v 4017.7353515625 9.085205078125 6648.44384765625
v 3988.104736328125 9.085205078125 6653.13671875
v 3983.377685546875 9.085205078125 6623.2919921875
v 4013.00830078125 9.085205078125 6618.59912109375
v 4017.7353515625 319.085205078125 6648.44384765625
v 3988.104736328125 319.085205078125 6653.13671875
v 3983.377685546875 319.085205078125 6623.2919921875
v 4013.00830078125 319.085205078125 6618.59912109375
v 5221.06689453125 9.085205078125 6450.72216796875
v 5191.5224609375 9.085205078125 6455.931640625
v 5186.275390625 9.085205078125 6426.173828125
v 5215.81982421875 9.085205078125 6420.96435546875
v 5221.06689453125 319.085205078125 6450.72216796875
v 5191.5224609375 319.085205078125 6455.931640625
v 5186.275390625 319.085205078125 6426.173828125
v 5215.81982421875 319.085205078125 6420.96435546875
v 1249.8084716796875 9.085205078125 7108.63037109375
v 1244.5989990234375 9.085205078125 7079.0859375
v 1274.3568115234375 9.085205078125 7073.8388671875
v 1279.566162109375 9.085205078125 7103.38330078125
v 1249.8084716796875 319.085205078125 7108.63037109375
v 1244.5989990234375 319.085205078125 7079.0859375
v 1274.3568115234375 319.085205078125 7073.8388671875
v 1279.566162109375 319.085205078125 7103.38330078125
v 3269.3818359375 9.085205078125 4417.2646484375
v 3275.619140625 9.085205078125 4446.60888671875
v 3246.062744140625 9.085205078125 4452.89111328125
v 3239.8251953125 9.085205078125 4423.546875
v 3269.3818359375 319.085205078125 4417.2646484375
v 3275.619140625 319.085205078125 4446.60888671875
v 3246.062744140625 319.085205078125 4452.89111328125
v 3239.8251953125 319.085205078125 4423.546875
v 1007.3513793945312 9.085205078125 5617.865234375
v 1037.0594482421875 9.085205078125 5613.68994140625
v 1041.2647705078125 9.085205078125 5643.61279296875
v 1011.5567016601562 9.085205078125 5647.7880859375
v 1007.3513793945312 319.085205078125 5617.865234375
v 1037.0594482421875 319.085205078125 5613.68994140625
v 1041.2647705078125 319.085205078125 5643.61279296875
v 1011.5567016601562 319.085205078125 5647.7880859375
v 872.8279418945312 9.085205078125 4813.974609375
v 902.5360107421875 9.085205078125 4809.79931640625
v 906.7413330078125 9.085205078125 4839.72216796875
v 877.0332641601562 9.085205078125 4843.8974609375
v 872.8279418945312 319.085205078125 4813.974609375
v 902.5360107421875 319.085205078125 4809.79931640625
v 906.7413330078125 319.085205078125 4839.72216796875
v 877.0332641601562 319.085205078125 4843.8974609375
v 1075.9139404296875 9.085205078125 6038.14013671875
v 1070.7044677734375 9.085205078125 6008.595703125
v 1100.4622802734375 9.085205078125 6003.3486328125
v 1105.671630859375 9.085205078125 6032.89306640625
v 1075.9139404296875 319.085205078125 6038.14013671875
v 1070.7044677734375 319.085205078125 6008.595703125
v 1100.4622802734375 319.085205078125 6003.3486328125
v 1105.671630859375 319.085205078125 6032.89306640625
v 2474.8076171875 9.085205078125 4550.45849609375
v 2480.274658203125 9.085205078125 4579.9560546875
v 2450.563720703125 9.085205078125 4585.462890625
v 2445.0966796875 9.085205078125 4555.96533203125
v 2474.8076171875 319.085205078125 4550.45849609375
v 2480.274658203125 319.085205078125 4579.9560546875
v 2450.563720703125 319.085205078125 4585.462890625
v 2445.0966796875 319.085205078125 4555.96533203125
v 2075.822509765625 9.085205078125 6972.42724609375
v 2046.1917724609375 9.085205078125 6977.1201171875
v 2043.3447265625 9.085205078125 6959.14501953125
v 2072.975341796875 9.085205078125 6954.4521484375
v 2075.822509765625 319.085205078125 6972.42724609375
v 2046.1917724609375 319.085205078125 6977.1201171875
v 2043.3447265625 319.085205078125 6959.14501953125
v 2072.975341796875 319.085205078125 6954.4521484375
v 1656.7830810546875 9.085205078125 4686.07470703125
v 1686.4136962890625 9.085205078125 4681.3818359375
v 1689.2607421875 9.085205078125 4699.35693359375
v 1659.6300048828125 9.085205078125 4704.0498046875
v 1656.7830810546875 319.085205078125 4686.07470703125
v 1686.4136962890625 319.085205078125 4681.3818359375
v 1689.2607421875 319.085205078125 4699.35693359375
v 1659.6300048828125 319.085205078125 4704.0498046875
v 2863.525634765625 9.085205078125 6841.09716796875
v 2833.894775390625 9.085205078125 6845.7900390625
v 2831.0478515625 9.085205078125 6827.81494140625
v 2860.678466796875 9.085205078125 6823.1220703125
v 2863.525634765625 319.085205078125 6841.09716796875
v 2833.894775390625 319.085205078125 6845.7900390625
v 2831.0478515625 319.085205078125 6827.81494140625
v 2860.678466796875 319.085205078125 6823.1220703125
v 1123.5146484375 9.085205078125 6323.412109375
v 1118.8216552734375 9.085205078125 6293.78125
v 1136.7967529296875 9.085205078125 6290.93408203125
v 1141.48974609375 9.085205078125 6320.56494140625
v 1123.5146484375 319.085205078125 6323.412109375
v 1118.8216552734375 319.085205078125 6293.78125
v 1136.7967529296875 319.085205078125 6290.93408203125
v 1141.48974609375 319.085205078125 6320.56494140625
v 4968.9091796875 9.085205078125 4935.365234375
v 4973.60205078125 9.085205078125 4964.99609375
v 4955.626953125 9.085205078125 4967.84326171875
v 4950.93408203125 9.085205078125 4938.21240234375
v 4968.9091796875 319.085205078125 4935.365234375
v 4973.60205078125 319.085205078125 4964.99609375
v 4955.626953125 319.085205078125 4967.84326171875
v 4950.93408203125 319.085205078125 4938.21240234375
v 4024.638427734375 9.085205078125 4291.42236328125
v 4054.269287109375 9.085205078125 4286.7294921875
v 4057.1162109375 9.085205078125 4304.70458984375
v 4027.485595703125 9.085205078125 4309.3974609375
v 4024.638427734375 319.085205078125 4291.42236328125
v 4054.269287109375 319.085205078125 4286.7294921875
v 4057.1162109375 319.085205078125 4304.70458984375
v 4027.485595703125 319.085205078125 4309.3974609375
v 3652.162353515625 9.085205078125 6709.12451171875
v 3622.531494140625 9.085205078125 6713.8173828125
v 3619.6845703125 9.085205078125 6695.84228515625
v 3649.315185546875 9.085205078125 6691.1494140625
v 3652.162353515625 319.085205078125 6709.12451171875
v 3622.531494140625 319.085205078125 6713.8173828125
v 3619.6845703125 319.085205078125 6695.84228515625
v 3649.315185546875 319.085205078125 6691.1494140625
v 1672.482421875 9.084766387939453 4696.447265625
v 2461.510986328125 9.084733009338379 4564.4091796875
v 2576.677490234375 9.084887504577637 5252.619140625
v 1787.6490478515625 9.084920883178711 5384.65673828125
v 1672.482421875 309.08477783203125 4696.447265625
v 2461.510986328125 309.0847473144531 4564.4091796875
v 2576.677490234375 309.08489990234375 5252.619140625
v 1787.6490478515625 309.0849304199219 5384.65673828125
v 2846.242919921875 9.084908485412598 6829.732421875
v 2057.214599609375 9.084857940673828 6961.7705078125
v 1942.0478515625 9.084714889526367 6273.560546875
v 2731.076416015625 9.084765434265137 6141.5224609375
v 2846.242919921875 309.08489990234375 6829.732421875
v 2057.214599609375 309.0848693847656 6961.7705078125
v 1942.0478515625 309.084716796875 6273.560546875
v 2731.076416015625 309.08477783203125 6141.5224609375
v 5140.00732421875 998.1292724609375 6042.9697265625
v 4875.9970703125 998.1292724609375 4465.3056640625
v 5111.5517578125 998.1292724609375 4425.88720703125
v 5375.56201171875 998.1293334960938 6003.55126953125
v 5140.00732421875 1428.017333984375 6042.9697265625
v 4875.9970703125 1428.017333984375 4465.3056640625
v 5111.5517578125 1428.017333984375 4425.88720703125
v 5375.56201171875 1428.017333984375 6003.55126953125
v 5140.00732421875 446.2362060546875 6042.9697265625
v 4875.9970703125 446.2361755371094 4465.3056640625
v 5111.5517578125 446.2362365722656 4425.88720703125
v 5375.56201171875 446.23626708984375 6003.55126953125
v 5140.00732421875 876.124267578125 6042.9697265625
v 4875.9970703125 876.124267578125 4465.3056640625
v 5111.5517578125 876.124267578125 4425.88720703125
v 5375.56201171875 876.1243286132812 6003.55126953125
v 1657.8896484375 1549.3387451171875 7030.85009765625
v 3235.5537109375 1549.3387451171875 6766.84033203125
v 3274.97216796875 1549.3387451171875 7002.39501953125
v 1697.3079833984375 1549.3387451171875 7266.40478515625
v 1657.8896484375 1979.226806640625 7030.85009765625
v 3235.5537109375 1979.226806640625 6766.84033203125
v 3274.971923828125 1979.226806640625 7002.39501953125
v 1697.307861328125 1979.226806640625 7266.40478515625
v 1657.8896484375 998.1290283203125 7030.85009765625
v 3235.5537109375 998.1290893554688 6766.84033203125
v 3274.97216796875 998.1290893554688 7002.39501953125
v 1697.3079833984375 998.1289672851562 7266.40478515625
v 1657.8896484375 1428.01708984375 7030.85009765625
v 3235.5537109375 1428.01708984375 6766.84033203125
v 3274.971923828125 1428.01708984375 7002.39501953125
v 1697.307861328125 1428.01708984375 7266.40478515625
v 932.9479370117188 998.1292724609375 5127.00732421875
v 1196.9576416015625 998.129150390625 6704.67138671875
v 961.4028930664062 998.1292114257812 6744.08984375
v 697.3932495117188 998.1293334960938 5166.42578125
v 932.9478759765625 1428.017333984375 5127.00732421875
v 1196.95751953125 1428.0172119140625 6704.67138671875
v 961.4028930664062 1428.0172119140625 6744.08984375
v 697.3931884765625 1428.0174560546875 5166.42578125
v 2856.2080078125 998.1290283203125 4497.67041015625
v 1278.5439453125 998.1290893554688 4761.6806640625
v 1239.1256103515625 998.1290893554688 4526.1259765625
v 2816.789794921875 998.1290283203125 4262.11572265625
v 2856.2080078125 1428.01708984375 4497.67041015625
v 1278.5439453125 1428.0172119140625 4761.6806640625
v 1239.125732421875 1428.01708984375 4526.1259765625
v 2816.789794921875 1428.01708984375 4262.11572265625
v 3235.4638671875 446.236083984375 6766.62548828125
v 4813.1279296875 446.23614501953125 6502.61572265625
v 4852.54638671875 446.2361145019531 6738.17041015625
v 3274.882080078125 446.2360534667969 7002.18017578125
v 3235.4638671875 876.1241455078125 6766.62548828125
v 4813.1279296875 876.1242065429688 6502.61572265625
v 4852.54638671875 876.1242065429688 6738.17041015625
v 3274.882080078125 876.1240844726562 7002.18017578125
v 1657.8896484375 446.236083984375 7030.85009765625
v 3235.5537109375 446.23614501953125 6766.84033203125
v 3274.97216796875 446.2361145019531 7002.39501953125
v 1697.3079833984375 446.2360534667969 7266.40478515625
v 1657.8896484375 876.1241455078125 7030.85009765625
v 3235.5537109375 876.1242065429688 6766.84033203125
v 3274.971923828125 876.1242065429688 7002.39501953125
v 1697.307861328125 876.1240844726562 7266.40478515625
v 4434.9951171875 446.2361145019531 4233.21728515625
v 2857.3310546875 446.2361755371094 4497.2275390625
v 2817.912841796875 446.23614501953125 4261.6728515625
v 4395.57666015625 446.2360534667969 3997.662841796875
v 4434.9951171875 876.1241455078125 4233.21728515625
v 2857.3310546875 876.1242065429688 4497.2275390625
v 2817.912841796875 876.1242065429688 4261.6728515625
v 4395.57666015625 876.1241455078125 3997.662841796875
v 2856.2080078125 446.2361145019531 4497.67041015625
v 1278.5439453125 446.2361755371094 4761.6806640625
v 1239.1256103515625 446.23614501953125 4526.1259765625
v 2816.789794921875 446.2360534667969 4262.11572265625
v 2856.2080078125 876.1241455078125 4497.67041015625
v 1278.5439453125 876.1242065429688 4761.6806640625
v 1239.125732421875 876.1242065429688 4526.1259765625
v 2816.789794921875 876.1241455078125 4262.11572265625
v 5140.00732421875 1550.3551025390625 6042.9697265625
v 4875.9970703125 1550.3551025390625 4465.3056640625
v 5111.5517578125 1550.3551025390625 4425.88720703125
v 5375.56201171875 1550.3551025390625 6003.55126953125
v 5140.00732421875 1980.2431640625 6042.9697265625
v 4875.9970703125 1980.2431640625 4465.3056640625
v 5111.5517578125 1980.2431640625 4425.88720703125
v 5375.56201171875 1980.2431640625 6003.55126953125
v 4434.9951171875 998.1290283203125 4233.21728515625
v 2857.3310546875 998.1290893554688 4497.2275390625
v 2817.912841796875 998.1290893554688 4261.6728515625
v 4395.57666015625 998.1290283203125 3997.662841796875
v 4434.9951171875 1428.01708984375 4233.21728515625
v 2857.3310546875 1428.0172119140625 4497.2275390625
v 2817.912841796875 1428.01708984375 4261.6728515625
v 4395.57666015625 1428.01708984375 3997.662841796875
v 3235.4638671875 998.1290283203125 6766.62548828125
v 4813.1279296875 998.1290893554688 6502.61572265625
v 4852.54638671875 998.1290893554688 6738.17041015625
v 3274.882080078125 998.1289672851562 7002.18017578125
v 3235.4638671875 1428.01708984375 6766.62548828125
v 4813.1279296875 1428.01708984375 6502.61572265625
v 4852.54638671875 1428.01708984375 6738.17041015625
v 3274.882080078125 1428.01708984375 7002.18017578125
v 3235.4638671875 1549.3387451171875 6766.62548828125
v 4813.1279296875 1549.3387451171875 6502.61572265625
v 4852.54638671875 1549.3387451171875 6738.17041015625
v 3274.882080078125 1549.3387451171875 7002.18017578125
v 3235.4638671875 1979.226806640625 6766.62548828125
v 4813.1279296875 1979.226806640625 6502.61572265625
v 4852.54638671875 1979.226806640625 6738.17041015625
v 3274.882080078125 1979.226806640625 7002.18017578125
v 4434.9951171875 1550.3548583984375 4233.21728515625
v 2857.3310546875 1550.35498046875 4497.2275390625
v 2817.912841796875 1550.3548583984375 4261.6728515625
v 4395.57666015625 1550.3548583984375 3997.662841796875
v 4434.9951171875 1980.242919921875 4233.21728515625
v 2857.3310546875 1980.2430419921875 4497.2275390625
v 2817.912841796875 1980.242919921875 4261.6728515625
v 4395.57666015625 1980.242919921875 3997.662841796875
v 932.9479370117188 446.2362060546875 5127.00732421875
v 1196.9576416015625 446.2360534667969 6704.67138671875
v 961.4028930664062 446.23614501953125 6744.08984375
v 697.3932495117188 446.23626708984375 5166.42578125
v 932.9478759765625 876.124267578125 5127.00732421875
v 1196.95751953125 876.1241455078125 6704.67138671875
v 961.4028930664062 876.1242065429688 6744.08984375
v 697.3931884765625 876.1243286132812 5166.42578125
v 932.9479370117188 1549.3389892578125 5127.00732421875
v 1196.9576416015625 1549.3388671875 6704.67138671875
v 961.4028930664062 1549.3388671875 6744.08984375
v 697.3932495117188 1549.339111328125 5166.42578125
v 932.9478759765625 1979.22705078125 5127.00732421875
v 1196.95751953125 1979.2269287109375 6704.67138671875
v 961.4028930664062 1979.2269287109375 6744.08984375
v 697.3931884765625 1979.2271728515625 5166.42578125
v 2856.2080078125 1550.3548583984375 4497.67041015625
v 1278.5439453125 1550.35498046875 4761.6806640625
v 1239.1256103515625 1550.3548583984375 4526.1259765625
v 2816.789794921875 1550.3548583984375 4262.11572265625
v 2856.2080078125 1980.242919921875 4497.67041015625
v 1278.5439453125 1980.2430419921875 4761.6806640625
v 1239.125732421875 1980.242919921875 4526.1259765625
v 2816.789794921875 1980.242919921875 4262.11572265625
v 5573.78857421875 9.085205078125 679.2841186523438
v 5567.29541015625 9.085205078125 649.9952392578125
v 5585.0634765625 9.085205078125 646.0562133789062
v 5591.556640625 9.085205078125 675.3450927734375
v 5573.78857421875 319.085205078125 679.2841186523438
v 5567.29541015625 319.085205078125 649.9952392578125
v 5585.0634765625 319.085205078125 646.0562133789062
v 5591.556640625 319.085205078125 675.3450927734375
v 5582.2060546875 9.085149765014648 653.33349609375
v 5409.05419921875 9.085148811340332 -127.70529174804688
v 5507.00439453125 9.085165023803711 -149.4202423095703
v 5680.15625 9.085165977478027 631.6185302734375
v 5582.2060546875 309.08514404296875 653.33349609375
v 5409.05419921875 309.08514404296875 -127.70526123046875
v 5507.00439453125 309.0851745605469 -149.4202117919922
v 5680.15625 309.0851745605469 631.6185302734375
v 5392.1298828125 9.085205078125 -138.89488220214844
v 5421.4189453125 9.085205078125 -145.3880615234375
v 5427.958984375 9.085205078125 -115.88751983642578
v 5398.669921875 9.085205078125 -109.39433288574219
v 5392.1298828125 319.085205078125 -138.89488220214844
v 5421.4189453125 319.085205078125 -145.3880615234375
v 5427.958984375 319.085205078125 -115.88751983642578
v 5398.669921875 319.085205078125 -109.39433288574219
v 7351.5595703125 432.487548828125 -615.55859375
v 7796.02001953125 432.487548828125 1389.27490234375
v 5793.0283203125 432.487548828125 1833.3270263671875
v 5348.56787109375 432.487548828125 -171.50650024414062
v 7351.5595703125 547.073974609375 -615.55859375
v 7796.02001953125 547.073974609375 1389.27490234375
v 5793.0283203125 547.073974609375 1833.3270263671875
v 5348.56787109375 547.073974609375 -171.50650024414062
v 7351.5576171875 842.845947265625 -615.559326171875
v 7796.01806640625 842.845947265625 1389.274169921875
v 5793.02685546875 842.845947265625 1833.3262939453125
v 5348.56640625 842.845947265625 -171.5072479248047
v 7351.5576171875 954.775634765625 -615.559326171875
v 7796.01806640625 954.775634765625 1389.274169921875
v 5793.02685546875 954.775634765625 1833.3262939453125
v 5348.56640625 954.775634765625 -171.5072479248047
v 7351.5595703125 1342.331298828125 -615.55859375
v 7796.02001953125 1342.331298828125 1389.27490234375
v 5793.0283203125 1342.331298828125 1833.3270263671875
v 5348.56787109375 1342.331298828125 -171.50650024414062
v 7351.5595703125 1456.917724609375 -615.55859375
v 7796.02001953125 1456.917724609375 1389.27490234375
v 5793.0283203125 1456.917724609375 1833.3270263671875
v 5348.56787109375 1456.917724609375 -171.50650024414062
v 7351.5576171875 1857.620849609375 -615.559326171875
v 7796.01806640625 1857.620849609375 1389.274169921875
v 5793.02685546875 1857.620849609375 1833.3262939453125
v 5348.56640625 1857.620849609375 -171.5072479248047
v 7351.5576171875 1969.550537109375 -615.559326171875
v 7796.01806640625 1969.550537109375 1389.274169921875
v 5793.02685546875 1969.550537109375 1833.3262939453125
v 5348.56640625 1969.550537109375 -171.5072479248047
v 7351.5595703125 2356.415283203125 -615.55859375
v 7796.02001953125 2356.415283203125 1389.27490234375
v 5793.0283203125 2356.415283203125 1833.3270263671875
v 5348.56787109375 2356.415283203125 -171.50650024414062
v 7351.5595703125 2471.001708984375 -615.55859375
v 7796.02001953125 2471.001708984375 1389.27490234375
v 5793.0283203125 2471.001708984375 1833.3270263671875
v 5348.56787109375 2471.001708984375 -171.50650024414062
v 7351.5576171875 2873.989501953125 -615.559326171875
v 7796.01806640625 2873.989501953125 1389.274169921875
v 5793.02685546875 2873.989501953125 1833.3262939453125
v 5348.56640625 2873.989501953125 -171.5072479248047
v 7351.5576171875 2985.919189453125 -615.559326171875
v 7796.01806640625 2985.919189453125 1389.274169921875
v 5793.02685546875 2985.919189453125 1833.3262939453125
v 5348.56640625 2985.919189453125 -171.5072479248047
v 7351.5595703125 3372.852294921875 -615.55859375
v 7796.02001953125 3372.852294921875 1389.27490234375
v 5793.0283203125 3372.852294921875 1833.3270263671875
v 5348.56787109375 3372.852294921875 -171.50650024414062
v 7351.5595703125 3487.438720703125 -615.55859375
v 7796.02001953125 3487.438720703125 1389.27490234375
v 5793.0283203125 3487.438720703125 1833.3270263671875
v 5348.56787109375 3487.438720703125 -171.50650024414062
v 7351.5576171875 3888.506591796875 -615.559326171875
v 7796.01806640625 3888.506591796875 1389.274169921875
v 5793.02685546875 3888.506591796875 1833.3262939453125
v 5348.56640625 3888.506591796875 -171.5072479248047
v 7351.5576171875 4000.436279296875 -615.559326171875
v 7796.01806640625 4000.436279296875 1389.274169921875
v 5793.02685546875 4000.436279296875 1833.3262939453125
v 5348.56640625 4000.436279296875 -171.5072479248047
v 7351.5595703125 4389.1748046875 -615.55859375
v 7796.02001953125 4389.1748046875 1389.27490234375
v 5793.0283203125 4389.1748046875 1833.3270263671875
v 5348.56787109375 4389.1748046875 -171.50650024414062
v 7351.5595703125 4503.7607421875 -615.55859375
v 7796.02001953125 4503.7607421875 1389.27490234375
v 5793.0283203125 4503.7607421875 1833.3270263671875
v 5348.56787109375 4503.7607421875 -171.50650024414062
v 5818.3759765625 9.085205078125 1791.346923828125
v 5811.8828125 9.085205078125 1762.0579833984375
v 5841.38330078125 9.085205078125 1755.5179443359375
v 5847.87646484375 9.085205078125 1784.8067626953125
v 5818.3759765625 319.085205078125 1791.346923828125
v 5811.8828125 319.085205078125 1762.0579833984375
v 5841.38330078125 319.085205078125 1755.5179443359375
v 5847.87646484375 319.085205078125 1784.8067626953125
v 5408.6923828125 9.084794998168945 -128.60670471191406
v 6189.7314453125 9.08480453491211 -301.7586364746094
v 6211.4462890625 9.084798812866211 -203.8086700439453
v 5430.40771484375 9.084790229797363 -30.656747817993164
v 5408.6923828125 309.0848083496094 -128.606689453125
v 6189.7314453125 309.0848083496094 -301.75860595703125
v 6211.4462890625 309.0848083496094 -203.80865478515625
v 5430.40771484375 309.08477783203125 -30.6567325592041
v 6174.5830078125 9.085205078125 -307.8923645019531
v 6203.8720703125 9.085205078125 -314.3855285644531
v 6207.81103515625 9.085205078125 -296.6177062988281
v 6178.52197265625 9.085205078125 -290.1245422363281
v 6174.5830078125 319.085205078125 -307.8923645019531
v 6203.8720703125 319.085205078125 -314.3855285644531
v 6207.81103515625 319.085205078125 -296.6177062988281
v 6178.52197265625 319.085205078125 -290.1245422363281
v 7491.28076171875 9.085205078125 219.38165283203125
v 7497.77392578125 9.085205078125 248.6705322265625
v 7480.00634765625 9.085205078125 252.60955810546875
v 7473.51318359375 9.085205078125 223.3206787109375
v 7491.28076171875 319.085205078125 219.38165283203125
v 7497.77392578125 319.085205078125 248.6705322265625
v 7480.00634765625 319.085205078125 252.60955810546875
v 7473.51318359375 319.085205078125 223.3206787109375
v 7559.9326171875 9.084732055664062 568.2695922851562
v 7733.08447265625 9.084694862365723 1349.308349609375
v 7635.13427734375 9.084701538085938 1371.0233154296875
v 7461.982421875 9.084738731384277 589.9845581054688
v 7559.9326171875 309.084716796875 568.2695922851562
v 7733.08447265625 309.0846862792969 1349.308349609375
v 7635.13427734375 309.0846862792969 1371.0233154296875
v 7461.982421875 309.0847473144531 589.9845581054688
v 7734.21435546875 9.08479118347168 1351.114501953125
v 6953.17578125 9.084736824035645 1524.2664794921875
v 6931.46044921875 9.084752082824707 1426.31640625
v 7712.49951171875 9.084807395935059 1253.16455078125
v 7734.21435546875 309.08477783203125 1351.114501953125
v 6953.17578125 309.0847473144531 1524.2664794921875
v 6931.46044921875 309.0847473144531 1426.3165283203125
v 7712.49951171875 309.0848083496094 1253.16455078125
v 7715.564453125 3385.105712890625 -516.3126220703125
v 7878.23046875 3385.105712890625 217.42724609375
v 7520.57275390625 3385.105712890625 296.71807861328125
v 7357.90625 3385.105712890625 -437.0217590332031
v 7715.564453125 4034.764892578125 -516.3126220703125
v 7878.23046875 4034.764892578125 217.42724609375
v 7520.57275390625 4034.764892578125 296.71807861328125
v 7357.90625 4034.764892578125 -437.0217590332031
v 7746.0615234375 9.085205078125 1357.9144287109375
v 7716.7724609375 9.085205078125 1364.4075927734375
v 7710.232421875 9.085205078125 1334.9071044921875
v 7739.521484375 9.085205078125 1328.413818359375
v 7746.0615234375 319.085205078125 1357.9144287109375
v 7716.7724609375 319.085205078125 1364.4075927734375
v 7710.232421875 319.085205078125 1334.9071044921875
v 7739.521484375 319.085205078125 1328.413818359375
v 6973.0439453125 9.085205078125 1530.556396484375
v 6943.7548828125 9.085205078125 1537.049560546875
v 6939.81591796875 9.085205078125 1519.28173828125
v 6969.10498046875 9.085205078125 1512.78857421875
v 6973.0439453125 319.085205078125 1530.556396484375
v 6943.7548828125 319.085205078125 1537.049560546875
v 6939.81591796875 319.085205078125 1519.28173828125
v 6969.10498046875 319.085205078125 1512.78857421875
v 7754.1982421875 856.7822265625 -339.4878845214844
v 7916.63037109375 856.7822265625 393.19561767578125
v 7570.72998046875 856.7822265625 469.8799133300781
v 7408.2978515625 856.7822265625 -262.8035888671875
v 7754.1982421875 1489.0291748046875 -339.4878845214844
v 7916.63037109375 1489.0291748046875 393.19561767578125
v 7570.72998046875 1489.0291748046875 469.8799133300781
v 7408.2978515625 1489.0291748046875 -262.8035888671875
v 7715.564453125 1350.0462646484375 -516.3126220703125
v 7878.23046875 1350.0462646484375 217.42724609375
v 7520.57275390625 1350.0462646484375 296.71807861328125
v 7357.90625 1350.0462646484375 -437.0217590332031
v 7715.564453125 1999.7054443359375 -516.3126220703125
v 7878.23046875 1999.7054443359375 217.42724609375
v 7520.57275390625 1999.7054443359375 296.71807861328125
v 7357.90625 1999.7054443359375 -437.0217590332031
v 7754.1982421875 1869.67724609375 -339.4878845214844
v 7916.63037109375 1869.67724609375 393.19561767578125
v 7570.72998046875 1869.67724609375 469.8799133300781
v 7408.2978515625 1869.67724609375 -262.8035888671875
v 7754.1982421875 2501.92431640625 -339.4878845214844
v 7916.63037109375 2501.92431640625 393.19561767578125
v 7570.72998046875 2501.92431640625 469.8799133300781
v 7408.2978515625 2501.92431640625 -262.8035888671875
v 7754.1982421875 2885.95361328125 -339.4878845214844
v 7916.63037109375 2885.95361328125 393.19561767578125
v 7570.72998046875 2885.95361328125 469.8799133300781
v 7408.2978515625 2885.95361328125 -262.8035888671875
v 7754.1982421875 3518.20068359375 -339.4878845214844
v 7916.63037109375 3518.20068359375 393.19561767578125
v 7570.72998046875 3518.20068359375 469.8799133300781
v 7408.2978515625 3518.20068359375 -262.8035888671875
v 7754.1982421875 3903.87646484375 -339.4878845214844
v 7916.63037109375 3903.87646484375 393.19561767578125
v 7570.72998046875 3903.87646484375 469.8799133300781
v 7408.2978515625 3903.87646484375 -262.8035888671875
v 7754.1982421875 4536.12353515625 -339.4878845214844
v 7916.63037109375 4536.12353515625 393.19561767578125
v 7570.72998046875 4536.12353515625 469.8799133300781
v 7408.2978515625 4536.12353515625 -262.8035888671875
v 7715.564453125 2368.146240234375 -516.3126220703125
v 7878.23046875 2368.146240234375 217.42724609375
v 7520.57275390625 2368.146240234375 296.71807861328125
v 7357.90625 2368.146240234375 -437.0217590332031
v 7715.564453125 3017.805419921875 -516.3126220703125
v 7878.23046875 3017.805419921875 217.42724609375
v 7520.57275390625 3017.805419921875 296.71807861328125
v 7357.90625 3017.805419921875 -437.0217590332031
v 6850.9248046875 6218.3330078125 159.2771453857422
v 7024.1220703125 6218.3330078125 940.5198364257812
v 6242.32666015625 6218.3330078125 1113.8399658203125
v 6069.12890625 6218.3330078125 332.5971984863281
v 6850.9248046875 6938.35400390625 159.2771453857422
v 7024.1220703125 6938.35400390625 940.5198364257812
v 6242.32666015625 6938.35400390625 1113.8399658203125
v 6069.12890625 6938.35400390625 332.5971984863281
v 6530.5732421875 9.084785461425781 -375.94915771484375
v 7311.6103515625 9.084794998168945 -549.1006469726562
v 7333.3251953125 9.084789276123047 -451.15069580078125
v 6552.2880859375 9.0847806930542 -277.99920654296875
v 6530.5732421875 309.08477783203125 -375.9491271972656
v 7311.6103515625 309.0848083496094 -549.1006469726562
v 7333.3251953125 309.08477783203125 -451.15069580078125
v 6552.2880859375 309.08477783203125 -277.9991760253906
v 7311.6044921875 9.084750175476074 -544.1204223632812
v 7484.755859375 9.084729194641113 236.91639709472656
v 7455.46728515625 9.084736824035645 243.4095916748047
v 7282.3154296875 9.084757804870605 -537.6272583007812
v 7311.6044921875 309.1562805175781 -544.1204833984375
v 7484.755859375 309.15625 236.9163818359375
v 7455.46728515625 309.1562805175781 243.40956115722656
v 7282.3154296875 309.1562805175781 -537.6273193359375
v 7320.5439453125 9.085205078125 -561.1906127929688
v 7327.037109375 9.085205078125 -531.9017333984375
v 7297.53662109375 9.085205078125 -525.3616333007812
v 7291.04345703125 9.085205078125 -554.6505126953125
v 7320.5439453125 319.085205078125 -561.1906127929688
v 7327.037109375 319.085205078125 -531.9017333984375
v 7297.53662109375 319.085205078125 -525.3616333007812
v 7291.04345703125 319.085205078125 -554.6505126953125
v 7566.72607421875 9.085205078125 559.6804809570312
v 7573.21923828125 9.085205078125 588.9693603515625
v 7555.45166015625 9.085205078125 592.9083862304688
v 7548.95849609375 9.085205078125 563.6195068359375
v 7566.72607421875 319.085205078125 559.6804809570312
v 7573.21923828125 319.085205078125 588.9693603515625
v 7555.45166015625 319.085205078125 592.9083862304688
v 7548.95849609375 319.085205078125 563.6195068359375
v 6509.6845703125 9.085205078125 -382.1814270019531
v 6538.9736328125 9.085205078125 -388.6745910644531
v 6542.91259765625 9.085205078125 -370.9067687988281
v 6513.62353515625 9.085205078125 -364.4136047363281
v 6509.6845703125 319.085205078125 -382.1814270019531
v 6538.9736328125 319.085205078125 -388.6745910644531
v 6542.91259765625 319.085205078125 -370.9067687988281
v 6513.62353515625 319.085205078125 -364.4136047363281
v -7810.27392578125 450.564453125 12794.0185546875
v -7810.27392578125 450.564453125 12434.4951171875
v -7441.58837890625 450.564453125 12434.4951171875
v -7441.58837890625 450.564453125 12794.0185546875
v -7810.27392578125 1051.81982421875 12794.0185546875
v -7810.27392578125 1051.81982421875 12434.4951171875
v -7441.58837890625 1051.81982421875 12434.4951171875
v -7441.58837890625 1051.81982421875 12794.0185546875
v -7864.00830078125 450.20849609375 14374.6513671875
v -7864.00830078125 450.20849609375 12774.6513671875
v -7463.95556640625 450.20849609375 12774.6513671875
v -7463.95556640625 450.20849609375 14374.6513671875
v -7864.00830078125 1252.86376953125 14374.6513671875
v -7864.00830078125 1252.86376953125 12774.6513671875
v -7463.95556640625 1252.86376953125 12774.6513671875
v -7463.95556640625 1252.86376953125 14374.6513671875
v -7463.689453125 450.20849609375 12374.279296875
v -5863.689453125 450.20849609375 12374.279296875
v -5863.689453125 450.20849609375 12774.33203125
v -7463.689453125 450.20849609375 12774.33203125
v -7463.689453125 1252.86376953125 12374.279296875
v -5863.689453125 1252.86376953125 12374.279296875
v -5863.689453125 1252.86376953125 12774.33203125
v -7463.689453125 1252.86376953125 12774.33203125
v -5463.7421875 450.20849609375 12774.4765625
v -5463.7421875 450.20849609375 14374.4765625
v -5863.794921875 450.20849609375 14374.4765625
v -5863.794921875 450.20849609375 12774.4765625
v -5463.7421875 1252.86376953125 12774.4765625
v -5463.7421875 1252.86376953125 14374.4765625
v -5863.794921875 1252.86376953125 14374.4765625
v -5863.794921875 1252.86376953125 12774.4765625
v -5864.06201171875 450.20849609375 14774.845703125
v -7464.06201171875 450.20849609375 14774.845703125
v -7464.06201171875 450.20849609375 14374.79296875
v -5864.06201171875 450.20849609375 14374.79296875
v -5864.06201171875 1252.86376953125 14774.845703125
v -7464.06201171875 1252.86376953125 14774.845703125
v -7464.06201171875 1252.86376953125 14374.79296875
v -5864.06201171875 1252.86376953125 14374.79296875
v -5516.775390625 450.564453125 14353.8046875
v -5516.775390625 450.564453125 14713.328125
v -5885.4609375 450.564453125 14713.328125
v -5885.4609375 450.564453125 14353.8046875
v -5516.775390625 1051.81982421875 14353.8046875
v -5516.775390625 1051.81982421875 14713.328125
v -5885.4609375 1051.81982421875 14713.328125
v -5885.4609375 1051.81982421875 14353.8046875
v -5884.99560546875 450.564453125 12427.0068359375
v -5525.47216796875 450.564453125 12427.0068359375
v -5525.47216796875 450.564453125 12795.6923828125
v -5884.99560546875 450.564453125 12795.6923828125
v -5884.99560546875 1051.81982421875 12427.0068359375
v -5525.47216796875 1051.81982421875 12427.0068359375
v -5525.47216796875 1051.81982421875 12795.6923828125
v -5884.99560546875 1051.81982421875 12795.6923828125
v -7442.12109375 450.564453125 14720.03515625
v -7801.64453125 450.564453125 14720.03515625
v -7801.64453125 450.564453125 14351.349609375
v -7442.12109375 450.564453125 14351.349609375
v -7442.12109375 1051.81982421875 14720.03515625
v -7801.64453125 1051.81982421875 14720.03515625
v -7801.64453125 1051.81982421875 14351.349609375
v -7442.12109375 1051.81982421875 14351.349609375
v -7704.10888671875 8.171142578125 12529.0458984375
v -7674.10888671875 8.171142578125 12529.0458984375
v -7674.10888671875 8.171142578125 12559.2626953125
v -7704.10888671875 8.171142578125 12559.2626953125
v -7704.10888671875 318.171142578125 12529.0458984375
v -7674.10888671875 318.171142578125 12529.0458984375
v -7674.10888671875 318.171142578125 12559.2626953125
v -7704.10888671875 318.171142578125 12559.2626953125
v -7684.513671875 8.17064094543457 12545.333984375
v -6884.513671875 8.170580863952637 12545.333984375
v -6884.513671875 8.17056655883789 12575.078125
v -7684.513671875 8.17062759399414 12575.078125
v -7684.513671875 308.1884765625 12545.333984375
v -6884.513671875 308.18841552734375 12545.333984375
v -6884.513671875 308.1883850097656 12575.078125
v -7684.513671875 308.1884460449219 12575.078125
v -7691.00146484375 8.17024040222168 13345.2255859375
v -7691.00146484375 8.170223236083984 12545.2236328125
v -7590.67333984375 8.170205116271973 12545.2236328125
v -7590.67333984375 8.170222282409668 13345.2255859375
v -7691.00146484375 308.17022705078125 13345.2255859375
v -7691.00146484375 308.17022705078125 12545.2236328125
v -7590.67333984375 308.1701965332031 12545.2236328125
v -7590.67333984375 308.17022705078125 13345.2255859375
v -5635.6064453125 8.170585632324219 13802.560546875
v -5635.6064453125 8.170500755310059 14602.5625
v -5735.9345703125 8.170527458190918 14602.5625
v -5735.9345703125 8.170612335205078 13802.560546875
v -5635.6064453125 308.17059326171875 13802.560546875
v -5635.6064453125 308.1705017089844 14602.5625
v -5735.9345703125 308.1705322265625 14602.5625
v -5735.9345703125 308.1706237792969 13802.560546875
v -5619.958984375 8.171142578125 14623.052734375
v -5649.95458984375 8.171142578125 14622.529296875
v -5649.42724609375 8.171142578125 14592.3173828125
v -5619.431640625 8.171142578125 14592.8408203125
v -5619.958984375 318.171142578125 14623.052734375
v -5649.95458984375 318.171142578125 14622.529296875
v -5649.42724609375 318.171142578125 14592.3173828125
v -5619.431640625 318.171142578125 14592.8408203125
v -7690.74951171875 8.170466423034668 14600.4384765625
v -7690.74951171875 8.170449256896973 13800.4384765625
v -7660.74951171875 8.170443534851074 13800.4384765625
v -7660.74951171875 8.170461654663086 14600.4384765625
v -7690.74951171875 308.24200439453125 14600.4384765625
v -7690.74951171875 308.2419738769531 13800.4384765625
v -7660.74951171875 308.2419738769531 13800.4384765625
v -7660.74951171875 308.24200439453125 14600.4384765625
v -6090.9892578125 8.17065715789795 14603.5693359375
v -6890.9892578125 8.17060661315918 14603.5693359375
v -6890.9892578125 8.170783042907715 13905.7900390625
v -6090.9892578125 8.170833587646484 13905.7900390625
v -6090.9892578125 308.170654296875 14603.5693359375
v -6890.9892578125 308.17059326171875 14603.5693359375
v -6890.9892578125 308.1707763671875 13905.7900390625
v -6090.9892578125 308.17083740234375 13905.7900390625
v -6897.8046875 8.171142578125 12532.7392578125
v -6867.8154296875 8.171142578125 12533.5244140625
v -6868.29150390625 8.171142578125 12551.7177734375
v -6898.28125 8.171142578125 12550.9326171875
v -6897.8046875 318.171142578125 12532.7392578125
v -6867.8154296875 318.171142578125 12533.5244140625
v -6868.29150390625 318.171142578125 12551.7177734375
v -6898.28125 318.171142578125 12550.9326171875
v -6093.166015625 8.171142578125 12535.4189453125
v -6063.1767578125 8.171142578125 12536.2041015625
v -6063.65283203125 8.171142578125 12554.3974609375
v -6093.642578125 8.171142578125 12553.6123046875
v -6093.166015625 318.171142578125 12535.4189453125
v -6063.1767578125 318.171142578125 12536.2041015625
v -6063.65283203125 318.171142578125 12554.3974609375
v -6093.642578125 318.171142578125 12553.6123046875
v -5624.765625 8.171142578125 13336.4951171875
v -5624.765625 8.171142578125 13366.4951171875
v -5642.96484375 8.171142578125 13366.4951171875
v -5642.96484375 8.171142578125 13336.4951171875
v -5624.765625 318.171142578125 13336.4951171875
v -5624.765625 318.171142578125 13366.4951171875
v -5642.96484375 318.171142578125 13366.4951171875
v -5642.96484375 318.171142578125 13336.4951171875
v -5624.05078125 8.171142578125 13785.4873046875
v -5624.05078125 8.171142578125 13815.4873046875
v -5642.25 8.171142578125 13815.4873046875
v -5642.25 8.171142578125 13785.4873046875
v -5624.05078125 318.171142578125 13785.4873046875
v -5624.05078125 318.171142578125 13815.4873046875
v -5642.25 318.171142578125 13815.4873046875
v -5642.25 318.171142578125 13785.4873046875
v -6070.763671875 8.171142578125 14616.134765625
v -6100.76220703125 8.171142578125 14615.873046875
v -6100.603515625 8.171142578125 14597.673828125
v -6070.60498046875 8.171142578125 14597.935546875
v -6070.763671875 318.171142578125 14616.134765625
v -6100.76220703125 318.171142578125 14615.873046875
v -6100.603515625 318.171142578125 14597.673828125
v -6070.60498046875 318.171142578125 14597.935546875
v -6879.654296875 8.171142578125 14612.060546875
v -6909.65283203125 8.171142578125 14611.798828125
v -6909.494140625 8.171142578125 14593.599609375
v -6879.49560546875 8.171142578125 14593.861328125
v -6879.654296875 318.171142578125 14612.060546875
v -6909.65283203125 318.171142578125 14611.798828125
v -6909.494140625 318.171142578125 14593.599609375
v -6879.49560546875 318.171142578125 14593.861328125
v -7704.46435546875 8.171142578125 13810.52734375
v -7703.67919921875 8.171142578125 13780.537109375
v -7685.48583984375 8.171142578125 13781.013671875
v -7686.271484375 8.171142578125 13811.00390625
v -7704.46435546875 318.171142578125 13810.52734375
v -7703.67919921875 318.171142578125 13780.537109375
v -7685.48583984375 318.171142578125 13781.013671875
v -7686.271484375 318.171142578125 13811.00390625
v -7704.35302734375 8.171142578125 13363.427734375
v -7703.56787109375 8.171142578125 13333.4375
v -7685.37451171875 8.171142578125 13333.9140625
v -7686.16015625 8.171142578125 13363.904296875
v -7704.35302734375 318.171142578125 13363.427734375
v -7703.56787109375 318.171142578125 13333.4375
v -7685.37451171875 318.171142578125 13333.9140625
v -7686.16015625 318.171142578125 13363.904296875
v -7708.39990234375 8.171142578125 14611.7099609375
v -7708.13818359375 8.171142578125 14581.7109375
v -7677.92236328125 8.171142578125 14581.974609375
v -7678.18408203125 8.171142578125 14611.9736328125
v -7708.39990234375 318.171142578125 14611.7099609375
v -7708.13818359375 318.171142578125 14581.7109375
v -7677.92236328125 318.171142578125 14581.974609375
v -7678.18408203125 318.171142578125 14611.9736328125
v -6882.4169921875 8.170483589172363 12546.2373046875
v -6082.4169921875 8.170465469360352 12546.2373046875
v -6082.4169921875 8.17050838470459 13244.0166015625
v -6882.4169921875 8.170525550842285 13244.0166015625
v -6882.4169921875 308.17047119140625 12546.2373046875
v -6082.4169921875 308.17047119140625 12546.2373046875
v -6082.4169921875 308.1705017089844 13244.0166015625
v -6882.4169921875 308.1705322265625 13244.0166015625
v -5635.6064453125 8.170585632324219 12550.005859375
v -5635.60693359375 8.170500755310059 13350.0078125
v -5735.93505859375 8.170527458190918 13350.0078125
v -5735.9345703125 8.170612335205078 12550.005859375
v -5635.6064453125 308.17059326171875 12550.005859375
v -5635.6064453125 308.1705017089844 13350.0078125
v -5735.9345703125 308.1705322265625 13350.0078125
v -5735.9345703125 308.1706237792969 12550.005859375
v -5623.07421875 8.171142578125 12536.017578125
v -5623.59765625 8.171142578125 12566.013671875
v -5653.81005859375 8.171142578125 12565.486328125
v -5653.2861328125 8.171142578125 12535.490234375
v -5623.07421875 318.171142578125 12536.017578125
v -5623.59765625 318.171142578125 12566.013671875
v -5653.81005859375 318.171142578125 12565.486328125
v -5653.2861328125 318.171142578125 12535.490234375
v -6891.1953125 8.170445442199707 14602.625
v -7691.1650390625 8.170464515686035 14595.64453125
v -7690.9052734375 8.170455932617188 14565.9013671875
v -6890.93603515625 8.17043685913086 14572.8828125
v -6891.1953125 308.1882629394531 14602.625
v -7691.1650390625 308.18829345703125 14595.64453125
v -7690.9052734375 308.18829345703125 14565.9013671875
v -6890.93603515625 308.1882629394531 14572.8828125
v 12226.96875 450.564453125 -189.81900024414062
v 12295.568359375 450.564453125 163.09896850585938
v 11933.6572265625 450.564453125 233.44754028320312
v 11865.056640625 450.564453125 -119.47044372558594
v 12226.96875 1051.81982421875 -189.81900024414062
v 12295.568359375 1051.81982421875 163.09896850585938
v 11933.6572265625 1051.81982421875 233.44754028320312
v 11865.056640625 1051.81982421875 -119.47044372558594
v 11978.1181640625 450.20849609375 -1751.6632080078125
v 12283.4130859375 450.20849609375 -181.0596923828125
v 11890.7099609375 450.20849609375 -104.72598266601562
v 11585.416015625 450.20849609375 -1675.3294677734375
v 11978.1181640625 1252.86376953125 -1751.6632080078125
v 12283.4130859375 1252.86376953125 -181.0596923828125
v 11890.7099609375 1252.86376953125 -104.72598266601562
v 11585.416015625 1252.86376953125 -1675.3294677734375
v 12173.3134765625 8.171142578125 90.54376220703125
v 12143.8642578125 8.171142578125 96.2680435180664
v 12138.0986328125 8.171142578125 66.60641479492188
v 12167.5478515625 8.171142578125 60.882137298583984
v 12173.3134765625 318.171142578125 90.54376220703125
v 12143.8642578125 318.171142578125 96.2680435180664
v 12138.0986328125 318.171142578125 66.60641479492188
v 12167.5478515625 318.171142578125 60.882137298583984
v 12004.7099609375 8.170376777648926 -708.1378784179688
v 12157.357421875 8.170353889465332 77.1657943725586
v 12058.873046875 8.170370101928711 96.3093032836914
v 11906.2255859375 8.170392990112305 -688.9943237304688
v 12004.7099609375 308.1703796386719 -708.1378784179688
v 12157.357421875 308.17034912109375 77.16577911376953
v 12058.873046875 308.1703796386719 96.30928802490234
v 11906.2255859375 308.1703796386719 -688.994384765625
v 9938.5537109375 450.20849609375 -1762.8995361328125
v 11509.1572265625 450.20849609375 -2068.1943359375
v 11585.4912109375 450.20849609375 -1675.4915771484375
v 10014.8876953125 450.20849609375 -1370.1968994140625
v 9938.5537109375 1252.86376953125 -1762.8995361328125
v 11509.1572265625 1252.86376953125 -2068.1943359375
v 11585.4912109375 1252.86376953125 -1675.4915771484375
v 10014.8876953125 1252.86376953125 -1370.1968994140625
v 9727.8994140625 8.171142578125 -1567.3162841796875
v 9757.443359375 8.171142578125 -1572.525634765625
v 9762.6904296875 8.171142578125 -1542.7679443359375
v 9733.146484375 8.171142578125 -1537.5584716796875
v 9727.8994140625 318.171142578125 -1567.3162841796875
v 9757.443359375 318.171142578125 -1572.525634765625
v 9762.6904296875 318.171142578125 -1542.7679443359375
v 9733.146484375 318.171142578125 -1537.5584716796875
v 9677.986328125 450.564453125 -1283.3238525390625
v 9609.38671875 450.564453125 -1636.2418212890625
v 9971.2978515625 450.564453125 -1706.59033203125
v 10039.8984375 450.564453125 -1353.67236328125
v 9677.986328125 1051.81982421875 -1283.3238525390625
v 9609.38671875 1051.81982421875 -1636.2418212890625
v 9971.2978515625 1051.81982421875 -1706.59033203125
v 10039.8984375 1051.81982421875 -1353.67236328125
v 11498.078125 450.564453125 -2010.19970703125
v 11850.99609375 450.564453125 -2078.800048828125
v 11921.3447265625 450.564453125 -1716.88818359375
v 11568.4267578125 450.564453125 -1648.2879638671875
v 11498.078125 1051.81982421875 -2010.19970703125
v 11850.99609375 1051.81982421875 -2078.800048828125
v 11921.3447265625 1051.81982421875 -1716.88818359375
v 11568.4267578125 1051.81982421875 -1648.2879638671875
v 9899.8173828125 8.17058277130127 -764.8860473632812
v 9747.1689453125 8.17058277130127 -1550.189697265625
v 9845.654296875 8.170595169067383 -1569.333251953125
v 9998.3017578125 8.170595169067383 -784.029541015625
v 9899.8173828125 308.17059326171875 -764.8860473632812
v 9747.1689453125 308.17059326171875 -1550.189697265625
v 9845.654296875 308.17059326171875 -1569.3331298828125
v 9998.3017578125 308.17059326171875 -784.029541015625
v 10171.740234375 8.171142578125 -1646.5455322265625
v 10201.23828125 8.171142578125 -1652.0125732421875
v 10204.5546875 8.171142578125 -1634.1181640625
v 10175.056640625 8.171142578125 -1628.651123046875
v 10171.740234375 318.171142578125 -1646.5455322265625
v 10201.23828125 318.171142578125 -1652.0125732421875
v 10204.5546875 318.171142578125 -1634.1181640625
v 10175.056640625 318.171142578125 -1628.651123046875
v 12150.9697265625 8.170668601989746 78.291259765625
v 11365.66796875 8.170609474182129 230.93856811523438
v 11359.9921875 8.17060375213623 201.7409210205078
v 12145.2939453125 8.170663833618164 49.09360122680664
v 12150.9697265625 308.1884765625 78.29121398925781
v 11365.66796875 308.1884460449219 230.93853759765625
v 11359.9921875 308.18841552734375 201.74087524414062
v 12145.2939453125 308.1884765625 49.09355926513672
v 11764.9580078125 8.170598030090332 -1940.2432861328125
v 11917.60546875 8.170575141906738 -1154.9415283203125
v 11888.15625 8.17057991027832 -1149.21728515625
v 11735.5087890625 8.170602798461914 -1934.51904296875
v 11764.9580078125 308.24212646484375 -1940.2432861328125
v 11917.60546875 308.2420959472656 -1154.9415283203125
v 11888.15625 308.24212646484375 -1149.21728515625
v 11735.5087890625 308.24212646484375 -1934.51904296875
v 10138.8173828125 8.17058277130127 464.65887451171875
v 9986.169921875 8.17058277130127 -320.644775390625
v 10084.654296875 8.170595169067383 -339.7882995605469
v 10237.3017578125 8.170595169067383 445.5153503417969
v 10138.8173828125 308.17059326171875 464.65887451171875
v 9986.169921875 308.17059326171875 -320.644775390625
v 10084.654296875 308.17059326171875 -339.7882995605469
v 10237.3017578125 308.17059326171875 445.5153503417969
v 10979.677734375 8.170751571655273 -1789.8275146484375
v 11766.2822265625 8.1707763671875 -1935.615966796875
v 11771.7021484375 8.170774459838867 -1906.369873046875
v 10985.0986328125 8.17074966430664 -1760.5814208984375
v 10979.677734375 308.1885681152344 -1789.8275146484375
v 11766.2822265625 308.1885986328125 -1935.615966796875
v 11771.7021484375 308.1885986328125 -1906.369873046875
v 10985.0986328125 308.1885681152344 -1760.5814208984375
v 11966.841796875 450.20849609375 288.3390197753906
v 10396.23828125 450.20849609375 593.6334228515625
v 10319.9052734375 450.20849609375 200.93081665039062
v 11890.5087890625 450.20849609375 -104.36360931396484
v 11966.841796875 1252.86376953125 288.3390197753906
v 10396.23828125 1252.86376953125 593.6334228515625
v 10319.9052734375 1252.86376953125 200.93081665039062
v 11890.5087890625 1252.86376953125 -104.36360931396484
v 12014.345703125 8.171142578125 -728.5552368164062
v 12019.296875 8.171142578125 -698.9666748046875
v 12001.34765625 8.171142578125 -695.9629516601562
v 11996.396484375 8.171142578125 -725.551513671875
v 12014.345703125 318.171142578125 -728.5552368164062
v 12019.296875 318.171142578125 -698.9666748046875
v 12001.34765625 318.171142578125 -695.9629516601562
v 11996.396484375 318.171142578125 -725.551513671875
v 11381.1181640625 8.171142578125 240.76966857910156
v 11351.529296875 8.171142578125 245.72109985351562
v 11348.525390625 8.171142578125 227.77146911621094
v 11378.1142578125 8.171142578125 222.82003784179688
v 11381.1181640625 318.171142578125 240.76966857910156
v 11351.529296875 318.171142578125 245.72109985351562
v 11348.525390625 318.171142578125 227.77146911621094
v 11378.1142578125 318.171142578125 222.82003784179688
v 10590.7509765625 8.171142578125 391.6700439453125
v 10561.162109375 8.171142578125 396.6214904785156
v 10558.158203125 8.171142578125 378.671875
v 10587.7470703125 8.171142578125 373.7204284667969
v 10590.7509765625 318.171142578125 391.6700439453125
v 10561.162109375 318.171142578125 396.6214904785156
v 10558.158203125 318.171142578125 378.671875
v 10587.7470703125 318.171142578125 373.7204284667969
v 9978.103515625 8.171142578125 -305.3143005371094
v 9972.37890625 8.171142578125 -334.7630920410156
v 9990.244140625 8.171142578125 -338.2356872558594
v 9995.96875 8.171142578125 -308.786865234375
v 9978.103515625 318.171142578125 -305.3143005371094
v 9972.37890625 318.171142578125 -334.7630920410156
v 9990.244140625 318.171142578125 -338.2356872558594
v 9995.96875 318.171142578125 -308.786865234375
v 9891.7314453125 8.171142578125 -745.9216918945312
v 9886.0068359375 8.171142578125 -775.3705444335938
v 9903.8720703125 8.171142578125 -778.8430786132812
v 9909.5966796875 8.171142578125 -749.394287109375
v 9891.7314453125 318.171142578125 -745.9216918945312
v 9886.0068359375 318.171142578125 -775.3705444335938
v 9903.8720703125 318.171142578125 -778.8430786132812
v 9909.5966796875 318.171142578125 -749.394287109375
v 10194.0673828125 8.170536041259766 -1638.093017578125
v 10979.369140625 8.170547485351562 -1790.7403564453125
v 11112.51171875 8.170648574829102 -1105.78125
v 10327.2099609375 8.170637130737305 -953.1339111328125
v 10194.0673828125 308.1705322265625 -1638.0931396484375
v 10979.369140625 308.1705627441406 -1790.7403564453125
v 11112.51171875 308.170654296875 -1105.78125
v 10327.2099609375 308.1706237792969 -953.1339721679688
v 10966.548828125 8.171142578125 -1796.8873291015625
v 10996.046875 8.171142578125 -1802.3543701171875
v 10999.36328125 8.171142578125 -1784.4599609375
v 10969.865234375 8.171142578125 -1778.992919921875
v 10966.548828125 318.171142578125 -1796.8873291015625
v 10996.046875 318.171142578125 -1802.3543701171875
v 10999.36328125 318.171142578125 -1784.4599609375
v 10969.865234375 318.171142578125 -1778.992919921875
v 10129.1826171875 8.171142578125 480.78118896484375
v 10123.97265625 8.171142578125 451.2369384765625
v 10153.73046875 8.171142578125 445.9898681640625
v 10158.9404296875 8.171142578125 475.5340881347656
v 10129.1826171875 318.171142578125 480.78118896484375
v 10123.97265625 318.171142578125 451.2369384765625
v 10153.73046875 318.171142578125 445.9898681640625
v 10158.9404296875 318.171142578125 475.5340881347656
v 11929.142578125 8.171142578125 -1167.4595947265625
v 11934.09375 8.171142578125 -1137.8709716796875
v 11916.14453125 8.171142578125 -1134.8671875
v 11911.193359375 8.171142578125 -1164.455810546875
v 11929.142578125 318.171142578125 -1167.4595947265625
v 11934.09375 318.171142578125 -1137.8709716796875
v 11916.14453125 318.171142578125 -1134.8671875
v 11911.193359375 318.171142578125 -1164.455810546875
v 11780.1318359375 8.171142578125 -1954.6754150390625
v 11785.599609375 8.171142578125 -1925.177734375
v 11755.888671875 8.171142578125 -1919.6712646484375
v 11750.421875 8.171142578125 -1949.1688232421875
v 11780.1318359375 318.171142578125 -1954.6754150390625
v 11785.599609375 318.171142578125 -1925.177734375
v 11755.888671875 318.171142578125 -1919.6712646484375
v 11750.421875 318.171142578125 -1949.1688232421875
v 9927.2783203125 450.20849609375 277.1023864746094
v 9621.9833984375 450.20849609375 -1293.5010986328125
v 10014.6865234375 450.20849609375 -1369.8348388671875
v 10319.98046875 450.20849609375 200.76866149902344
v 9927.2783203125 1252.86376953125 277.1023864746094
v 9621.9833984375 1252.86376953125 -1293.5010986328125
v 10014.6865234375 1252.86376953125 -1369.8348388671875
v 10319.98046875 1252.86376953125 200.76866149902344
v 11363.51171875 8.170659065246582 230.43016052246094
v 10578.2099609375 8.170600891113281 383.07757568359375
v 10445.0673828125 8.170797348022461 -301.8815002441406
v 11230.369140625 8.170856475830078 -454.5289306640625
v 11363.51171875 308.170654296875 230.43023681640625
v 10578.2099609375 308.17059326171875 383.0776672363281
v 10445.0673828125 308.1708068847656 -301.88140869140625
v 11230.369140625 308.1708679199219 -454.5288391113281
v 10407.09375 450.564453125 537.8098754882812
v 10054.17578125 450.564453125 606.4102172851562
v 9983.8271484375 450.564453125 244.4984893798828
v 10336.7451171875 450.564453125 175.8981475830078
v 10407.09375 1051.81982421875 537.8098754882812
v 10054.17578125 1051.81982421875 606.4102172851562
v 9983.8271484375 1051.81982421875 244.4984893798828
v 10336.7451171875 1051.81982421875 175.8981475830078
v -6729.5712890625 450.564453125 -6447.38623046875
v -6685.75634765625 450.564453125 -6804.2294921875
v -6319.81884765625 450.564453125 -6759.29833984375
v -6363.6337890625 450.564453125 -6402.45458984375
v -6729.5712890625 1051.81982421875 -6447.38623046875
v -6685.75634765625 1051.81982421875 -6804.2294921875
v -6319.81884765625 1051.81982421875 -6759.29833984375
v -6363.6337890625 1051.81982421875 -6402.45458984375
v -6975.53662109375 450.20849609375 -4885.0849609375
v -6780.54541015625 450.20849609375 -6473.15869140625
v -6383.474609375 450.20849609375 -6424.40478515625
v -6578.4658203125 450.20849609375 -4836.3310546875
v -6975.53662109375 1252.86376953125 -4885.0849609375
v -6780.54541015625 1252.86376953125 -6473.15869140625
v -6383.474609375 1252.86376953125 -6424.40478515625
v -6578.4658203125 1252.86376953125 -4836.3310546875
v -6334.4150390625 450.20849609375 -6821.75732421875
v -4746.34130859375 450.20849609375 -6626.7666015625
v -4795.095703125 450.20849609375 -6229.69580078125
v -6383.16943359375 450.20849609375 -6424.6865234375
v -6334.4150390625 1252.86376953125 -6821.75732421875
v -4746.34130859375 1252.86376953125 -6626.7666015625
v -4795.095703125 1252.86376953125 -6229.69580078125
v -6383.16943359375 1252.86376953125 -6424.6865234375
v -4398.14990234375 450.20849609375 -6180.81103515625
v -4593.140625 450.20849609375 -4592.7373046875
v -4990.21142578125 450.20849609375 -4641.4912109375
v -4795.220703125 450.20849609375 -6229.5654296875
v -4398.14990234375 1252.86376953125 -6180.81103515625
v -4593.140625 1252.86376953125 -4592.7373046875
v -4990.21142578125 1252.86376953125 -4641.4912109375
v -4795.220703125 1252.86376953125 -6229.5654296875
v -5039.27001953125 450.20849609375 -4244.1396484375
v -6627.34375 450.20849609375 -4439.13037109375
v -6578.58984375 450.20849609375 -4836.201171875
v -4990.515625 450.20849609375 -4641.21044921875
v -5039.27001953125 1252.86376953125 -4244.1396484375
v -6627.34375 1252.86376953125 -4439.13037109375
v -6578.58984375 1252.86376953125 -4836.201171875
v -4990.515625 1252.86376953125 -4641.21044921875
v -4643.25732421875 450.564453125 -4619.72119140625
v -4687.072265625 450.564453125 -4262.87744140625
v -5053.009765625 450.564453125 -4307.80859375
v -5009.19482421875 450.564453125 -4664.65234375
v -4643.25732421875 1051.81982421875 -4619.72119140625
v -4687.072265625 1051.81982421875 -4262.87744140625
v -5053.009765625 1051.81982421875 -4307.80859375
v -5009.19482421875 1051.81982421875 -4664.65234375
v -4773.91650390625 450.564453125 -6577.02783203125
v -4417.07275390625 450.564453125 -6533.212890625
v -4462.00390625 450.564453125 -6167.275390625
v -4818.84765625 450.564453125 -6211.09033203125
v -4773.91650390625 1051.81982421875 -6577.02783203125
v -4417.07275390625 1051.81982421875 -6533.212890625
v -4462.00390625 1051.81982421875 -6167.275390625
v -4818.84765625 1051.81982421875 -6211.09033203125
v -6598.8837890625 450.564453125 -4490.85986328125
v -6955.72705078125 450.564453125 -4534.6748046875
v -6910.7958984375 450.564453125 -4900.6123046875
v -6553.9521484375 450.564453125 -4856.79736328125
v -6598.8837890625 1051.81982421875 -4490.85986328125
v -6955.72705078125 1051.81982421875 -4534.6748046875
v -6910.7958984375 1051.81982421875 -4900.6123046875
v -6553.9521484375 1051.81982421875 -4856.79736328125
v -6591.90478515625 8.171142578125 -6697.4453125
v -6562.12841796875 8.171142578125 -6693.7890625
v -6565.81103515625 8.171142578125 -6663.7978515625
v -6595.58740234375 8.171142578125 -6667.45361328125
v -6591.90478515625 318.171142578125 -6697.4453125
v -6562.12841796875 318.171142578125 -6693.7890625
v -6565.81103515625 318.171142578125 -6663.7978515625
v -6595.58740234375 318.171142578125 -6667.45361328125
v -6574.44287109375 8.170775413513184 -6678.89111328125
v -5780.40576171875 8.170731544494629 -6581.3955078125
v -5784.03076171875 8.17071533203125 -6551.873046875
v -6578.0673828125 8.170759201049805 -6649.36865234375
v -6574.44287109375 308.1885986328125 -6678.890625
v -5780.40576171875 308.1885681152344 -6581.3955078125
v -5784.03076171875 308.18853759765625 -6551.873046875
v -6578.0673828125 308.1885681152344 -6649.36865234375
v -6678.36328125 8.17037582397461 -5885.75390625
v -6580.8671875 8.170390129089355 -6679.79248046875
v -6481.287109375 8.170379638671875 -6667.56591796875
v -6578.78271484375 8.170364379882812 -5873.52685546875
v -6678.36328125 308.1703796386719 -5885.75390625
v -6580.8671875 308.1703796386719 -6679.79248046875
v -6481.287109375 308.1703796386719 -6667.5654296875
v -6578.78271484375 308.1703796386719 -5873.52685546875
v -4694.0234375 8.170572280883789 -5181.33447265625
v -4791.51904296875 8.1704683303833 -4387.2958984375
v -4891.099609375 8.170496940612793 -4399.52294921875
v -4793.603515625 8.170600891113281 -5193.5615234375
v -4694.0234375 308.1705627441406 -5181.33447265625
v -4791.51904296875 308.17047119140625 -4387.2958984375
v -4891.099609375 308.1705017089844 -4399.52294921875
v -4793.603515625 308.17059326171875 -5193.5615234375
v -4778.48876953125 8.171142578125 -4365.0537109375
v -4808.19677734375 8.171142578125 -4369.22900390625
v -4803.9912109375 8.171142578125 -4399.1513671875
v -4774.283203125 8.171142578125 -4394.9765625
v -4778.48876953125 318.171142578125 -4365.0537109375
v -4808.19677734375 318.171142578125 -4369.22900390625
v -4803.9912109375 318.171142578125 -4399.1513671875
v -4774.283203125 318.171142578125 -4394.9765625
v -6831.08544921875 8.170390129089355 -4639.86181640625
v -6733.58984375 8.170405387878418 -5433.89892578125
v -6703.8134765625 8.170402526855469 -5430.24267578125
v -6801.30908203125 8.170387268066406 -4636.2060546875
v -6831.08544921875 308.2419128417969 -4639.86181640625
v -6733.58984375 308.241943359375 -5433.89892578125
v -6703.8134765625 308.241943359375 -5430.24267578125
v -6801.30908203125 308.2419128417969 -4636.2060546875
v -5243.630859375 8.170543670654297 -4441.79443359375
v -6037.66796875 8.170489311218262 -4539.28955078125
v -5952.6298828125 8.170724868774414 -5231.8681640625
v -5158.59326171875 8.170778274536133 -5134.37255859375
v -5243.630859375 308.1705322265625 -4441.79443359375
v -6037.66796875 308.1705017089844 -4539.28955078125
v -5952.6298828125 308.17071533203125 -5231.86767578125
v -5158.59326171875 308.1707763671875 -5134.37255859375
v -6037.75732421875 8.170380592346191 -4540.25146484375
v -6830.91357421875 8.170376777648926 -4644.6728515625
v -6827.03076171875 8.170371055603027 -4674.162109375
v -6033.875 8.170373916625977 -4569.7412109375
v -6037.75732421875 308.1882019042969 -4540.251953125
v -6830.91357421875 308.1882019042969 -4644.6728515625
v -6827.03076171875 308.1882019042969 -4674.16259765625
v -6033.875 308.1882019042969 -4569.7412109375
v -5792.06103515625 8.171142578125 -6595.5166015625
v -5762.390625 8.171142578125 -6591.08251953125
v -5765.08056640625 8.171142578125 -6573.0830078125
v -5794.7509765625 8.171142578125 -6577.51708984375
v -5792.06103515625 318.171142578125 -6595.5166015625
v -5762.390625 318.171142578125 -6591.08251953125
v -5765.08056640625 318.171142578125 -6573.0830078125
v -5794.7509765625 318.171142578125 -6577.51708984375
v -4993.74658203125 8.171142578125 -6494.7939453125
v -4964.076171875 8.171142578125 -6490.35986328125
v -4966.76611328125 8.171142578125 -6472.3603515625
v -4996.4365234375 8.171142578125 -6476.79443359375
v -4993.74658203125 318.171142578125 -6494.7939453125
v -4964.076171875 318.171142578125 -6490.35986328125
v -4966.76611328125 318.171142578125 -6472.3603515625
v -4996.4365234375 318.171142578125 -6476.79443359375
v -4626.4638671875 8.171142578125 -5642.60595703125
v -4630.1201171875 8.171142578125 -5612.82958984375
v -4648.18359375 8.171142578125 -5615.04736328125
v -4644.52783203125 8.171142578125 -5644.82373046875
v -4626.4638671875 318.171142578125 -5642.60595703125
v -4630.1201171875 318.171142578125 -5612.82958984375
v -4648.18359375 318.171142578125 -5615.04736328125
v -4644.52783203125 318.171142578125 -5644.82373046875
v -4680.4736328125 8.171142578125 -5196.87353515625
v -4684.1298828125 8.171142578125 -5167.09716796875
v -4702.193359375 8.171142578125 -5169.31494140625
v -4698.53759765625 8.171142578125 -5199.09130859375
v -4680.4736328125 318.171142578125 -5196.87353515625
v -4684.1298828125 318.171142578125 -5167.09716796875
v -4702.193359375 318.171142578125 -5169.31494140625
v -4698.53759765625 318.171142578125 -5199.09130859375
v -5225.08447265625 8.171142578125 -4426.85595703125
v -5254.82763671875 8.171142578125 -4430.77197265625
v -5252.4521484375 8.171142578125 -4448.8154296875
v -5222.708984375 8.171142578125 -4444.89990234375
v -5225.08447265625 318.171142578125 -4426.85595703125
v -5254.82763671875 318.171142578125 -4430.77197265625
v -5252.4521484375 318.171142578125 -4448.8154296875
v -5222.708984375 318.171142578125 -4444.89990234375
v -6027.45166015625 8.171142578125 -4529.48095703125
v -6057.19482421875 8.171142578125 -4533.39697265625
v -6054.8193359375 8.171142578125 -4551.4404296875
v -6025.076171875 8.171142578125 -4547.52490234375
v -6027.45166015625 318.171142578125 -4529.48095703125
v -6057.19482421875 318.171142578125 -4533.39697265625
v -6054.8193359375 318.171142578125 -4551.4404296875
v -6025.076171875 318.171142578125 -4547.52490234375
v -6748.43115234375 8.171142578125 -5425.56201171875
v -6743.9970703125 8.171142578125 -5455.232421875
v -6725.99755859375 8.171142578125 -5452.54248046875
v -6730.43212890625 8.171142578125 -5422.8720703125
v -6748.43115234375 318.171142578125 -5425.56201171875
v -6743.9970703125 318.171142578125 -5455.232421875
v -6725.99755859375 318.171142578125 -5452.54248046875
v -6730.43212890625 318.171142578125 -5422.8720703125
v -6693.83349609375 8.171142578125 -5869.31201171875
v -6689.3994140625 8.171142578125 -5898.982421875
v -6671.39990234375 8.171142578125 -5896.29248046875
v -6675.83447265625 8.171142578125 -5866.6220703125
v -6693.83349609375 318.171142578125 -5869.31201171875
v -6689.3994140625 318.171142578125 -5898.982421875
v -6671.39990234375 318.171142578125 -5896.29248046875
v -6675.83447265625 318.171142578125 -5866.6220703125
v -6849.9775390625 8.171142578125 -4630.82861328125
v -6846.0615234375 8.171142578125 -4660.572265625
v -6816.103515625 8.171142578125 -4656.6279296875
v -6820.01904296875 8.171142578125 -4626.884765625
v -6849.9775390625 318.171142578125 -4630.82861328125
v -6846.0615234375 318.171142578125 -4660.572265625
v -6816.103515625 318.171142578125 -4656.6279296875
v -6820.01904296875 318.171142578125 -4626.884765625
v -5778.43310546875 8.170552253723145 -6580.24365234375
v -4984.396484375 8.170537948608398 -6482.74853515625
v -5069.43408203125 8.170639038085938 -5790.17041015625
v -5863.47119140625 8.170653343200684 -5887.66552734375
v -5778.43310546875 308.1705627441406 -6580.244140625
v -4984.396484375 308.1705322265625 -6482.74853515625
v -5069.43408203125 308.1706237792969 -5790.17041015625
v -5863.47119140625 308.170654296875 -5887.66552734375
v -4541.3759765625 8.170816421508789 -6424.55517578125
v -4638.8720703125 8.1707124710083 -5630.5166015625
v -4738.4521484375 8.170741081237793 -5642.74365234375
v -4640.95654296875 8.170845031738281 -6436.7822265625
v -4541.3759765625 308.1708068847656 -6424.55517578125
v -4638.8720703125 308.17071533203125 -5630.5166015625
v -4738.4521484375 308.1707458496094 -5642.74365234375
v -4640.95654296875 308.17083740234375 -6436.7822265625
v -4527.232421875 8.171142578125 -6436.91162109375
v -4531.40771484375 8.171142578125 -6407.20361328125
v -4561.330078125 8.171142578125 -6411.4091796875
v -4557.1552734375 8.171142578125 -6441.1171875
v -4527.232421875 318.171142578125 -6436.91162109375
v -4531.40771484375 318.171142578125 -6407.20361328125
v -4561.330078125 318.171142578125 -6411.4091796875
v -4557.1552734375 318.171142578125 -6441.1171875
v 9772.380859375 9.577880859375 14405.7958984375
v 9613.7099609375 9.577880859375 14527.548828125
v 9497.9169921875 9.577880859375 14376.64453125
v 9656.587890625 9.577880859375 14254.8916015625
v 9772.380859375 76.4150390625 14405.7958984375
v 9613.7099609375 76.4150390625 14527.548828125
v 9497.9169921875 76.4150390625 14376.64453125
v 9656.587890625 76.4150390625 14254.8916015625
v 9970.208984375 9.0771484375 14432.6552734375
v 9576.0078125 9.0771484375 14735.1357421875
v 9289.1552734375 9.0771484375 14361.302734375
v 9683.35546875 9.0771484375 14058.8212890625
v 9970.208984375 666.36962890625 14432.6552734375
v 9576.0078125 666.36962890625 14735.1357421875
v 9289.1552734375 666.36962890625 14361.302734375
v 9683.35546875 666.36962890625 14058.8212890625
v 9970.208984375 9.0771484375 12333.7177734375
v 9576.0078125 9.0771484375 12636.1982421875
v 9289.1552734375 9.0771484375 12262.365234375
v 9683.35546875 9.0771484375 11959.8837890625
v 9970.208984375 666.36962890625 12333.7177734375
v 9576.0078125 666.36962890625 12636.1982421875
v 9289.1552734375 666.36962890625 12262.365234375
v 9683.35546875 666.36962890625 11959.8837890625
v 9772.380859375 9.577880859375 12306.8544921875
v 9613.7099609375 9.577880859375 12428.607421875
v 9497.9169921875 9.577880859375 12277.703125
v 9656.587890625 9.577880859375 12155.9501953125
v 9772.380859375 76.4150390625 12306.8544921875
v 9613.7099609375 76.4150390625 12428.607421875
v 9497.9169921875 76.4150390625 12277.703125
v 9656.587890625 76.4150390625 12155.9501953125
v 5198.83935546875 9.0771484375 12259.1982421875
v 4804.63916015625 9.0771484375 12561.6787109375
v 4517.7861328125 9.0771484375 12187.845703125
v 4911.98681640625 9.0771484375 11885.3642578125
v 5198.83935546875 666.36962890625 12259.1982421875
v 4804.63916015625 666.36962890625 12561.6787109375
v 4517.7861328125 666.36962890625 12187.845703125
v 4911.98681640625 666.36962890625 11885.3642578125
v 5001.0107421875 9.577880859375 12232.3388671875
v 4842.33984375 9.577880859375 12354.091796875
v 4726.546875 9.577880859375 12203.1875
v 4885.21728515625 9.577880859375 12081.4345703125
v 5001.0107421875 76.4150390625 12232.3388671875
v 4842.33984375 76.4150390625 12354.091796875
v 4726.546875 76.4150390625 12203.1875
v 4885.21728515625 76.4150390625 12081.4345703125
v -10016.4736328125 9.085205078125 -3589.01904296875
v -10172.9951171875 9.085205078125 -3713.52197265625
v -10054.5859375 9.085205078125 -3862.382568359375
v -9898.064453125 9.085205078125 -3737.879638671875
v -10016.4736328125 75.92236328125 -3589.01904296875
v -10172.9951171875 75.92236328125 -3713.52197265625
v -10054.5859375 75.92236328125 -3862.382568359375
v -9898.064453125 75.92236328125 -3737.879638671875
v -9996.748046875 8.58447265625 -3337.540283203125
v -10443.9443359375 8.58447265625 -3693.25634765625
v -10094.857421875 8.58447265625 -4132.119140625
v -9647.6611328125 8.58447265625 -3776.403076171875
v -9996.748046875 698.589111328125 -3337.540283203125
v -10443.9443359375 698.589111328125 -3693.25634765625
v -10094.857421875 698.589111328125 -4132.119140625
v -9647.6611328125 698.589111328125 -3776.403076171875
v -10089.5126953125 9.085205078125 138.8823699951172
v -10246.0341796875 9.085205078125 14.3794527053833
v -10127.625 9.085205078125 -134.48118591308594
v -9971.103515625 9.085205078125 -9.978267669677734
v -10089.5126953125 75.92236328125 138.8823699951172
v -10246.0341796875 75.92236328125 14.3794527053833
v -10127.625 75.92236328125 -134.48118591308594
v -9971.103515625 75.92236328125 -9.978267669677734
v -10069.787109375 8.58447265625 390.3610534667969
v -10516.9833984375 8.58447265625 34.645023345947266
v -10167.896484375 8.58447265625 -404.2178039550781
v -9720.7001953125 8.58447265625 -48.50178527832031
v -10069.787109375 698.589111328125 390.3610534667969
v -10516.9833984375 698.589111328125 34.645023345947266
v -10167.896484375 698.589111328125 -404.2178039550781
v -9720.7001953125 698.589111328125 -48.50178527832031
v -9951.775390625 9.577880859375 4140.73583984375
v -10031.5244140625 9.577880859375 4324.1474609375
v -10205.9599609375 9.577880859375 4248.30126953125
v -10126.2099609375 9.577880859375 4064.88916015625
v -9951.775390625 76.4150390625 4140.73583984375
v -10031.5244140625 76.4150390625 4324.1474609375
v -10205.9599609375 76.4150390625 4248.30126953125
v -10126.2099609375 76.4150390625 4064.88916015625
v -9913.0458984375 9.57763385772705 4158.4736328125
v -10076.98046875 9.57763671875 4368.30029296875
v -10244.5556640625 9.57763957977295 4237.3759765625
v -10080.62109375 9.57763671875 4027.549560546875
v -9913.0458984375 672.592041015625 4158.4736328125
v -10076.98046875 672.592041015625 4368.30029296875
v -10244.5556640625 672.592041015625 4237.3759765625
v -10080.62109375 672.592041015625 4027.549560546875
v -9913.0458984375 9.57763385772705 9576.0126953125
v -10076.98046875 9.57763671875 9785.8388671875
v -10244.5556640625 9.57763957977295 9654.9150390625
v -10080.62109375 9.57763671875 9445.0888671875
v -9913.0458984375 672.592041015625 9576.0126953125
v -10076.98046875 672.592041015625 9785.8388671875
v -10244.5556640625 672.592041015625 9654.9150390625
v -10080.62109375 672.592041015625 9445.0888671875
v -9951.775390625 9.577880859375 9558.2705078125
v -10031.5244140625 9.577880859375 9741.6826171875
v -10205.9599609375 9.577880859375 9665.8359375
v -10126.2099609375 9.577880859375 9482.4248046875
v -9951.775390625 76.4150390625 9558.2705078125
v -10031.5244140625 76.4150390625 9741.6826171875
v -10205.9599609375 76.4150390625 9665.8359375
v -10126.2099609375 76.4150390625 9482.4248046875
v -9951.775390625 9.577880859375 13436.8798828125
v -10031.5244140625 9.577880859375 13620.2919921875
v -10205.9599609375 9.577880859375 13544.4453125
v -10126.2099609375 9.577880859375 13361.0341796875
v -9951.775390625 76.4150390625 13436.8798828125
v -10031.5244140625 76.4150390625 13620.2919921875
v -10205.9599609375 76.4150390625 13544.4453125
v -10126.2099609375 76.4150390625 13361.0341796875
v -9913.0458984375 9.57763385772705 13454.6142578125
v -10076.98046875 9.57763671875 13664.4404296875
v -10244.5556640625 9.57763957977295 13533.5166015625
v -10080.62109375 9.57763671875 13323.6904296875
v -9913.0458984375 672.592041015625 13454.6142578125
v -10076.98046875 672.592041015625 13664.4404296875
v -10244.5556640625 672.592041015625 13533.5166015625
v -10080.62109375 672.592041015625 13323.6904296875
v 14069.6142578125 -3.2072689533233643 12371.1064453125
v 14265.931640625 -3.2072677612304688 12191.21484375
v 14409.6005859375 -3.207261562347412 12348.001953125
v 14213.283203125 -3.2072625160217285 12527.8935546875
v 14069.6142578125 659.80712890625 12371.1064453125
v 14265.931640625 659.80712890625 12191.21484375
v 14409.6005859375 659.80712890625 12348.001953125
v 14213.283203125 659.80712890625 12527.8935546875
v 14224.1298828125 5.878173828125 12501.5986328125
v 14106.572265625 5.878173828125 12339.794921875
v 14260.4560546875 5.878173828125 12227.9912109375
v 14378.013671875 5.878173828125 12389.794921875
v 14224.1298828125 72.71533203125 12501.5986328125
v 14106.572265625 72.71533203125 12339.794921875
v 14260.4560546875 72.71533203125 12227.9912109375
v 14378.013671875 72.71533203125 12389.794921875
v 15382.2626953125 5.878173828125 12490.5361328125
v 15264.705078125 5.878173828125 12328.732421875
v 15418.5888671875 5.878173828125 12216.9287109375
v 15536.146484375 5.878173828125 12378.732421875
v 15382.2626953125 72.71533203125 12490.5361328125
v 15264.705078125 72.71533203125 12328.732421875
v 15418.5888671875 72.71533203125 12216.9287109375
v 15536.146484375 72.71533203125 12378.732421875
v 15227.7470703125 -3.2072689533233643 12360.0439453125
v 15424.064453125 -3.2072677612304688 12180.15234375
v 15567.7333984375 -3.207261562347412 12336.939453125
v 15371.416015625 -3.2072625160217285 12516.8310546875
v 15227.7470703125 659.80712890625 12360.0439453125
v 15424.064453125 659.80712890625 12180.15234375
v 15567.7333984375 659.80712890625 12336.939453125
v 15371.416015625 659.80712890625 12516.8310546875
v 12147.091796875 118.097412109375 12234.2919921875
v 12147.091796875 118.097412109375 12234.2919921875
v 12146.0556640625 118.097412109375 12293.654296875
v 12146.0556640625 118.097412109375 12293.654296875
v 12147.091796875 226.69091796875 12234.2919921875
v 12147.091796875 226.69091796875 12234.2919921875
v 12146.0556640625 226.69091796875 12293.654296875
v 12146.0556640625 226.69091796875 12293.654296875
v 12524.7490234375 18.61376953125 12418.228515625
v 12425.98046875 18.61376953125 12433.87109375
v 12412.4326171875 18.61376953125 12348.3359375
v 12511.201171875 18.61376953125 12332.6923828125
v 12524.7490234375 138.61376953125 12418.228515625
v 12425.98046875 138.61376953125 12433.87109375
v 12412.4326171875 138.61376953125 12348.3359375
v 12511.201171875 138.61376953125 12332.6923828125
v 12070.53125 9.085205078125 12228.3759765625
v 12153.3466796875 9.085205078125 12229.8212890625
v 12151.9951171875 9.085205078125 12307.2939453125
v 12069.1787109375 9.085205078125 12305.8486328125
v 12070.53125 238.3779296875 12228.3759765625
v 12153.3466796875 238.3779296875 12229.8212890625
v 12151.9951171875 238.3779296875 12307.2939453125
v 12069.1787109375 238.3779296875 12305.8486328125
v 12207.20703125 8.58447265625 12505.5361328125
v 11922.208984375 8.58447265625 12912.5556640625
v 11536.21875 8.58447265625 12642.2822265625
v 11821.216796875 8.58447265625 12235.2626953125
v 12207.20703125 665.876953125 12505.5361328125
v 11922.208984375 665.876953125 12912.5556640625
v 11536.21875 665.876953125 12642.2822265625
v 11821.216796875 665.876953125 12235.2626953125
v 12658.2333984375 9.01611328125 12336.634765625
v 12684.06640625 9.01611328125 12375.6640625
v 12645.0361328125 9.01611328125 12401.498046875
v 12619.203125 9.01611328125 12362.4677734375
v 12658.2333984375 342.255126953125 12336.634765625
v 12684.06640625 342.255126953125 12375.6640625
v 12645.0361328125 342.255126953125 12401.498046875
v 12619.203125 342.255126953125 12362.4677734375
v 11054.244140625 9.01611328125 12252.697265625
v 11054.244140625 9.01611328125 12299.501953125
v 11007.439453125 9.01611328125 12299.501953125
v 11007.439453125 9.01611328125 12252.697265625
v 11054.244140625 342.255126953125 12252.697265625
v 11054.244140625 342.255126953125 12299.501953125
v 11007.439453125 342.255126953125 12299.501953125
v 11007.439453125 342.255126953125 12252.697265625
v 11196.3701171875 18.61376953125 12400.138671875
v 11097.6015625 18.61376953125 12415.78125
v 11084.0537109375 18.61376953125 12330.24609375
v 11182.822265625 18.61376953125 12314.6025390625
v 11196.3701171875 138.61376953125 12400.138671875
v 11097.6015625 138.61376953125 12415.78125
v 11084.0537109375 138.61376953125 12330.24609375
v 11182.822265625 138.61376953125 12314.6025390625
v 11633.9609375 8.58447265625 12815.548828125
v 11069.578125 8.58447265625 12904.9384765625
v 10981.8544921875 8.58447265625 12351.0732421875
v 11546.2373046875 8.58447265625 12261.68359375
v 11633.9609375 698.589111328125 12815.548828125
v 11069.578125 698.589111328125 12904.9384765625
v 10981.8544921875 698.589111328125 12351.0732421875
v 11546.2373046875 698.589111328125 12261.68359375
v 12075.318359375 118.097412109375 12233.0390625
v 12075.318359375 118.097412109375 12233.0390625
v 12074.2822265625 118.097412109375 12292.4013671875
v 12074.2822265625 118.097412109375 12292.4013671875
v 12075.318359375 226.69091796875 12233.0390625
v 12075.318359375 226.69091796875 12233.0390625
v 12074.2822265625 226.69091796875 12292.4013671875
v 12074.2822265625 226.69091796875 12292.4013671875
v 11238.3544921875 18.61376953125 13268.626953125
v 11139.5859375 18.61376953125 13284.26953125
v 11126.0380859375 18.61376953125 13198.734375
v 11224.806640625 18.61376953125 13183.0908203125
v 11238.3544921875 138.61376953125 13268.626953125
v 11139.5859375 138.61376953125 13284.26953125
v 11126.0380859375 138.61376953125 13198.734375
v 11224.806640625 138.61376953125 13183.0908203125
v 12198.2744140625 9.08544921875 12683.953125
v 12236.19921875 9.08544921875 12658.8515625
v 12252.7578125 9.08544921875 12683.8681640625
v 12214.83203125 9.08544921875 12708.9697265625
v 12198.2744140625 110.18603515625 12683.953125
v 12236.19921875 110.18603515625 12658.8515625
v 12252.7578125 110.18603515625 12683.8681640625
v 12214.83203125 110.18603515625 12708.9697265625
v 11480.287109375 9.01611328125 13127.01171875
v 11506.796875 9.01611328125 13165.5849609375
v 11468.224609375 9.01611328125 13192.0947265625
v 11441.7138671875 9.01611328125 13153.5224609375
v 11480.287109375 342.255126953125 13127.01171875
v 11506.796875 342.255126953125 13165.5849609375
v 11468.224609375 342.255126953125 13192.0947265625
v 11441.7138671875 342.255126953125 13153.5224609375
v 11715.0263671875 16.533447265625 12681.595703125
v 11526.416015625 16.533447265625 12711.46875
v 11495.2255859375 16.533447265625 12514.5390625
v 11683.8359375 16.533447265625 12484.666015625
v 11715.0263671875 187.991455078125 12681.595703125
v 11526.416015625 187.991455078125 12711.46875
v 11495.2255859375 187.991455078125 12514.5390625
v 11683.8359375 187.991455078125 12484.666015625
v 11841.2314453125 8.58447265625 13050.052734375
v 11350.4697265625 8.58447265625 13127.7822265625
v 11276.7568359375 8.58447265625 12662.3759765625
v 11767.5185546875 8.58447265625 12584.6474609375
v 11841.2314453125 665.876953125 13050.052734375
v 11350.4697265625 665.876953125 13127.7822265625
v 11276.7568359375 665.876953125 12662.3759765625
v 11767.5185546875 665.876953125 12584.6474609375
v 11517.8583984375 13.757043838500977 12929.82421875
v 11262.6455078125 13.757040977478027 12970.24609375
v 11231.21484375 13.75704288482666 12771.8037109375
v 11486.4287109375 13.75704574584961 12731.3818359375
v 11517.8583984375 228.5412139892578 12929.82421875
v 11262.6455078125 228.5412139892578 12970.24609375
v 11231.21484375 228.5412139892578 12771.8037109375
v 11486.4287109375 228.5412139892578 12731.3818359375
v 12064.658203125 16.533447265625 12661.34375
v 11926.140625 16.533447265625 12529.89453125
v 12063.3876953125 16.533447265625 12385.265625
v 12201.9052734375 16.533447265625 12516.71484375
v 12064.658203125 187.991455078125 12661.34375
v 11926.140625 187.991455078125 12529.89453125
v 12063.3876953125 187.991455078125 12385.265625
v 12201.9052734375 187.991455078125 12516.71484375
v 9429.7978515625 9.285916328430176 11897.048828125
v 9436.564453125 9.285916328430176 12090.8173828125
v 9400.2568359375 9.286003112792969 12092.0849609375
v 9393.490234375 9.286003112792969 11898.31640625
v 9429.7998046875 740.582763671875 11897.048828125
v 9436.56640625 740.582763671875 12090.8173828125
v 9400.2587890625 740.5828857421875 12092.0849609375
v 9393.4921875 740.5828857421875 11898.31640625
v 5601.30029296875 9.285916328430176 11934.732421875
v 5608.06689453125 9.285916328430176 12128.5009765625
v 5571.7587890625 9.286003112792969 12129.7685546875
v 5564.9921875 9.286003112792969 11936
v 5601.3017578125 740.582763671875 11934.732421875
v 5608.068359375 740.582763671875 12128.5009765625
v 5571.76025390625 740.5828857421875 12129.7685546875
v 5564.994140625 740.5828857421875 11936
v 13683.7783203125 9.285916328430176 11902.546875
v 13687.162109375 9.285916328430176 12096.404296875
v 13650.837890625 9.286003112792969 12097.0380859375
v 13647.4541015625 9.286003112792969 11903.181640625
v 13683.7802734375 740.582763671875 11902.546875
v 13687.1640625 740.582763671875 12096.404296875
v 13650.83984375 740.5828857421875 12097.0380859375
v 13647.4560546875 740.5828857421875 11903.1806640625
v 14760.7451171875 9.285916328430176 6320.14892578125
v 14928.65625 9.285916328430176 6223.20556640625
v 14946.8212890625 9.286003112792969 6254.66845703125
v 14778.91015625 9.286003112792969 6351.61181640625
v 14760.7451171875 740.582763671875 6320.1474609375
v 14928.6552734375 740.582763671875 6223.2041015625
v 14946.8203125 740.5828857421875 6254.6669921875
v 14778.91015625 740.5828857421875 6351.60986328125
v 14772.9228515625 9.285916328430176 731.6949462890625
v 14966.7431640625 9.285916328430176 736.7703857421875
v 14965.79296875 9.286003112792969 773.0880126953125
v 14771.97265625 9.286003112792969 768.0125732421875
v 14772.9228515625 740.582763671875 731.6931762695312
v 14966.7431640625 740.582763671875 736.7686157226562
v 14965.79296875 740.5828857421875 773.0862426757812
v 14771.97265625 740.5828857421875 768.0108032226562
v 14772.9228515625 9.285916328430176 -4276.75830078125
v 14966.7431640625 9.285916328430176 -4271.6826171875
v 14965.79296875 9.286003112792969 -4235.365234375
v 14771.97265625 9.286003112792969 -4240.4404296875
v 14772.9228515625 740.582763671875 -4276.759765625
v 14966.7431640625 740.582763671875 -4271.6845703125
v 14965.79296875 740.5828857421875 -4235.36669921875
v 14771.97265625 740.5828857421875 -4240.4423828125
v 14847.3095703125 9.285916328430176 -8133.40234375
v 14999.046875 9.285916328430176 -8012.705078125
v 14976.4306640625 9.286003112792969 -7984.27294921875
v 14824.693359375 9.286003112792969 -8104.97021484375
v 14847.310546875 740.582763671875 -8133.40380859375
v 14999.0478515625 740.582763671875 -8012.70654296875
v 14976.431640625 740.5828857421875 -7984.2744140625
v 14824.6943359375 740.5828857421875 -8104.9716796875
v 4652.36328125 6.523193359375 -12000.4072265625
v 4450.01171875 6.523193359375 -12000.4072265625
v 4450.01171875 6.523193359375 -12097.8310546875
v 4652.36328125 6.523193359375 -12097.8310546875
v 4652.36328125 110.648193359375 -12000.4072265625
v 4450.01171875 110.648193359375 -12000.4072265625
v 4450.01171875 110.648193359375 -12097.8310546875
v 4652.36328125 110.648193359375 -12097.8310546875
v 4450.84814453125 6.523193359375 -12208.748046875
v 4653.19970703125 6.523193359375 -12208.748046875
v 4653.19970703125 6.523193359375 -12111.32421875
v 4450.84814453125 6.523193359375 -12111.32421875
v 4450.84814453125 110.648193359375 -12208.748046875
v 4653.19970703125 110.648193359375 -12208.748046875
v 4653.19970703125 110.648193359375 -12111.32421875
v 4450.84814453125 110.648193359375 -12111.32421875
v 4730.009765625 -0.08056640625 -12071.6376953125
v 4683.3193359375 -0.08056640625 -12074.90234375
v 4686.583984375 -0.08056640625 -12121.59375
v 4733.27490234375 -0.08056640625 -12118.328125
v 4730.009765625 333.158447265625 -12071.6376953125
v 4683.3193359375 333.158447265625 -12074.90234375
v 4686.583984375 333.158447265625 -12121.59375
v 4733.27490234375 333.158447265625 -12118.328125
v 2771.731201171875 6.523193359375 -10357.259765625
v 2974.082763671875 6.523193359375 -10357.259765625
v 2974.082763671875 6.523193359375 -10259.8359375
v 2771.731201171875 6.523193359375 -10259.8359375
v 2771.731201171875 110.648193359375 -10357.259765625
v 2974.082763671875 110.648193359375 -10357.259765625
v 2974.082763671875 110.648193359375 -10259.8359375
v 2771.731201171875 110.648193359375 -10259.8359375
v 3050.892822265625 -0.08056640625 -10220.1494140625
v 3004.2021484375 -0.08056640625 -10223.4140625
v 3007.467041015625 -0.08056640625 -10270.10546875
v 3054.15771484375 -0.08056640625 -10266.83984375
v 3050.892822265625 333.158447265625 -10220.1494140625
v 3004.2021484375 333.158447265625 -10223.4140625
v 3007.467041015625 333.158447265625 -10270.10546875
v 3054.15771484375 333.158447265625 -10266.83984375
v 2973.245849609375 6.523193359375 -10148.9189453125
v 2770.894287109375 6.523193359375 -10148.9189453125
v 2770.894287109375 6.523193359375 -10246.3427734375
v 2973.245849609375 6.523193359375 -10246.3427734375
v 2973.245849609375 110.648193359375 -10148.9189453125
v 2770.894287109375 110.648193359375 -10148.9189453125
v 2770.894287109375 110.648193359375 -10246.3427734375
v 2973.245849609375 110.648193359375 -10246.3427734375
v 722.6661987304688 -0.08056640625 -10220.1494140625
v 675.9755249023438 -0.08056640625 -10223.4140625
v 679.240478515625 -0.08056640625 -10270.10546875
v 725.93115234375 -0.08056640625 -10266.83984375
v 722.6661987304688 333.158447265625 -10220.1494140625
v 675.9755249023438 333.158447265625 -10223.4140625
v 679.240478515625 333.158447265625 -10270.10546875
v 725.93115234375 333.158447265625 -10266.83984375
v 645.0193481445312 6.523193359375 -10148.9189453125
v 442.6678161621094 6.523193359375 -10148.9189453125
v 442.66778564453125 6.523193359375 -10246.3427734375
v 645.0193481445312 6.523193359375 -10246.3427734375
v 645.0193481445312 110.648193359375 -10148.9189453125
v 442.6678161621094 110.648193359375 -10148.9189453125
v 442.66778564453125 110.648193359375 -10246.3427734375
v 645.0193481445312 110.648193359375 -10246.3427734375
v 443.50457763671875 6.523193359375 -10357.259765625
v 645.8561401367188 6.523193359375 -10357.259765625
v 645.8561401367188 6.523193359375 -10259.8359375
v 443.50457763671875 6.523193359375 -10259.8359375
v 443.50457763671875 110.648193359375 -10357.259765625
v 645.8561401367188 110.648193359375 -10357.259765625
v 645.8561401367188 110.648193359375 -10259.8359375
v 443.50457763671875 110.648193359375 -10259.8359375
v -1165.569580078125 9.085205078125 -11838.60546875
v -504.64703369140625 9.085205078125 -12119.150390625
v -237.83261108398438 9.085205078125 -11490.5751953125
v -898.755126953125 9.085205078125 -11210.0302734375
v -1165.569580078125 75.92236328125 -11838.60546875
v -504.64703369140625 75.92236328125 -12119.150390625
v -237.83261108398438 75.92236328125 -11490.5751953125
v -898.755126953125 75.92236328125 -11210.0302734375
v -1132.49169921875 5.302734375 -11807.1611328125
v -1026.2772216796875 5.302734375 -11983.931640625
v -937.177001953125 5.302734375 -11930.39453125
v -1043.3916015625 5.302734375 -11753.6240234375
v -1132.49169921875 108.486572265625 -11807.1611328125
v -1026.2772216796875 108.486572265625 -11983.931640625
v -937.177001953125 108.486572265625 -11930.39453125
v -1043.3916015625 108.486572265625 -11753.6240234375
v -429.4233093261719 5.302734375 -12041.8310546875
v -295.4898986816406 5.302734375 -11885.0146484375
v -374.5320129394531 5.302734375 -11817.5068359375
v -508.4654541015625 5.302734375 -11974.322265625
v -429.4233093261719 108.486572265625 -12041.8310546875
v -295.4898986816406 108.486572265625 -11885.0146484375
v -374.5320129394531 108.486572265625 -11817.5068359375
v -508.4654541015625 108.486572265625 -11974.322265625
v -1200.6846923828125 8.58447265625 -11691.90625
v -743.30517578125 8.58447265625 -11886.052734375
v -559.18994140625 8.58447265625 -11452.3037109375
v -1016.5693969726562 8.58447265625 -11258.158203125
v -1200.6846923828125 665.876953125 -11691.90625
v -743.30517578125 665.876953125 -11886.052734375
v -559.18994140625 665.876953125 -11452.3037109375
v -1016.5693969726562 665.876953125 -11258.158203125
v -703.7399291992188 5.302734375 -11199.884765625
v -904.6809692382812 5.302734375 -11246.2763671875
v -881.2979125976562 5.302734375 -11347.5595703125
v -680.35693359375 5.302734375 -11301.16796875
v -703.7399291992188 108.486572265625 -11199.884765625
v -904.6809692382812 108.486572265625 -11246.2763671875
v -881.2979125976562 108.486572265625 -11347.5595703125
v -680.35693359375 108.486572265625 -11301.16796875
v -1019.7388916015625 8.58447265625 -11841.505859375
v -493.7458801269531 8.58447265625 -12064.77734375
v -274.6357421875 8.58447265625 -11548.5859375
v -800.6287841796875 8.58447265625 -11325.3154296875
v -1019.7388916015625 698.589111328125 -11841.505859375
v -493.7458801269531 698.589111328125 -12064.77734375
v -274.6357421875 698.589111328125 -11548.5859375
v -800.6287841796875 698.589111328125 -11325.3154296875
v -940.545166015625 58.167724609375 -11801.8095703125
v -773.4256591796875 58.167724609375 -11949.6640625
v -620.2711181640625 58.167724609375 -11776.5546875
v -787.390625 58.167724609375 -11628.69921875
v -940.545166015625 158.802490234375 -11801.8095703125
v -773.4256591796875 158.802490234375 -11949.6640625
v -620.2711181640625 158.802490234375 -11776.5546875
v -787.390625 158.802490234375 -11628.69921875
v -716.260009765625 58.997802734375 -11682.1337890625
v -549.1405029296875 58.997802734375 -11829.98828125
v -395.9859924316406 58.997802734375 -11656.87890625
v -563.10546875 58.997802734375 -11509.0234375
v -716.260009765625 159.632568359375 -11682.1337890625
v -549.1405029296875 159.632568359375 -11829.98828125
v -395.9859924316406 159.632568359375 -11656.87890625
v -563.10546875 159.632568359375 -11509.0234375
v -921.935791015625 59.150634765625 -11538.7587890625
v -754.8162841796875 59.150634765625 -11686.61328125
v -601.6617431640625 59.150634765625 -11513.50390625
v -768.78125 59.150634765625 -11365.6484375
v -921.935791015625 159.785400390625 -11538.7587890625
v -754.8162841796875 159.785400390625 -11686.61328125
v -601.6617431640625 159.785400390625 -11513.50390625
v -768.78125 159.785400390625 -11365.6484375
v -3402.3994140625 -3.2072689533233643 -9956.4091796875
v -3206.08203125 -3.2072677612304688 -10136.30078125
v -3062.41357421875 -3.207261562347412 -9979.513671875
v -3258.730712890625 -3.2072625160217285 -9799.6220703125
v -3402.3994140625 659.80712890625 -9956.4091796875
v -3206.08203125 659.80712890625 -10136.30078125
v -3062.41357421875 659.80712890625 -9979.513671875
v -3258.73095703125 659.80712890625 -9799.6220703125
v -3247.882080078125 5.878173828125 -9825.916015625
v -3365.439208984375 5.878173828125 -9987.7197265625
v -3211.555419921875 5.878173828125 -10099.5234375
v -3093.998291015625 5.878173828125 -9937.7197265625
v -3247.882080078125 72.71533203125 -9825.916015625
v -3365.439208984375 72.71533203125 -9987.7197265625
v -3211.555419921875 72.71533203125 -10099.5234375
v -3093.998291015625 72.71533203125 -9937.7197265625
v -1992.12890625 7.27978515625 13707.4599609375
v -1892.1483154296875 7.27978515625 13527.08984375
v -1801.23388671875 7.27978515625 13577.484375
v -1901.214599609375 7.27978515625 13757.8544921875
v -1992.12890625 110.463623046875 13707.4599609375
v -1892.1483154296875 110.463623046875 13527.08984375
v -1801.23388671875 110.463623046875 13577.484375
v -1901.214599609375 110.463623046875 13757.8544921875
v -1710.628173828125 10.9931640625 13397.4619140625
v -1664.17236328125 10.9931640625 13391.7578125
v -1658.4683837890625 10.9931640625 13438.2138671875
v -1704.9241943359375 10.9931640625 13443.91796875
v -1710.628173828125 344.232177734375 13397.4619140625
v -1664.17236328125 344.232177734375 13391.7578125
v -1658.4683837890625 344.232177734375 13438.2138671875
v -1704.9241943359375 344.232177734375 13443.91796875
v -1382.1881103515625 10.5615234375 13365.384765625
v -1321.6337890625 10.5615234375 13858.5595703125
v -1789.3284912109375 10.5615234375 13915.9853515625
v -1849.8829345703125 10.5615234375 13422.810546875
v -1382.1881103515625 667.85400390625 13365.384765625
v -1321.6337890625 667.85400390625 13858.5595703125
v -1789.3284912109375 667.85400390625 13915.9853515625
v -1849.8829345703125 667.85400390625 13422.810546875
v -1250.8524169921875 7.838623046875 13439.5751953125
v -1163.3502197265625 7.838623046875 14152.22265625
v -1841.11962890625 7.838623046875 14235.4423828125
v -1928.621826171875 7.838623046875 13522.794921875
v -1250.8524169921875 74.67578125 13439.5751953125
v -1163.3502197265625 74.67578125 14152.22265625
v -1841.11962890625 74.67578125 14235.4423828125
v -1928.621826171875 74.67578125 13522.794921875
v -1258.4078369140625 7.27978515625 14203.220703125
v -1446.0660400390625 7.27978515625 14288.7412109375
v -1489.1722412109375 7.27978515625 14194.1533203125
v -1301.5140380859375 7.27978515625 14108.6328125
v -1258.4078369140625 110.463623046875 14203.220703125
v -1446.0660400390625 110.463623046875 14288.7412109375
v -1489.1722412109375 110.463623046875 14194.1533203125
v -1301.5140380859375 110.463623046875 14108.6328125
v -1290.1943359375 7.27978515625 13462.7080078125
v -1149.5482177734375 7.27978515625 13613.5322265625
v -1225.5704345703125 7.27978515625 13684.423828125
v -1366.216552734375 7.27978515625 13533.599609375
v -1290.1943359375 110.463623046875 13462.7080078125
v -1149.5482177734375 110.463623046875 13613.5322265625
v -1225.5704345703125 110.463623046875 13684.423828125
v -1366.216552734375 110.463623046875 13533.599609375
v -1525.1090087890625 60.974853515625 13828.349609375
v -1429.046142578125 60.974853515625 14029.75
v -1637.6649169921875 60.974853515625 14129.255859375
v -1733.727783203125 60.974853515625 13927.85546875
v -1525.1090087890625 161.609619140625 13828.349609375
v -1429.046142578125 161.609619140625 14029.75
v -1637.6649169921875 161.609619140625 14129.255859375
v -1733.727783203125 161.609619140625 13927.85546875
v -1213.481689453125 10.9931640625 13980.6142578125
v -1173.57421875 10.9931640625 14005.0693359375
v -1198.029541015625 10.9931640625 14044.9765625
v -1237.9371337890625 10.9931640625 14020.521484375
v -1213.481689453125 344.232177734375 13980.6142578125
v -1173.57421875 344.232177734375 14005.0693359375
v -1198.029541015625 344.232177734375 14044.9765625
v -1237.9371337890625 344.232177734375 14020.521484375
v -1606.2379150390625 61.127685546875 13591.123046875
v -1510.175048828125 61.127685546875 13792.5234375
v -1718.7938232421875 61.127685546875 13892.029296875
v -1814.856689453125 61.127685546875 13690.62890625
v -1606.2379150390625 161.762451171875 13591.123046875
v -1510.175048828125 161.762451171875 13792.5234375
v -1718.7938232421875 161.762451171875 13892.029296875
v -1814.856689453125 161.762451171875 13690.62890625
v -1348.2457275390625 60.144775390625 13645.744140625
v -1252.182861328125 60.144775390625 13847.14453125
v -1460.8016357421875 60.144775390625 13946.650390625
v -1556.864501953125 60.144775390625 13745.25
v -1348.2457275390625 160.779541015625 13645.744140625
v -1252.182861328125 160.779541015625 13847.14453125
v -1460.8016357421875 160.779541015625 13946.650390625
v -1556.864501953125 160.779541015625 13745.25
v -1288.2633056640625 10.5615234375 13580.5615234375
v -1218.625 10.5615234375 14147.7197265625
v -1775.214599609375 10.5615234375 14216.060546875
v -1844.8529052734375 10.5615234375 13648.90234375
v -1288.2633056640625 700.566162109375 13580.5615234375
v -1218.625 700.566162109375 14147.7197265625
v -1775.214599609375 700.566162109375 14216.060546875
v -1844.8529052734375 700.566162109375 13648.90234375
v -8637.2021484375 9.577880859375 12196.8017578125
v -8716.951171875 9.577880859375 12380.2138671875
v -8891.38671875 9.577880859375 12304.3671875
v -8811.63671875 9.577880859375 12120.9560546875
v -8637.2021484375 76.4150390625 12196.8017578125
v -8716.951171875 76.4150390625 12380.2138671875
v -8891.38671875 76.4150390625 12304.3671875
v -8811.63671875 76.4150390625 12120.9560546875
v -8598.4736328125 9.57763385772705 12214.5361328125
v -8762.408203125 9.57763671875 12424.3623046875
v -8929.9833984375 9.57763957977295 12293.4384765625
v -8766.048828125 9.57763671875 12083.6123046875
v -8598.4736328125 672.592041015625 12214.5361328125
v -8762.408203125 672.592041015625 12424.3623046875
v -8929.9833984375 672.592041015625 12293.4384765625
v -8766.048828125 672.592041015625 12083.6123046875
v -4149.3310546875 9.577880859375 12233.9267578125
v -4229.0810546875 9.577880859375 12417.3388671875
v -4403.515625 9.577880859375 12341.4921875
v -4323.76611328125 9.577880859375 12158.0810546875
v -4149.3310546875 76.4150390625 12233.9267578125
v -4229.0810546875 76.4150390625 12417.3388671875
v -4403.515625 76.4150390625 12341.4921875
v -4323.76611328125 76.4150390625 12158.0810546875
v -4110.6025390625 9.57763385772705 12251.6689453125
v -4274.53662109375 9.57763671875 12461.4951171875
v -4442.1123046875 9.57763957977295 12330.5712890625
v -4278.177734375 9.57763671875 12120.7451171875
v -4110.6025390625 672.592041015625 12251.6689453125
v -4274.53662109375 672.592041015625 12461.4951171875
v -4442.1123046875 672.592041015625 12330.5712890625
v -4278.177734375 672.592041015625 12120.7451171875
v -7906.44580078125 9.577880859375 -9846.0263671875
v -8028.19775390625 9.577880859375 -10004.6962890625
v -7877.29345703125 9.577880859375 -10120.490234375
v -7755.541015625 9.577880859375 -9961.8193359375
v -7906.44580078125 76.4150390625 -9846.0263671875
v -8028.19775390625 76.4150390625 -10004.6962890625
v -7877.29345703125 76.4150390625 -10120.490234375
v -7755.541015625 76.4150390625 -9961.8193359375
v -7933.3046875 9.0771484375 -9648.19921875
v -8235.78515625 9.0771484375 -10042.3994140625
v -7861.95166015625 9.0771484375 -10329.251953125
v -7559.470703125 9.0771484375 -9935.0517578125
v -7933.3046875 666.36962890625 -9648.19921875
v -8235.78515625 666.36962890625 -10042.3994140625
v -7861.95166015625 666.36962890625 -10329.251953125
v -7559.470703125 666.36962890625 -9935.0517578125
v -11184.1923828125 9.01611328125 -10060.1826171875
v -11210.0263671875 9.01611328125 -10099.2119140625
v -11170.99609375 9.01611328125 -10125.0458984375
v -11145.1630859375 9.01611328125 -10086.015625
v -11184.1923828125 342.255126953125 -10060.1826171875
v -11210.0263671875 342.255126953125 -10099.2119140625
v -11170.99609375 342.255126953125 -10125.0458984375
v -11145.1630859375 342.255126953125 -10086.015625
v -11050.7099609375 18.61376953125 -10141.775390625
v -10951.94140625 18.61376953125 -10157.4189453125
v -10938.3935546875 18.61376953125 -10071.8837890625
v -11037.162109375 18.61376953125 -10056.240234375
v -11050.7099609375 138.61376953125 -10141.775390625
v -10951.94140625 138.61376953125 -10157.4189453125
v -10938.3935546875 138.61376953125 -10071.8837890625
v -11037.162109375 138.61376953125 -10056.240234375
v -10601.28125 118.097412109375 -9956.5849609375
v -10601.28125 118.097412109375 -9956.5849609375
v -10600.2451171875 118.097412109375 -10015.947265625
v -10600.2451171875 118.097412109375 -10015.947265625
v -10601.28125 226.69091796875 -9956.5849609375
v -10601.28125 226.69091796875 -9956.5849609375
v -10600.2451171875 226.69091796875 -10015.947265625
v -10600.2451171875 226.69091796875 -10015.947265625
v -10596.4931640625 9.085205078125 -9951.923828125
v -10679.3095703125 9.085205078125 -9953.369140625
v -10677.95703125 9.085205078125 -10030.841796875
v -10595.1416015625 9.085205078125 -10029.396484375
v -10596.4931640625 238.3779296875 -9951.923828125
v -10679.3095703125 238.3779296875 -9953.369140625
v -10677.95703125 238.3779296875 -10030.841796875
v -10595.1416015625 238.3779296875 -10029.396484375
v -10673.0546875 118.097412109375 -9957.8388671875
v -10673.0546875 118.097412109375 -9957.8388671875
v -10672.0185546875 118.097412109375 -10017.2001953125
v -10672.0185546875 118.097412109375 -10017.2001953125
v -10673.0546875 226.69091796875 -9957.8388671875
v -10673.0546875 226.69091796875 -9957.8388671875
v -10672.0185546875 226.69091796875 -10017.2001953125
v -10672.0185546875 226.69091796875 -10017.2001953125
v -9722.3310546875 18.61376953125 -10123.685546875
v -9623.5625 18.61376953125 -10139.3291015625
v -9610.0146484375 18.61376953125 -10053.7939453125
v -9708.783203125 18.61376953125 -10038.150390625
v -9722.3310546875 138.61376953125 -10123.685546875
v -9623.5625 138.61376953125 -10139.3291015625
v -9610.0146484375 138.61376953125 -10053.7939453125
v -9708.783203125 138.61376953125 -10038.150390625
v -9764.3154296875 18.61376953125 -10992.173828125
v -9665.546875 18.61376953125 -11007.8173828125
v -9651.9990234375 18.61376953125 -10922.2822265625
v -9750.767578125 18.61376953125 -10906.638671875
v -9764.3154296875 138.61376953125 -10992.173828125
v -9665.546875 138.61376953125 -11007.8173828125
v -9651.9990234375 138.61376953125 -10922.2822265625
v -9750.767578125 138.61376953125 -10906.638671875
v -10590.62109375 16.533447265625 -10384.8896484375
v -10452.103515625 16.533447265625 -10253.4404296875
v -10589.3505859375 16.533447265625 -10108.8115234375
v -10727.869140625 16.533447265625 -10240.2607421875
v -10590.62109375 187.991455078125 -10384.8896484375
v -10452.103515625 187.991455078125 -10253.4404296875
v -10589.3505859375 187.991455078125 -10108.8115234375
v -10727.869140625 187.991455078125 -10240.2607421875
v -10159.921875 8.58447265625 -10539.0966796875
v -9595.5390625 8.58447265625 -10628.486328125
v -9507.8154296875 8.58447265625 -10074.6201171875
v -10072.1982421875 8.58447265625 -9985.23046875
v -10159.921875 698.589111328125 -10539.0966796875
v -9595.5390625 698.589111328125 -10628.486328125
v -9507.8154296875 698.589111328125 -10074.6201171875
v -10072.1982421875 698.589111328125 -9985.23046875
v -10115.994140625 9.01611328125 -9976.1455078125
v -10115.994140625 9.01611328125 -10022.9501953125
v -10069.189453125 9.01611328125 -10022.9501953125
v -10069.189453125 9.01611328125 -9976.1455078125
v -10115.994140625 342.255126953125 -9976.1455078125
v -10115.994140625 342.255126953125 -10022.9501953125
v -10069.189453125 342.255126953125 -10022.9501953125
v -10069.189453125 342.255126953125 -9976.1455078125
v -11217.2275390625 9.57763671875 -10700.5048828125
v -11238.0673828125 9.57763671875 -10678.923828125
v -11251.158203125 9.57763671875 -10691.56640625
v -11230.318359375 9.57763671875 -10713.146484375
v -11217.2275390625 319.57763671875 -10700.5048828125
v -11238.0673828125 319.57763671875 -10678.923828125
v -11251.158203125 319.57763671875 -10691.56640625
v -11230.318359375 319.57763671875 -10713.146484375
v -10052.349609375 13.757091522216797 -10659.7978515625
v -9797.13671875 13.757088661193848 -10700.220703125
v -9765.7060546875 13.757088661193848 -10501.7783203125
v -10020.9189453125 13.757092475891113 -10461.35546875
v -10052.349609375 228.541259765625 -10659.7978515625
v -9797.13671875 228.541259765625 -10700.220703125
v -9765.7060546875 228.541259765625 -10501.7783203125
v -10020.9189453125 228.541259765625 -10461.35546875
v -10367.1962890625 8.58447265625 -10773.5966796875
v -9876.435546875 8.58447265625 -10851.326171875
v -9802.7216796875 8.58447265625 -10385.9208984375
v -10293.4833984375 8.58447265625 -10308.19140625
v -10367.1962890625 665.876953125 -10773.5966796875
v -9876.435546875 665.876953125 -10851.326171875
v -9802.7216796875 665.876953125 -10385.9208984375
v -10293.4833984375 665.876953125 -10308.19140625
v -10240.9873046875 16.533447265625 -10405.1396484375
v -10052.3779296875 16.533447265625 -10435.0126953125
v -10021.1875 16.533447265625 -10238.0830078125
v -10209.796875 16.533447265625 -10208.2099609375
v -10240.9873046875 187.991455078125 -10405.1396484375
v -10052.3779296875 187.991455078125 -10435.0126953125
v -10021.1875 187.991455078125 -10238.0830078125
v -10209.796875 187.991455078125 -10208.2099609375
v -10006.2470703125 9.01611328125 -10850.5595703125
v -10032.7568359375 9.01611328125 -10889.1328125
v -9994.1845703125 9.01611328125 -10915.642578125
v -9967.673828125 9.01611328125 -10877.0703125
v -10006.2470703125 342.255126953125 -10850.5595703125
v -10032.7568359375 342.255126953125 -10889.1328125
v -9994.1845703125 342.255126953125 -10915.642578125
v -9967.673828125 342.255126953125 -10877.0703125
v 4054.750732421875 9.085205078125 -10821.90625
v 4715.67333984375 9.085205078125 -11102.451171875
v 4982.48779296875 9.085205078125 -10473.8759765625
v 4321.5654296875 9.085205078125 -10193.3310546875
v 4054.750732421875 75.92236328125 -10821.90625
v 4715.67333984375 75.92236328125 -11102.451171875
v 4982.48779296875 75.92236328125 -10473.8759765625
v 4321.5654296875 75.92236328125 -10193.3310546875
v 4087.828125 5.302734375 -10790.4658203125
v 4194.04248046875 5.302734375 -10967.236328125
v 4283.142578125 5.302734375 -10913.69921875
v 4176.92822265625 5.302734375 -10736.9287109375
v 4087.828125 108.486572265625 -10790.4658203125
v 4194.04248046875 108.486572265625 -10967.236328125
v 4283.142578125 108.486572265625 -10913.69921875
v 4176.92822265625 108.486572265625 -10736.9287109375
v 4790.89306640625 5.302734375 -11025.1318359375
v 4924.82666015625 5.302734375 -10868.3154296875
v 4845.7841796875 5.302734375 -10800.8076171875
v 4711.85107421875 5.302734375 -10957.623046875
v 4790.89306640625 108.486572265625 -11025.1318359375
v 4924.82666015625 108.486572265625 -10868.3154296875
v 4845.7841796875 108.486572265625 -10800.8076171875
v 4711.85107421875 108.486572265625 -10957.623046875
v 4019.6357421875 8.58447265625 -10675.20703125
v 4477.01513671875 8.58447265625 -10869.353515625
v 4661.13037109375 8.58447265625 -10435.6044921875
v 4203.7509765625 8.58447265625 -10241.458984375
v 4019.6357421875 665.876953125 -10675.20703125
v 4477.01513671875 665.876953125 -10869.353515625
v 4661.13037109375 665.876953125 -10435.6044921875
v 4203.7509765625 665.876953125 -10241.458984375
v 4200.58154296875 8.58447265625 -10824.806640625
v 4726.57421875 8.58447265625 -11048.078125
v 4945.6845703125 8.58447265625 -10531.88671875
v 4419.69140625 8.58447265625 -10308.6162109375
v 4200.58154296875 698.589111328125 -10824.806640625
v 4726.57421875 698.589111328125 -11048.078125
v 4945.6845703125 698.589111328125 -10531.88671875
v 4419.69140625 698.589111328125 -10308.6162109375
v 4516.57666015625 5.302734375 -10183.185546875
v 4315.63525390625 5.302734375 -10229.5771484375
v 4339.0185546875 5.302734375 -10330.8603515625
v 4539.95947265625 5.302734375 -10284.46875
v 4516.57666015625 108.486572265625 -10183.185546875
v 4315.63525390625 108.486572265625 -10229.5771484375
v 4339.0185546875 108.486572265625 -10330.8603515625
v 4539.95947265625 108.486572265625 -10284.46875
v 4279.77294921875 58.167724609375 -10785.1103515625
v 4446.892578125 58.167724609375 -10932.96484375
v 4600.04736328125 58.167724609375 -10759.85546875
v 4432.927734375 58.167724609375 -10612
v 4279.77294921875 158.802490234375 -10785.1103515625
v 4446.892578125 158.802490234375 -10932.96484375
v 4600.04736328125 158.802490234375 -10759.85546875
v 4432.927734375 158.802490234375 -10612
v 4504.06005859375 58.997802734375 -10665.4345703125
v 4671.1796875 58.997802734375 -10813.2890625
v 4824.33447265625 58.997802734375 -10640.1796875
v 4657.21484375 58.997802734375 -10492.32421875
v 4504.06005859375 159.632568359375 -10665.4345703125
v 4671.1796875 159.632568359375 -10813.2890625
v 4824.33447265625 159.632568359375 -10640.1796875
v 4657.21484375 159.632568359375 -10492.32421875
v 4298.38232421875 59.150634765625 -10522.0595703125
v 4465.501953125 59.150634765625 -10669.9140625
v 4618.65673828125 59.150634765625 -10496.8046875
v 4451.537109375 59.150634765625 -10348.94921875
v 4298.38232421875 159.785400390625 -10522.0595703125
v 4465.501953125 159.785400390625 -10669.9140625
v 4618.65673828125 159.785400390625 -10496.8046875
v 4451.537109375 159.785400390625 -10348.94921875
v 9476.1162109375 9.01611328125 -10401.3271484375
v 9450.2822265625 9.01611328125 -10440.3564453125
v 9489.3125 9.01611328125 -10466.1904296875
v 9515.1455078125 9.01611328125 -10427.16015625
v 9476.1162109375 342.255126953125 -10401.3271484375
v 9450.2822265625 342.255126953125 -10440.3564453125
v 9489.3125 342.255126953125 -10466.1904296875
v 9515.1455078125 342.255126953125 -10427.16015625
v 9609.6025390625 18.61376953125 -10482.919921875
v 9708.37109375 18.61376953125 -10498.5634765625
v 9721.9189453125 18.61376953125 -10413.0283203125
v 9623.150390625 18.61376953125 -10397.384765625
v 9609.6025390625 138.61376953125 -10482.919921875
v 9708.37109375 138.61376953125 -10498.5634765625
v 9721.9189453125 138.61376953125 -10413.0283203125
v 9623.150390625 138.61376953125 -10397.384765625
v 10059.029296875 118.097412109375 -10297.7294921875
v 10059.029296875 118.097412109375 -10297.7294921875
v 10060.0654296875 118.097412109375 -10357.091796875
v 10060.0654296875 118.097412109375 -10357.091796875
v 10059.029296875 226.69091796875 -10297.7294921875
v 10059.029296875 226.69091796875 -10297.7294921875
v 10060.0654296875 226.69091796875 -10357.091796875
v 10060.0654296875 226.69091796875 -10357.091796875
v 10063.8193359375 9.085205078125 -10293.068359375
v 9981.0029296875 9.085205078125 -10294.513671875
v 9982.35546875 9.085205078125 -10371.986328125
v 10065.1708984375 9.085205078125 -10370.541015625
v 10063.8193359375 238.3779296875 -10293.068359375
v 9981.0029296875 238.3779296875 -10294.513671875
v 9982.35546875 238.3779296875 -10371.986328125
v 10065.1708984375 238.3779296875 -10370.541015625
v 9987.2578125 118.097412109375 -10298.9833984375
v 9987.2578125 118.097412109375 -10298.9833984375
v 9988.2939453125 118.097412109375 -10358.3447265625
v 9988.2939453125 118.097412109375 -10358.3447265625
v 9987.2578125 226.69091796875 -10298.9833984375
v 9987.2578125 226.69091796875 -10298.9833984375
v 9988.2939453125 226.69091796875 -10358.3447265625
v 9988.2939453125 226.69091796875 -10358.3447265625
v 10937.9775390625 18.61376953125 -10464.830078125
v 11036.74609375 18.61376953125 -10480.4736328125
v 11050.2939453125 18.61376953125 -10394.9384765625
v 10951.525390625 18.61376953125 -10379.294921875
v 10937.9775390625 138.61376953125 -10464.830078125
v 11036.74609375 138.61376953125 -10480.4736328125
v 11050.2939453125 138.61376953125 -10394.9384765625
v 10951.525390625 138.61376953125 -10379.294921875
v 10895.9970703125 18.61376953125 -11333.318359375
v 10994.765625 18.61376953125 -11348.9619140625
v 11008.3134765625 18.61376953125 -11263.4267578125
v 10909.544921875 18.61376953125 -11247.783203125
v 10895.9970703125 138.61376953125 -11333.318359375
v 10994.765625 138.61376953125 -11348.9619140625
v 11008.3134765625 138.61376953125 -11263.4267578125
v 10909.544921875 138.61376953125 -11247.783203125
v 10654.0615234375 9.01611328125 -11191.7041015625
v 10627.5517578125 9.01611328125 -11230.27734375
v 10666.1240234375 9.01611328125 -11256.787109375
v 10692.634765625 9.01611328125 -11218.21484375
v 10654.0615234375 342.255126953125 -11191.7041015625
v 10627.5517578125 342.255126953125 -11230.27734375
v 10666.1240234375 342.255126953125 -11256.787109375
v 10692.634765625 342.255126953125 -11218.21484375
v 10419.3251953125 16.533447265625 -10746.2841796875
v 10607.9345703125 16.533447265625 -10776.1572265625
v 10639.125 16.533447265625 -10579.2275390625
v 10450.515625 16.533447265625 -10549.3544921875
v 10419.3251953125 187.991455078125 -10746.2841796875
v 10607.9345703125 187.991455078125 -10776.1572265625
v 10639.125 187.991455078125 -10579.2275390625
v 10450.515625 187.991455078125 -10549.3544921875
v 10069.69140625 16.533447265625 -10726.0341796875
v 10208.208984375 16.533447265625 -10594.5849609375
v 10070.9619140625 16.533447265625 -10449.9560546875
v 9932.443359375 16.533447265625 -10581.4052734375
v 10069.69140625 187.991455078125 -10726.0341796875
v 10208.208984375 187.991455078125 -10594.5849609375
v 10070.9619140625 187.991455078125 -10449.9560546875
v 9932.443359375 187.991455078125 -10581.4052734375
v 10607.962890625 13.757091522216797 -11000.9423828125
v 10863.17578125 13.757088661193848 -11041.365234375
v 10894.6064453125 13.757088661193848 -10842.9228515625
v 10639.3935546875 13.757092475891113 -10802.5
v 10607.962890625 228.541259765625 -11000.9423828125
v 10863.17578125 228.541259765625 -11041.365234375
v 10894.6064453125 228.541259765625 -10842.9228515625
v 10639.3935546875 228.541259765625 -10802.5
v 10500.38671875 8.58447265625 -10880.2412109375
v 11064.76953125 8.58447265625 -10969.630859375
v 11152.4931640625 8.58447265625 -10415.7646484375
v 10588.1103515625 8.58447265625 -10326.375
v 10500.38671875 698.589111328125 -10880.2412109375
v 11064.76953125 698.589111328125 -10969.630859375
v 11152.4931640625 698.589111328125 -10415.7646484375
v 10588.1103515625 698.589111328125 -10326.375
v 10544.318359375 9.01611328125 -10317.2900390625
v 10544.318359375 9.01611328125 -10364.0947265625
v 10591.123046875 9.01611328125 -10364.0947265625
v 10591.123046875 9.01611328125 -10317.2900390625
v 10544.318359375 342.255126953125 -10317.2900390625
v 10544.318359375 342.255126953125 -10364.0947265625
v 10591.123046875 342.255126953125 -10364.0947265625
v 10591.123046875 342.255126953125 -10317.2900390625
v 10293.1162109375 8.58447265625 -11114.7412109375
v 10783.876953125 8.58447265625 -11192.470703125
v 10857.5908203125 8.58447265625 -10727.0654296875
v 10366.8291015625 8.58447265625 -10649.3359375
v 10293.1162109375 665.876953125 -11114.7412109375
v 10783.876953125 665.876953125 -11192.470703125
v 10857.5908203125 665.876953125 -10727.0654296875
v 10366.8291015625 665.876953125 -10649.3359375
v 6812.0537109375 9.01611328125 -11891.7802734375
v 6852.98974609375 9.01611328125 -11914.4716796875
v 6875.68115234375 9.01611328125 -11873.53515625
v 6834.7451171875 9.01611328125 -11850.84375
v 6812.0537109375 342.255126953125 -11891.7802734375
v 6852.98974609375 342.255126953125 -11914.4716796875
v 6875.68115234375 342.255126953125 -11873.53515625
v 6834.7451171875 342.255126953125 -11850.84375
v 6882.92431640625 18.61376953125 -11752.306640625
v 6890.7705078125 18.61376953125 -11652.615234375
v 6804.435546875 18.61376953125 -11645.8203125
v 6796.58984375 18.61376953125 -11745.5126953125
v 6882.92431640625 138.61376953125 -11752.306640625
v 6890.7705078125 138.61376953125 -11652.615234375
v 6804.435546875 138.61376953125 -11645.8203125
v 6796.58984375 138.61376953125 -11745.5126953125
v 6663.04345703125 118.097412109375 -11318.79296875
v 6663.04345703125 118.097412109375 -11318.79296875
v 6722.1416015625 118.097412109375 -11313.1025390625
v 6722.1416015625 118.097412109375 -11313.1025390625
v 6663.04345703125 226.69091796875 -11318.79296875
v 6663.04345703125 226.69091796875 -11318.79296875
v 6722.1416015625 226.69091796875 -11313.1025390625
v 6722.1416015625 226.69091796875 -11313.1025390625
v 6658.01904296875 9.085205078125 -11314.38671875
v 6665.9580078125 9.085205078125 -11396.8330078125
v 6743.08544921875 9.085205078125 -11389.4072265625
v 6735.14697265625 9.085205078125 -11306.9599609375
v 6658.01904296875 238.3779296875 -11314.38671875
v 6665.9580078125 238.3779296875 -11396.8330078125
v 6743.08544921875 238.3779296875 -11389.4072265625
v 6735.14697265625 238.3779296875 -11306.9599609375
v 6669.923828125 118.097412109375 -11390.2470703125
v 6669.923828125 118.097412109375 -11390.2470703125
v 6729.021484375 118.097412109375 -11384.556640625
v 6729.021484375 118.097412109375 -11384.556640625
v 6669.923828125 226.69091796875 -11390.2470703125
v 6669.923828125 226.69091796875 -11390.2470703125
v 6729.021484375 226.69091796875 -11384.556640625
v 6729.021484375 226.69091796875 -11384.556640625
v 6760.66650390625 18.61376953125 -10429.443359375
v 6768.5126953125 18.61376953125 -10329.751953125
v 6682.177734375 18.61376953125 -10322.95703125
v 6674.33203125 18.61376953125 -10422.6494140625
v 6760.66650390625 138.61376953125 -10429.443359375
v 6768.5126953125 138.61376953125 -10329.751953125
v 6682.177734375 138.61376953125 -10322.95703125
v 6674.33203125 138.61376953125 -10422.6494140625
v 7629.77197265625 18.61376953125 -10403.154296875
v 7637.6181640625 18.61376953125 -10303.462890625
v 7551.283203125 18.61376953125 -10296.66796875
v 7543.4375 18.61376953125 -10396.3603515625
v 7629.77197265625 138.61376953125 -10403.154296875
v 7637.6181640625 138.61376953125 -10303.462890625
v 7551.283203125 138.61376953125 -10296.66796875
v 7543.4375 138.61376953125 -10396.3603515625
v 7507.57470703125 9.01611328125 -10655.455078125
v 7548.10888671875 9.01611328125 -10678.857421875
v 7571.51123046875 9.01611328125 -10638.3232421875
v 7530.97705078125 9.01611328125 -10614.9208984375
v 7507.57470703125 342.255126953125 -10655.455078125
v 7548.10888671875 342.255126953125 -10678.857421875
v 7571.51123046875 342.255126953125 -10638.3232421875
v 7530.97705078125 342.255126953125 -10614.9208984375
v 7081.9462890625 16.533447265625 -10924.416015625
v 7096.9287109375 16.533447265625 -10734.0439453125
v 6898.15869140625 16.533447265625 -10718.400390625
v 6883.17626953125 16.533447265625 -10908.7724609375
v 7081.9462890625 187.991455078125 -10924.416015625
v 7096.9287109375 187.991455078125 -10734.0439453125
v 6898.15869140625 187.991455078125 -10718.400390625
v 6883.17626953125 187.991455078125 -10908.7724609375
v 7089.18994140625 16.533447265625 -11274.5634765625
v 6947.2783203125 16.533447265625 -11146.78515625
v 6813.86376953125 16.533447265625 -11294.95703125
v 6955.775390625 16.533447265625 -11422.7353515625
v 7089.18994140625 187.991455078125 -11274.5634765625
v 6947.2783203125 187.991455078125 -11146.78515625
v 6813.86376953125 187.991455078125 -11294.95703125
v 6955.775390625 187.991455078125 -11422.7353515625
v 7321.017578125 13.757184982299805 -10716.3818359375
v 7341.291015625 13.757184982299805 -10458.783203125
v 7140.994140625 13.757184982299805 -10443.01953125
v 7120.720703125 13.757184982299805 -10700.6171875
v 7321.017578125 228.54135131835938 -10716.380859375
v 7341.291015625 228.54135131835938 -10458.783203125
v 7140.994140625 228.54135131835938 -10443.01953125
v 7120.720703125 228.54135131835938 -10700.6171875
v 7209.1298828125 8.58447265625 -10833.09375
v 7253.962890625 8.58447265625 -10263.4365234375
v 6694.921875 8.58447265625 -10219.439453125
v 6650.0888671875 8.58447265625 -10789.095703125
v 7209.1298828125 698.589111328125 -10833.09375
v 7253.962890625 698.589111328125 -10263.4365234375
v 6694.921875 698.589111328125 -10219.439453125
v 6650.0888671875 698.589111328125 -10789.095703125
v 6644.47021484375 9.01611328125 -10833.466796875
v 6691.13037109375 9.01611328125 -10829.7939453125
v 6687.4580078125 9.01611328125 -10783.1337890625
v 6640.7978515625 9.01611328125 -10786.8056640625
v 6644.47021484375 342.255126953125 -10833.466796875
v 6691.13037109375 342.255126953125 -10829.7939453125
v 6687.4580078125 342.255126953125 -10783.1337890625
v 6640.7978515625 342.255126953125 -10786.8056640625
v 7459.169921875 8.58447265625 -11021.3291015625
v 7498.15478515625 8.58447265625 -10525.9814453125
v 7028.400390625 8.58447265625 -10489.0107421875
v 6989.41552734375 8.58447265625 -10984.3583984375
v 7459.169921875 665.876953125 -11021.3291015625
v 7498.15478515625 665.876953125 -10525.9814453125
v 7028.400390625 665.876953125 -10489.0107421875
v 6989.41552734375 665.876953125 -10984.3583984375
v 16744.814453125 10.770291328430176 13856.9990234375
v 16652.298828125 10.770291328430176 14027.3896484375
v 16620.37109375 10.770378112792969 14010.0546875
v 16712.88671875 10.770378112792969 13839.6640625
v 16744.814453125 742.067138671875 13857
v 16652.30078125 742.067138671875 14027.390625
v 16620.373046875 742.0672607421875 14010.0556640625
v 16712.888671875 742.0672607421875 13839.6650390625
v 18414.912109375 18.61376953125 11623.974609375
v 18316.14453125 18.61376953125 11639.6171875
v 18302.595703125 18.61376953125 11554.08203125
v 18401.365234375 18.61376953125 11538.4384765625
v 18414.912109375 138.61376953125 11623.974609375
v 18316.14453125 138.61376953125 11639.6171875
v 18302.595703125 138.61376953125 11554.08203125
v 18401.365234375 138.61376953125 11538.4384765625
v 17960.6953125 9.085205078125 11434.123046875
v 18043.51171875 9.085205078125 11435.568359375
v 18042.158203125 9.085205078125 11513.041015625
v 17959.34375 9.085205078125 11511.595703125
v 17960.6953125 238.3779296875 11434.123046875
v 18043.51171875 238.3779296875 11435.568359375
v 18042.158203125 238.3779296875 11513.041015625
v 17959.34375 238.3779296875 11511.595703125
v 18088.439453125 9.08544921875 11889.701171875
v 18126.365234375 9.08544921875 11864.599609375
v 18142.923828125 9.08544921875 11889.6162109375
v 18104.998046875 9.08544921875 11914.7177734375
v 18088.439453125 110.18603515625 11889.701171875
v 18126.365234375 110.18603515625 11864.599609375
v 18142.923828125 110.18603515625 11889.6162109375
v 18104.998046875 110.18603515625 11914.7177734375
v 18097.373046875 8.58447265625 11711.2783203125
v 17812.375 8.58447265625 12118.2978515625
v 17426.384765625 8.58447265625 11848.0244140625
v 17711.3828125 8.58447265625 11441.0048828125
v 18097.373046875 665.876953125 11711.2783203125
v 17812.375 665.876953125 12118.2978515625
v 17426.384765625 665.876953125 11848.0244140625
v 17711.3828125 665.876953125 11441.0048828125
v 18548.396484375 9.01611328125 11542.3828125
v 18574.23046875 9.01611328125 11581.412109375
v 18535.201171875 9.01611328125 11607.24609375
v 18509.3671875 9.01611328125 11568.2158203125
v 18548.396484375 342.255126953125 11542.3828125
v 18574.23046875 342.255126953125 11581.412109375
v 18535.201171875 342.255126953125 11607.24609375
v 18509.3671875 342.255126953125 11568.2158203125
v 17605.189453125 16.533447265625 11887.341796875
v 17416.580078125 16.533447265625 11917.21484375
v 17385.390625 16.533447265625 11720.28515625
v 17574 16.533447265625 11690.412109375
v 17605.189453125 187.991455078125 11887.341796875
v 17416.580078125 187.991455078125 11917.21484375
v 17385.390625 187.991455078125 11720.28515625
v 17574 187.991455078125 11690.412109375
v 18545.46875 -3.207080602645874 12359.0048828125
v 18598.5546875 -3.207078695297241 12619.9326171875
v 18390.16796875 -3.207075595855713 12662.3291015625
v 18337.08203125 -3.2070775032043457 12401.4013671875
v 18545.46875 659.8073120117188 12359.0048828125
v 18598.5546875 659.8073120117188 12619.9326171875
v 18390.16796875 659.8073120117188 12662.3291015625
v 18337.08203125 659.8073120117188 12401.4013671875
v 18037.255859375 118.097412109375 11440.0390625
v 18037.255859375 118.097412109375 11440.0390625
v 18036.220703125 118.097412109375 11499.4013671875
v 18036.220703125 118.097412109375 11499.4013671875
v 18037.255859375 226.69091796875 11440.0390625
v 18037.255859375 226.69091796875 11440.0390625
v 18036.220703125 226.69091796875 11499.4013671875
v 18036.220703125 226.69091796875 11499.4013671875
v 17954.826171875 16.533447265625 11867.0908203125
v 17816.30859375 16.533447265625 11735.6416015625
v 17953.5546875 16.533447265625 11591.0126953125
v 18092.07421875 16.533447265625 11722.4619140625
v 17954.826171875 187.991455078125 11867.0908203125
v 17816.30859375 187.991455078125 11735.6416015625
v 17953.5546875 187.991455078125 11591.0126953125
v 18092.07421875 187.991455078125 11722.4619140625
v 16944.408203125 9.01611328125 11458.443359375
v 16944.408203125 9.01611328125 11505.248046875
v 16897.603515625 9.01611328125 11505.248046875
v 16897.603515625 9.01611328125 11458.443359375
v 16944.408203125 342.255126953125 11458.443359375
v 16944.408203125 342.255126953125 11505.248046875
v 16897.603515625 342.255126953125 11505.248046875
v 16897.603515625 342.255126953125 11458.443359375
v 17731.3984375 8.58447265625 12255.798828125
v 17240.63671875 8.58447265625 12333.5283203125
v 17166.923828125 8.58447265625 11868.1220703125
v 17657.68359375 8.58447265625 11790.3935546875
v 17731.3984375 665.876953125 12255.798828125
v 17240.63671875 665.876953125 12333.5283203125
v 17166.923828125 665.876953125 11868.1220703125
v 17657.68359375 665.876953125 11790.3935546875
v 17524.125 8.58447265625 12021.294921875
v 16959.7421875 8.58447265625 12110.6845703125
v 16872.017578125 8.58447265625 11556.8193359375
v 17436.400390625 8.58447265625 11467.4296875
v 17524.125 698.589111328125 12021.294921875
v 16959.7421875 698.589111328125 12110.6845703125
v 16872.017578125 698.589111328125 11556.8193359375
v 17436.400390625 698.589111328125 11467.4296875
v 18354.033203125 5.878173828125 12424.2431640625
v 18553.2734375 5.878173828125 12406.8125
v 18569.8515625 5.878173828125 12596.2998046875
v 18370.611328125 5.878173828125 12613.73046875
v 18354.033203125 72.71533203125 12424.2431640625
v 18553.2734375 72.71533203125 12406.8125
v 18569.8515625 72.71533203125 12596.2998046875
v 18370.611328125 72.71533203125 12613.73046875
v 17370.451171875 9.01611328125 12332.759765625
v 17396.9609375 9.01611328125 12371.3330078125
v 17358.388671875 9.01611328125 12397.8427734375
v 17331.87890625 9.01611328125 12359.2705078125
v 17370.451171875 342.255126953125 12332.759765625
v 17396.9609375 342.255126953125 12371.3330078125
v 17358.388671875 342.255126953125 12397.8427734375
v 17331.87890625 342.255126953125 12359.2705078125
v 17128.517578125 18.61376953125 12474.373046875
v 17029.75 18.61376953125 12490.015625
v 17016.201171875 18.61376953125 12404.48046875
v 17114.970703125 18.61376953125 12388.8369140625
v 17128.517578125 138.61376953125 12474.373046875
v 17029.75 138.61376953125 12490.015625
v 17016.201171875 138.61376953125 12404.48046875
v 17114.970703125 138.61376953125 12388.8369140625
v 17965.482421875 118.097412109375 11438.7861328125
v 17965.482421875 118.097412109375 11438.7861328125
v 17964.447265625 118.097412109375 11498.1484375
v 17964.447265625 118.097412109375 11498.1484375
v 17965.482421875 226.69091796875 11438.7861328125
v 17965.482421875 226.69091796875 11438.7861328125
v 17964.447265625 226.69091796875 11498.1484375
v 17964.447265625 226.69091796875 11498.1484375
v 17086.53515625 18.61376953125 11605.884765625
v 16987.767578125 18.61376953125 11621.52734375
v 16974.21875 18.61376953125 11535.9921875
v 17072.98828125 18.61376953125 11520.3486328125
v 17086.53515625 138.61376953125 11605.884765625
v 16987.767578125 138.61376953125 11621.52734375
v 16974.21875 138.61376953125 11535.9921875
v 17072.98828125 138.61376953125 11520.3486328125
v 18661.962890625 10.9931640625 12382.0205078125
v 18701.87109375 10.9931640625 12406.4755859375
v 18677.416015625 10.9931640625 12446.3828125
v 18637.5078125 10.9931640625 12421.927734375
v 18661.962890625 344.232177734375 12382.0205078125
v 18701.87109375 344.232177734375 12406.4755859375
v 18677.416015625 344.232177734375 12446.3828125
v 18637.5078125 344.232177734375 12421.927734375
v 17574.30078125 7.838623046875 12954.0361328125
v 17661.802734375 7.838623046875 13666.68359375
v 16984.033203125 7.838623046875 13749.9033203125
v 16896.53125 7.838623046875 13037.255859375
v 17574.30078125 74.67578125 12954.0361328125
v 17661.802734375 74.67578125 13666.68359375
v 16984.033203125 74.67578125 13749.9033203125
v 16896.53125 74.67578125 13037.255859375
v 17300.04296875 60.974853515625 13342.810546875
v 17396.10546875 60.974853515625 13544.2109375
v 17187.48828125 60.974853515625 13643.716796875
v 17091.423828125 60.974853515625 13442.31640625
v 17300.04296875 161.609619140625 13342.810546875
v 17396.10546875 161.609619140625 13544.2109375
v 17187.48828125 161.609619140625 13643.716796875
v 17091.423828125 161.609619140625 13442.31640625
v 17566.744140625 7.27978515625 13717.681640625
v 17379.0859375 7.27978515625 13803.2021484375
v 17335.98046875 7.27978515625 13708.6142578125
v 17523.638671875 7.27978515625 13623.09375
v 17566.744140625 110.463623046875 13717.681640625
v 17379.0859375 110.463623046875 13803.2021484375
v 17335.98046875 110.463623046875 13708.6142578125
v 17523.638671875 110.463623046875 13623.09375
v 17442.96484375 10.5615234375 12879.845703125
v 17503.517578125 10.5615234375 13373.0205078125
v 17035.82421875 10.5615234375 13430.4462890625
v 16975.26953125 10.5615234375 12937.271484375
v 17442.96484375 667.85400390625 12879.845703125
v 17503.517578125 667.85400390625 13373.0205078125
v 17035.82421875 667.85400390625 13430.4462890625
v 16975.26953125 667.85400390625 12937.271484375
v 17536.890625 10.5615234375 13095.0224609375
v 17606.529296875 10.5615234375 13662.1806640625
v 17049.939453125 10.5615234375 13730.521484375
v 16980.30078125 10.5615234375 13163.36328125
v 17536.890625 700.566162109375 13095.0224609375
v 17606.529296875 700.566162109375 13662.1806640625
v 17049.939453125 700.566162109375 13730.521484375
v 16980.30078125 700.566162109375 13163.36328125
v 17114.5234375 10.9931640625 12911.9228515625
v 17160.98046875 10.9931640625 12906.21875
v 17166.68359375 10.9931640625 12952.6748046875
v 17120.228515625 10.9931640625 12958.37890625
v 17114.5234375 344.232177734375 12911.9228515625
v 17160.98046875 344.232177734375 12906.21875
v 17166.68359375 344.232177734375 12952.6748046875
v 17120.228515625 344.232177734375 12958.37890625
v 16833.025390625 7.27978515625 13221.9208984375
v 16933.005859375 7.27978515625 13041.55078125
v 17023.921875 7.27978515625 13091.9453125
v 16923.94140625 7.27978515625 13272.3154296875
v 16833.025390625 110.463623046875 13221.9208984375
v 16933.005859375 110.463623046875 13041.55078125
v 17023.921875 110.463623046875 13091.9453125
v 16923.94140625 110.463623046875 13272.3154296875
v 17611.673828125 10.9931640625 13495.0751953125
v 17651.58203125 10.9931640625 13519.5302734375
v 17627.126953125 10.9931640625 13559.4375
v 17587.21875 10.9931640625 13534.982421875
v 17611.673828125 344.232177734375 13495.0751953125
v 17651.58203125 344.232177734375 13519.5302734375
v 17627.126953125 344.232177734375 13559.4375
v 17587.21875 344.232177734375 13534.982421875
v 17218.9140625 61.127685546875 13105.583984375
v 17314.9765625 61.127685546875 13306.984375
v 17106.359375 61.127685546875 13406.490234375
v 17010.294921875 61.127685546875 13205.08984375
v 17218.9140625 161.762451171875 13105.583984375
v 17314.9765625 161.762451171875 13306.984375
v 17106.359375 161.762451171875 13406.490234375
v 17010.294921875 161.762451171875 13205.08984375
v 17476.90625 60.144775390625 13160.205078125
v 17572.96875 60.144775390625 13361.60546875
v 17364.3515625 60.144775390625 13461.111328125
v 17268.287109375 60.144775390625 13259.7109375
v 17476.90625 160.779541015625 13160.205078125
v 17572.96875 160.779541015625 13361.60546875
v 17364.3515625 160.779541015625 13461.111328125
v 17268.287109375 160.779541015625 13259.7109375
v 17534.95703125 7.27978515625 12977.1689453125
v 17675.603515625 7.27978515625 13127.9931640625
v 17599.58203125 7.27978515625 13198.884765625
v 17458.935546875 7.27978515625 13048.060546875
v 17534.95703125 110.463623046875 12977.1689453125
v 17675.603515625 110.463623046875 13127.9931640625
v 17599.58203125 110.463623046875 13198.884765625
v 17458.935546875 110.463623046875 13048.060546875
v 17416.55078125 13.757043838500977 12141.99609375
v 17161.3359375 13.757040977478027 12182.41796875
v 17129.90625 13.75704288482666 11983.9755859375
v 17385.119140625 13.75704574584961 11943.5537109375
v 17416.55078125 228.5412139892578 12141.99609375
v 17161.3359375 228.5412139892578 12182.41796875
v 17129.90625 228.5412139892578 11983.9755859375
v 17385.119140625 228.5412139892578 11943.5537109375
v 15748.8359375 4.790283203125 12008.546875
v 15822.791015625 4.790283203125 12011.12890625
v 15822.6318359375 4.790283203125 12015.685546875
v 15748.6767578125 4.790283203125 12013.1025390625
v 15748.8359375 251.420166015625 12008.546875
v 15822.791015625 251.420166015625 12011.12890625
v 15822.6318359375 251.420166015625 12015.685546875
v 15748.6767578125 251.420166015625 12013.1025390625
v 11709.3349609375 4.790283203125 15186.650390625
v 11702.884765625 4.790283203125 15112.931640625
v 11707.4267578125 4.790283203125 15112.53515625
v 11713.8759765625 4.790283203125 15186.2529296875
v 11709.3349609375 251.420166015625 15186.650390625
v 11702.884765625 251.420166015625 15112.931640625
v 11707.4267578125 251.420166015625 15112.53515625
v 11713.8759765625 251.420166015625 15186.2529296875
v 10863.623046875 4.26904296875 15145.6689453125
v 10901.515625 4.26904296875 15143.6826171875
v 10903.873046875 4.26904296875 15188.65234375
v 10865.9794921875 4.26904296875 15190.638671875
v 10863.623046875 298.56689453125 15145.6689453125
v 10901.515625 298.56689453125 15143.6826171875
v 10903.873046875 298.56689453125 15188.65234375
v 10865.9794921875 298.56689453125 15190.638671875
v 15407.5390625 9.285916328430176 15136.564453125
v 15382.2314453125 9.285916328430176 14944.3359375
v 15418.2509765625 9.286003112792969 14939.59375
v 15443.5576171875 9.286003112792969 15131.822265625
v 15407.537109375 740.582763671875 15136.564453125
v 15382.2294921875 740.582763671875 14944.3359375
v 15418.2490234375 740.5828857421875 14939.5947265625
v 15443.556640625 740.5828857421875 15131.822265625
v 10863.623046875 4.26904296875 15145.6689453125
v 10901.515625 4.26904296875 15143.6826171875
v 10903.873046875 4.26904296875 15188.65234375
v 10865.9794921875 4.26904296875 15190.638671875
v 10863.623046875 298.56689453125 15145.6689453125
v 10901.515625 298.56689453125 15143.6826171875
v 10903.873046875 298.56689453125 15188.65234375
v 10865.9794921875 298.56689453125 15190.638671875
v 15945.333984375 9.285916328430176 12181.8916015625
v 15751.712890625 9.285916328430176 12171.744140625
v 15753.6142578125 9.286003112792969 12135.4638671875
v 15947.2353515625 9.286003112792969 12145.611328125
v 15945.333984375 740.582763671875 12181.8935546875
v 15751.712890625 740.582763671875 12171.74609375
v 15753.6142578125 740.5828857421875 12135.4658203125
v 15947.2353515625 740.5828857421875 12145.61328125
v 11735.72265625 9.285916328430176 15296.810546875
v 11732.3388671875 9.285916328430176 15102.953125
v 11768.6640625 9.286003112792969 15102.3193359375
v 11772.0478515625 9.286003112792969 15296.17578125
v 11735.720703125 740.582763671875 15296.810546875
v 11732.3369140625 740.582763671875 15102.953125
v 11768.662109375 740.5828857421875 15102.3193359375
v 11772.0458984375 740.5828857421875 15296.17578125
v 10607.173828125 9.285916328430176 12124.5830078125
v 10801.052734375 9.285916328430176 12126.275390625
v 10800.736328125 9.286003112792969 12162.6044921875
v 10606.8564453125 9.286003112792969 12160.912109375
v 10607.173828125 740.582763671875 12124.58203125
v 10801.0537109375 740.582763671875 12126.2734375
v 10800.736328125 740.5828857421875 12162.6025390625
v 10606.8564453125 740.5828857421875 12160.91015625
v 10714.283203125 9.285916328430176 14744.083984375
v 10908.162109375 9.285916328430176 14745.7763671875
v 10907.845703125 9.286003112792969 14782.10546875
v 10713.9658203125 9.286003112792969 14780.4130859375
v 10714.283203125 740.582763671875 14744.0830078125
v 10908.1630859375 740.582763671875 14745.7744140625
v 10907.845703125 740.5828857421875 14782.103515625
v 10713.9658203125 740.5828857421875 14780.4111328125
v 12151.6826171875 9.57763671875 13604.0205078125
v 12130.28515625 9.57763671875 13582.9931640625
v 12151.4638671875 9.57763671875 13561.44140625
v 12172.861328125 9.57763671875 13582.46875
v 12151.6826171875 319.57763671875 13604.0205078125
v 12130.28515625 319.57763671875 13582.9931640625
v 12151.4638671875 319.57763671875 13561.44140625
v 12172.861328125 319.57763671875 13582.46875
v 14725.58984375 3297.883544921875 13579.2119140625
v 13273.5400390625 3297.883544921875 15031.2626953125
v 11822.8232421875 3297.883544921875 13580.5458984375
v 13274.873046875 3297.883544921875 12128.4951171875
v 14725.58984375 3412.469970703125 13579.2119140625
v 13273.5400390625 3412.469970703125 15031.2626953125
v 11822.8232421875 3412.469970703125 13580.5458984375
v 13274.873046875 3412.469970703125 12128.4951171875
v 14725.58984375 2795.472900390625 13579.2119140625
v 13273.5400390625 2795.472900390625 15031.2626953125
v 11822.8232421875 2795.472900390625 13580.5458984375
v 13274.873046875 2795.472900390625 12128.4951171875
v 14725.58984375 2910.059326171875 13579.2119140625
v 13273.5400390625 2910.059326171875 15031.2626953125
v 11822.8232421875 2910.059326171875 13580.5458984375
v 13274.873046875 2910.059326171875 12128.4951171875
v 14725.58984375 1778.344482421875 13579.2119140625
v 13273.5400390625 1778.344482421875 15031.2626953125
v 11822.8232421875 1778.344482421875 13580.5458984375
v 13274.873046875 1778.344482421875 12128.4951171875
v 14725.58984375 1892.930908203125 13579.2119140625
v 13273.5400390625 1892.930908203125 15031.2626953125
v 11822.8232421875 1892.930908203125 13580.5458984375
v 13274.873046875 1892.930908203125 12128.4951171875
v 14725.58984375 2280.755126953125 13579.2119140625
v 13273.5400390625 2280.755126953125 15031.2626953125
v 11822.8232421875 2280.755126953125 13580.5458984375
v 13274.873046875 2280.755126953125 12128.4951171875
v 14725.58984375 2395.341552734375 13579.2119140625
v 13273.5400390625 2395.341552734375 15031.2626953125
v 11822.8232421875 2395.341552734375 13580.5458984375
v 13274.873046875 2395.341552734375 12128.4951171875
v 14725.58984375 1267.468505859375 13579.2119140625
v 13273.5400390625 1267.468505859375 15031.2626953125
v 11822.8232421875 1267.468505859375 13580.5458984375
v 13274.873046875 1267.468505859375 12128.4951171875
v 14725.58984375 1382.054931640625 13579.2119140625
v 13273.5400390625 1382.054931640625 15031.2626953125
v 11822.8232421875 1382.054931640625 13580.5458984375
v 13274.873046875 1382.054931640625 12128.4951171875
v 14725.58984375 765.057861328125 13579.2119140625
v 13273.5400390625 765.057861328125 15031.2626953125
v 11822.8232421875 765.057861328125 13580.5458984375
v 13274.873046875 765.057861328125 12128.4951171875
v 14725.58984375 879.644287109375 13579.2119140625
v 13273.5400390625 879.644287109375 15031.2626953125
v 11822.8232421875 879.644287109375 13580.5458984375
v 13274.873046875 879.644287109375 12128.4951171875
v 14725.58984375 357.736083984375 13579.2119140625
v 13273.5400390625 357.736083984375 15031.2626953125
v 11822.8232421875 357.736083984375 13580.5458984375
v 13274.873046875 357.736083984375 12128.4951171875
v 14725.58984375 472.322509765625 13579.2119140625
v 13273.5400390625 472.322509765625 15031.2626953125
v 11822.8232421875 472.322509765625 13580.5458984375
v 13274.873046875 472.322509765625 12128.4951171875
v 12125.7109375 9.57763671875 13579.0087890625
v 12146.9248046875 9.57763671875 13557.7958984375
v 12168.291015625 9.57763671875 13579.162109375
v 12147.0771484375 9.57763671875 13600.375
v 12125.7109375 319.57763671875 13579.0087890625
v 12146.9248046875 319.57763671875 13557.7958984375
v 12168.291015625 319.57763671875 13579.162109375
v 12147.0771484375 319.57763671875 13600.375
v 12145.541015625 3906.5361328125 13579.90625
v 12711.3759765625 3906.5361328125 13014.0712890625
v 13277.611328125 3906.5361328125 13580.306640625
v 12711.7763671875 3906.5361328125 14146.140625
v 12145.541015625 4626.55712890625 13579.90625
v 12711.3759765625 4626.55712890625 13014.0712890625
v 13277.611328125 4626.55712890625 13580.306640625
v 12711.7763671875 4626.55712890625 14146.140625
v 14401.8408203125 3906.5361328125 13578.619140625
v 13836.005859375 3906.5361328125 14144.4541015625
v 13269.7705078125 3906.5361328125 13578.21875
v 13835.60546875 3906.5361328125 13012.384765625
v 14401.8408203125 4626.55712890625 13578.619140625
v 13836.005859375 4626.55712890625 14144.4541015625
v 13269.7705078125 4626.55712890625 13578.21875
v 13835.60546875 4626.55712890625 13012.384765625
v 13274.1796875 3906.5361328125 14707.8017578125
v 12708.3447265625 3906.5361328125 14141.966796875
v 13274.580078125 3906.5361328125 13575.7314453125
v 13840.4140625 3906.5361328125 14141.56640625
v 13274.1796875 4626.55712890625 14707.8017578125
v 12708.3447265625 4626.55712890625 14141.966796875
v 13274.580078125 4626.55712890625 13575.7314453125
v 13840.4140625 4626.55712890625 14141.56640625
v 13834.8349609375 9.57737922668457 13015.2470703125
v 14400.5205078125 9.577402114868164 13580.9326171875
v 14329.5771484375 9.577411651611328 13651.8759765625
v 13763.8916015625 9.577388763427734 13086.1904296875
v 13834.8349609375 309.577392578125 13015.2470703125
v 14400.5205078125 309.577392578125 13580.9326171875
v 14329.5771484375 309.5774230957031 13651.8759765625
v 13763.8916015625 309.577392578125 13086.1904296875
v 13273.41796875 9.577065467834473 12456.388671875
v 13839.10546875 9.577089309692383 13022.0751953125
v 13768.162109375 9.577101707458496 13093.017578125
v 13202.4755859375 9.577077865600586 12527.3310546875
v 13273.41796875 309.5770568847656 12456.388671875
v 13839.10546875 309.57708740234375 13022.0751953125
v 13768.162109375 309.57708740234375 13093.017578125
v 13202.4755859375 309.57708740234375 12527.3310546875
v 12707.1669921875 9.57723331451416 13022.865234375
v 13272.8544921875 9.57723331451416 12457.1787109375
v 13343.796875 9.577249526977539 12528.12109375
v 12778.1103515625 9.577249526977539 13093.80859375
v 12707.1669921875 309.5772399902344 13022.865234375
v 13272.8544921875 309.5772399902344 12457.1787109375
v 13343.796875 309.5772399902344 12528.12109375
v 12778.1103515625 309.5772399902344 13093.80859375
v 12711.328125 9.57736873626709 14145.8046875
v 12145.642578125 9.57736873626709 13580.119140625
v 12638.890625 9.57745361328125 13086.8701171875
v 13204.576171875 9.57745361328125 13652.5556640625
v 12711.328125 309.5773620605469 14145.8046875
v 12145.642578125 309.5773620605469 13580.119140625
v 12638.890625 309.57745361328125 13086.8701171875
v 13204.576171875 309.57745361328125 13652.5556640625
v 13274.470703125 9.577327728271484 14709.1767578125
v 12708.7841796875 9.577349662780762 14143.4892578125
v 12779.7265625 9.577374458312988 14072.546875
v 13345.4130859375 9.577351570129395 14638.234375
v 13274.470703125 309.57733154296875 14709.1767578125
v 12708.7841796875 309.5773620605469 14143.490234375
v 12779.7265625 309.5773620605469 14072.546875
v 13345.4130859375 309.5773620605469 14638.234375
v 13841.0751953125 9.577024459838867 14141.572265625
v 13275.388671875 9.577024459838867 14707.2587890625
v 13204.4453125 9.577034950256348 14636.31640625
v 13770.1328125 9.577034950256348 14070.62890625
v 13841.0751953125 309.5770263671875 14141.572265625
v 13275.388671875 309.5770263671875 14707.2587890625
v 13204.4453125 309.5770263671875 14636.31640625
v 13770.1328125 309.5770263671875 14070.6298828125
v 14396.4345703125 9.57717227935791 13583.73828125
v 13835.70703125 9.577165603637695 14154.3388671875
v 13814.3095703125 9.577170372009277 14133.3115234375
v 14375.037109375 9.577177047729492 13562.7109375
v 14396.4345703125 309.6487121582031 13583.73828125
v 13835.70703125 309.6487121582031 14154.3388671875
v 13814.3095703125 309.6487121582031 14133.3115234375
v 14375.037109375 309.6487121582031 13562.7109375
v 14415.2080078125 9.57763671875 13579.7705078125
v 14393.9951171875 9.57763671875 13600.9833984375
v 14372.6279296875 9.57763671875 13579.6171875
v 14393.841796875 9.57763671875 13558.404296875
v 14415.2080078125 319.57763671875 13579.7705078125
v 14393.9951171875 319.57763671875 13600.9833984375
v 14372.6279296875 319.57763671875 13579.6171875
v 14393.841796875 319.57763671875 13558.404296875
v 13851.6494140625 9.57763671875 14142.9404296875
v 13830.4365234375 9.57763671875 14164.1533203125
v 13817.5673828125 9.57763671875 14151.2841796875
v 13838.7802734375 9.57763671875 14130.0712890625
v 13851.6494140625 319.57763671875 14142.9404296875
v 13830.4365234375 319.57763671875 14164.1533203125
v 13817.5673828125 319.57763671875 14151.2841796875
v 13838.7802734375 319.57763671875 14130.0712890625
v 13834.845703125 9.57763671875 12999.3544921875
v 13856.05859375 9.57763671875 13020.568359375
v 13843.189453125 9.57763671875 13033.4365234375
v 13821.9765625 9.57763671875 13012.2236328125
v 13834.845703125 319.57763671875 12999.3544921875
v 13856.05859375 319.57763671875 13020.568359375
v 13843.189453125 319.57763671875 13033.4365234375
v 13821.9765625 319.57763671875 13012.2236328125
v 12684.6689453125 9.57763671875 13024.2236328125
v 12705.5087890625 9.57763671875 13002.642578125
v 12718.599609375 9.57763671875 13015.28515625
v 12697.759765625 9.57763671875 13036.865234375
v 12684.6689453125 319.57763671875 13024.2236328125
v 12705.5087890625 319.57763671875 13002.642578125
v 12718.599609375 319.57763671875 13015.28515625
v 12697.759765625 319.57763671875 13036.865234375
v 12713.427734375 9.57763671875 14162.0810546875
v 12692.21484375 9.57763671875 14140.8681640625
v 12705.083984375 9.57763671875 14127.9990234375
v 12726.296875 9.57763671875 14149.2119140625
v 12713.427734375 319.57763671875 14162.0810546875
v 12692.21484375 319.57763671875 14140.8681640625
v 12705.083984375 319.57763671875 14127.9990234375
v 12726.296875 319.57763671875 14149.2119140625
v 13274.5087890625 9.57763671875 14721.6142578125
v 13253.111328125 9.57763671875 14700.5869140625
v 13274.2900390625 9.57763671875 14679.03515625
v 13295.6875 9.57763671875 14700.0625
v 13274.5087890625 319.57763671875 14721.6142578125
v 13253.111328125 319.57763671875 14700.5869140625
v 13274.2900390625 319.57763671875 14679.03515625
v 13295.6875 319.57763671875 14700.0625
v 13272.951171875 9.57763671875 12440.171875
v 13294.1640625 9.57763671875 12461.384765625
v 13272.7978515625 9.57763671875 12482.7509765625
v 13251.5849609375 9.57763671875 12461.5380859375
v 13272.951171875 319.57763671875 12440.171875
v 13294.1640625 319.57763671875 12461.384765625
v 13272.7978515625 319.57763671875 12482.7509765625
v 13251.5849609375 319.57763671875 12461.5380859375
v 13273.28515625 3906.5361328125 12451.0361328125
v 13839.1201171875 3906.5361328125 13016.8701171875
v 13272.8857421875 3906.5361328125 13583.10546875
v 12707.05078125 3906.5361328125 13017.271484375
v 13273.28515625 4626.55712890625 12451.0361328125
v 13839.1201171875 4626.55712890625 13016.8701171875
v 13272.8857421875 4626.55712890625 13583.10546875
v 12707.05078125 4626.55712890625 13017.271484375
v 14933.7783203125 9.285916328430176 7197.03857421875
v 15055.794921875 9.285916328430176 7347.716796875
v 15027.5615234375 9.286003112792969 7370.580078125
v 14905.544921875 9.286003112792969 7219.90185546875
v 14933.779296875 740.582763671875 7197.03759765625
v 15055.796875 740.582763671875 7347.7158203125
v 15027.5625 740.5828857421875 7370.5791015625
v 14905.5458984375 740.5828857421875 7219.90087890625
v -4393.521484375 9.285916328430176 15142.046875
v -4418.8291015625 9.285916328430176 14949.818359375
v -4382.8095703125 9.286003112792969 14945.076171875
v -4357.50244140625 9.286003112792969 15137.3046875
v -4393.5234375 740.582763671875 15142.046875
v -4418.83056640625 740.582763671875 14949.818359375
v -4382.8115234375 740.5828857421875 14945.0771484375
v -4357.50390625 740.5828857421875 15137.3046875
v -4052.224365234375 4.790283203125 12014.029296875
v -3978.26953125 4.790283203125 12016.611328125
v -3978.4287109375 4.790283203125 12021.16796875
v -4052.383544921875 4.790283203125 12018.5849609375
v -4052.224365234375 251.420166015625 12014.029296875
v -3978.26953125 251.420166015625 12016.611328125
v -3978.4287109375 251.420166015625 12021.16796875
v -4052.383544921875 251.420166015625 12018.5849609375
v -3890.534423828125 9.285916328430176 12847.134765625
v -4084.1552734375 9.285916328430176 12836.9873046875
v -4082.25390625 9.286003112792969 12800.70703125
v -3888.633056640625 9.286003112792969 12810.8544921875
v -3890.534423828125 740.582763671875 12847.1357421875
v -4084.155517578125 740.582763671875 12836.9892578125
v -4082.254150390625 740.5828857421875 12800.708984375
v -3888.633056640625 740.5828857421875 12810.85546875
v -8065.33642578125 9.285916328430176 15302.294921875
v -8068.72021484375 9.285916328430176 15108.4375
v -8032.39599609375 9.286003112792969 15107.8037109375
v -8029.01220703125 9.286003112792969 15301.6611328125
v -8065.33837890625 740.582763671875 15302.294921875
v -8068.72216796875 740.582763671875 15108.4375
v -8032.3974609375 740.5828857421875 15107.8037109375
v -8029.013671875 740.5828857421875 15301.6611328125
v -9193.88671875 9.285916328430176 12130.068359375
v -9000.0078125 9.285916328430176 12131.759765625
v -9000.32421875 9.286003112792969 12168.0888671875
v -9194.2041015625 9.286003112792969 12166.396484375
v -9193.88671875 740.582763671875 12130.06640625
v -9000.0078125 740.582763671875 12131.7578125
v -9000.32421875 740.5828857421875 12168.0869140625
v -9194.2041015625 740.5828857421875 12166.39453125
v -8091.72412109375 4.790283203125 15192.1337890625
v -8098.173828125 4.790283203125 15118.416015625
v -8093.63232421875 4.790283203125 15118.0185546875
v -8087.18310546875 4.790283203125 15191.736328125
v -8091.72412109375 251.420166015625 15192.1337890625
v -8098.173828125 251.420166015625 15118.416015625
v -8093.63232421875 251.420166015625 15118.0185546875
v -8087.18310546875 251.420166015625 15191.736328125
v -9086.77734375 9.285916328430176 14749.5693359375
v -8892.8984375 9.285916328430176 14751.2607421875
v -8893.21484375 9.286003112792969 14787.58984375
v -9087.0947265625 9.286003112792969 14785.8974609375
v -9086.77734375 740.582763671875 14749.5673828125
v -8892.8984375 740.582763671875 14751.2587890625
v -8893.21484375 740.5828857421875 14787.587890625
v -9087.0947265625 740.5828857421875 14785.8955078125
v -8937.435546875 4.26904296875 15151.154296875
v -8899.5419921875 4.26904296875 15149.16796875
v -8897.185546875 4.26904296875 15194.1376953125
v -8935.078125 4.26904296875 15196.1240234375
v -8937.435546875 298.56689453125 15151.154296875
v -8899.5419921875 298.56689453125 15149.16796875
v -8897.185546875 298.56689453125 15194.1376953125
v -8935.078125 298.56689453125 15196.1240234375
v -8937.435546875 4.26904296875 15151.154296875
v -8899.5419921875 4.26904296875 15149.16796875
v -8897.185546875 4.26904296875 15194.1376953125
v -8935.078125 4.26904296875 15196.1240234375
v -8937.435546875 298.56689453125 15151.154296875
v -8899.5419921875 298.56689453125 15149.16796875
v -8897.185546875 298.56689453125 15194.1376953125
v -8935.078125 298.56689453125 15196.1240234375
v 17369.6171875 9.285916328430176 7258.95654296875
v 17362.8515625 9.285916328430176 7452.72509765625
v 17326.54296875 9.286003112792969 7451.45751953125
v 17333.310546875 9.286003112792969 7257.6884765625
v 17369.619140625 740.582763671875 7258.95654296875
v 17362.853515625 740.582763671875 7452.72509765625
v 17326.544921875 740.5828857421875 7451.45751953125
v 17333.3125 740.5828857421875 7257.68896484375
v 15006.0419921875 4.26904296875 10440.9833984375
v 15043.9853515625 4.26904296875 10440.6513671875
v 15044.37890625 4.26904296875 10485.681640625
v 15006.4345703125 4.26904296875 10486.0126953125
v 15006.0419921875 298.56689453125 10440.9833984375
v 15043.9853515625 298.56689453125 10440.6513671875
v 15044.37890625 298.56689453125 10485.681640625
v 15006.4345703125 298.56689453125 10486.0126953125
v 20023.447265625 4.790283203125 7519.93212890625
v 20097.21875 4.790283203125 7525.73779296875
v 20096.861328125 4.790283203125 7530.2822265625
v 20023.08984375 4.790283203125 7524.4765625
v 20023.447265625 251.420166015625 7519.93212890625
v 20097.21875 251.420166015625 7525.73779296875
v 20096.861328125 251.420166015625 7530.2822265625
v 20023.08984375 251.420166015625 7524.4765625
v 14874.365234375 9.285916328430176 10033.263671875
v 15067.986328125 9.285916328430176 10043.4111328125
v 15066.0849609375 9.286003112792969 10079.69140625
v 14872.4638671875 9.286003112792969 10069.5439453125
v 14874.365234375 740.582763671875 10033.26171875
v 15067.986328125 740.582763671875 10043.4091796875
v 15066.0849609375 740.5828857421875 10079.689453125
v 14872.4638671875 740.5828857421875 10069.5419921875
v 15141.4951171875 4.26904296875 7338.57763671875
v 15179.4384765625 4.26904296875 7338.24658203125
v 15179.83203125 4.26904296875 7383.27587890625
v 15141.8876953125 4.26904296875 7383.607421875
v 15141.4951171875 298.56689453125 7338.57763671875
v 15179.4384765625 298.56689453125 7338.24658203125
v 15179.83203125 298.56689453125 7383.27587890625
v 15141.8876953125 298.56689453125 7383.607421875
v 17329.123046875 451.31121826171875 7522.923828125
v 18929.998046875 451.31121826171875 7508.95166015625
v 18934.462890625 451.311279296875 8020.32275390625
v 17333.5859375 451.311279296875 8034.294921875
v 17329.123046875 1464.220458984375 7522.92333984375
v 18929.998046875 1464.220458984375 7508.95166015625
v 18934.462890625 1464.220458984375 8020.32275390625
v 17333.5859375 1464.220458984375 8034.29443359375
v 15726.0986328125 451.31121826171875 7536.916015625
v 17326.974609375 451.31121826171875 7522.94384765625
v 17331.439453125 451.311279296875 8034.31494140625
v 15730.5625 451.311279296875 8048.287109375
v 15726.0986328125 1464.220458984375 7536.91552734375
v 17326.974609375 1464.220458984375 7522.94384765625
v 17331.439453125 1464.220458984375 8034.31494140625
v 15730.5625 1464.220458984375 8048.28662109375
v 19444.248046875 451.3115234375 8011.54345703125
v 19458.21875 451.3114929199219 9612.419921875
v 18946.84765625 451.3115539550781 9616.8828125
v 18932.876953125 451.31158447265625 8016.00634765625
v 19444.248046875 1464.220703125 8011.54345703125
v 19458.21875 1464.220703125 9612.419921875
v 18946.84765625 1464.220703125 9616.8828125
v 18932.876953125 1464.220703125 8016.00634765625
v 15333.9296875 451.2860412597656 7941.64111328125
v 15614.2705078125 451.2860107421875 7656.36328125
v 15871.1611328125 451.2860412597656 7908.80810546875
v 15590.8193359375 451.28607177734375 8194.0859375
v 15333.9287109375 1237.4798583984375 7941.64111328125
v 15614.2705078125 1237.4798583984375 7656.36279296875
v 15871.1611328125 1237.4798583984375 7908.8076171875
v 15590.8193359375 1237.47998046875 8194.0859375
v 15230.7646484375 451.3111267089844 9653.0703125
v 15216.79296875 451.3111267089844 8052.193359375
v 15728.1640625 451.3111877441406 8047.73046875
v 15742.1357421875 451.3111877441406 9648.607421875
v 15230.7646484375 1464.2203369140625 9653.0703125
v 15216.79296875 1464.2203369140625 8052.193359375
v 15728.1640625 1464.2203369140625 8047.73046875
v 15742.1357421875 1464.2203369140625 9648.607421875
v 18947.919921875 9.577065467834473 9808.08984375
v 18147.94921875 9.5770845413208 9815.0712890625
v 18147.072265625 9.577099800109863 9714.7470703125
v 18947.044921875 9.577079772949219 9707.765625
v 18947.919921875 309.5770568847656 9808.08984375
v 18147.94921875 309.57708740234375 9815.0712890625
v 18147.07421875 309.57708740234375 9714.7470703125
v 18947.044921875 309.57708740234375 9707.765625
v 19116.90625 9.577202796936035 8015.806640625
v 19123.888671875 9.577190399169922 8815.7783203125
v 19023.564453125 9.57720947265625 8816.6533203125
v 19016.58203125 9.577221870422363 8016.68212890625
v 19116.90625 309.57720947265625 8015.806640625
v 19123.888671875 309.5771789550781 8815.7783203125
v 19023.564453125 309.57720947265625 8816.6533203125
v 19016.58203125 309.57720947265625 8016.68212890625
v 17351.349609375 9.577274322509766 9820.693359375
v 16551.380859375 9.577258110046387 9827.6748046875
v 16551.12109375 9.577251434326172 9797.9326171875
v 17351.08984375 9.57726764678955 9790.9501953125
v 17351.349609375 309.5950927734375 9820.693359375
v 16551.380859375 309.5950927734375 9827.6748046875
v 16551.12109375 309.5950622558594 9797.9326171875
v 17351.08984375 309.5950927734375 9790.9501953125
v 19341.5 451.2859191894531 9728.021484375
v 19061.158203125 451.28594970703125 10013.2998046875
v 18804.267578125 451.28594970703125 9760.8544921875
v 19084.609375 451.28594970703125 9475.576171875
v 19341.5 1237.479736328125 9728.021484375
v 19061.158203125 1237.479736328125 10013.2998046875
v 18804.267578125 1237.4798583984375 9760.8544921875
v 19084.609375 1237.479736328125 9475.576171875
v 19041.265625 451.2864990234375 7623.66015625
v 19326.544921875 451.2864990234375 7904.00146484375
v 19074.099609375 451.2865905761719 8160.8916015625
v 18788.8203125 451.2865905761719 7880.55029296875
v 19041.265625 1237.4803466796875 7623.66015625
v 19326.544921875 1237.4803466796875 7904.00146484375
v 19074.099609375 1237.48046875 8160.8916015625
v 18788.8203125 1237.48046875 7880.55029296875
v 19123.44140625 9.577225685119629 8811.91015625
v 19130.421875 9.577213287353516 9611.8798828125
v 19100.423828125 9.577217102050781 9612.1416015625
v 19093.44140625 9.577229499816895 8812.171875
v 19123.44140625 309.6487731933594 8811.91015625
v 19130.421875 309.64874267578125 9611.8798828125
v 19100.423828125 309.64874267578125 9612.1416015625
v 19093.44140625 309.6487731933594 8812.171875
v 15558.8818359375 9.577168464660645 9650.2568359375
v 15551.8994140625 9.577069282531738 8850.287109375
v 15581.8984375 9.577068328857422 8850.025390625
v 15588.880859375 9.577168464660645 9649.9951171875
v 15558.8818359375 309.6487121582031 9650.2568359375
v 15551.8994140625 309.6485900878906 8850.287109375
v 15581.8984375 309.6485900878906 8850.025390625
v 15588.880859375 309.6487121582031 9649.9951171875
v 15551.4375 9.577339172363281 8851.876953125
v 15544.455078125 9.577293395996094 8051.90771484375
v 15574.1982421875 9.577285766601562 8051.64794921875
v 15581.1796875 9.577332496643066 8851.6171875
v 15551.4375 309.59515380859375 8851.876953125
v 15544.455078125 309.5951232910156 8051.90771484375
v 15574.1982421875 309.5951232910156 8051.64794921875
v 15581.1796875 309.59515380859375 8851.6171875
v 18132.080078125 9.577227592468262 7843.59619140625
v 18932.052734375 9.577228546142578 7836.6142578125
v 18932.927734375 9.577241897583008 7936.9384765625
v 18132.95703125 9.577239990234375 7943.92041015625
v 18132.080078125 309.5772399902344 7843.59619140625
v 18932.052734375 309.5772399902344 7836.6142578125
v 18932.927734375 309.5772399902344 7936.9384765625
v 18132.95703125 309.5772399902344 7943.92041015625
v 15730.3662109375 9.577227592468262 7864.14599609375
v 16530.337890625 9.577228546142578 7857.1640625
v 16531.212890625 9.577241897583008 7957.48828125
v 15731.2412109375 9.577239990234375 7964.47021484375
v 15730.3662109375 309.5772399902344 7864.14599609375
v 16530.337890625 309.5772399902344 7857.1640625
v 16531.212890625 309.5772399902344 7957.48828125
v 15731.2412109375 309.5772399902344 7964.47021484375
v 16530.958984375 9.577469825744629 7858.05712890625
v 17330.927734375 9.577438354492188 7851.0751953125
v 17331.1875 9.577431678771973 7880.818359375
v 16531.21875 9.577463150024414 7887.80029296875
v 16530.958984375 309.5953063964844 7858.05712890625
v 17330.927734375 309.5952453613281 7851.0751953125
v 17331.1875 309.5952453613281 7880.818359375
v 16531.21875 309.59527587890625 7887.80029296875
v 15640.1396484375 451.2860412597656 10040.392578125
v 15354.861328125 451.2860107421875 9760.05078125
v 15607.306640625 451.28607177734375 9503.16015625
v 15892.583984375 451.28607177734375 9783.501953125
v 15640.1396484375 1237.4798583984375 10040.392578125
v 15354.861328125 1237.4798583984375 9760.05078125
v 15607.306640625 1237.4798583984375 9503.16015625
v 15892.583984375 1237.4798583984375 9783.501953125
v 17349.994140625 451.3113708496094 10148.3984375
v 15749.1171875 451.3114013671875 10162.3701171875
v 15744.654296875 451.31146240234375 9650.9990234375
v 17345.53125 451.3114318847656 9637.0263671875
v 17349.994140625 1464.2205810546875 10148.3984375
v 15749.1171875 1464.2205810546875 10162.3701171875
v 15744.654296875 1464.220703125 9650.9990234375
v 17345.53125 1464.2205810546875 9637.02734375
v 18148.8671875 9.57721996307373 9814.7685546875
v 17348.8984375 9.577239990234375 9821.75
v 17342.80859375 9.57734203338623 9123.9970703125
v 18142.77734375 9.577322959899902 9117.015625
v 18148.8671875 309.57720947265625 9814.7685546875
v 17348.8984375 309.5772399902344 9821.75
v 17342.80859375 309.57733154296875 9123.9970703125
v 18142.77734375 309.57733154296875 9117.015625
v 17332.236328125 9.577324867248535 7851.04296875
v 18132.205078125 9.577315330505371 7844.06103515625
v 18138.294921875 9.57741641998291 8541.8134765625
v 17338.326171875 9.57742691040039 8548.7958984375
v 17332.236328125 309.57733154296875 7851.04296875
v 18132.205078125 309.5773010253906 7844.06103515625
v 18138.294921875 309.5774230957031 8541.8134765625
v 17338.326171875 309.5774230957031 8548.7958984375
v 18953.021484375 451.3113708496094 10134.404296875
v 17352.14453125 451.3114013671875 10148.3759765625
v 17347.681640625 451.31146240234375 9637.0048828125
v 18948.55859375 451.3114318847656 9623.0322265625
v 18953.021484375 1464.2205810546875 10134.404296875
v 17352.14453125 1464.2205810546875 10148.3759765625
v 17347.681640625 1464.220703125 9637.0048828125
v 18948.55859375 1464.2205810546875 9623.033203125
v 16551.57421875 9.577229499816895 9827.9921875
v 15751.6044921875 9.577250480651855 9834.9736328125
v 15750.7294921875 9.577264785766602 9734.6494140625
v 16550.69921875 9.57724380493164 9727.66796875
v 16551.57421875 309.5772399902344 9827.9921875
v 15751.6044921875 309.5772399902344 9834.9736328125
v 15750.7294921875 309.5772705078125 9734.6494140625
v 16550.69921875 309.5772399902344 9727.66796875
v 15543.6865234375 9.57763671875 8029.4296875
v 15570.05078125 9.57763671875 8043.74462890625
v 15555.6328125 9.57763671875 8070.29931640625
v 15529.267578125 9.57763671875 8055.98486328125
v 15543.6865234375 319.57763671875 8029.4296875
v 15570.05078125 319.57763671875 8043.74462890625
v 15555.6328125 319.57763671875 8070.29931640625
v 15529.267578125 319.57763671875 8055.98486328125
v 15733.794921875 9.57763671875 7849.1298828125
v 15742.56640625 9.57763671875 7877.81884765625
v 15713.669921875 9.57763671875 7886.6533203125
v 15704.8984375 9.57763671875 7857.96435546875
v 15733.794921875 319.57763671875 7849.1298828125
v 15742.56640625 319.57763671875 7877.81884765625
v 15713.669921875 319.57763671875 7886.6533203125
v 15704.8984375 319.57763671875 7857.96435546875
v 18955.447265625 9.57763671875 7831.3291015625
v 18941.828125 9.57763671875 7858.05908203125
v 18914.904296875 9.57763671875 7844.3408203125
v 18928.5234375 9.57763671875 7817.61083984375
v 18955.447265625 319.57763671875 7831.3291015625
v 18941.828125 319.57763671875 7858.05908203125
v 18914.904296875 319.57763671875 7844.3408203125
v 18928.5234375 319.57763671875 7817.61083984375
v 19130.9140625 9.57763671875 8023.4619140625
v 19103.615234375 9.57763671875 8035.90283203125
v 19091.0859375 9.57763671875 8008.40673828125
v 19118.384765625 9.57763671875 7995.9658203125
v 19130.9140625 319.57763671875 8023.4619140625
v 19103.615234375 319.57763671875 8035.90283203125
v 19091.0859375 319.57763671875 8008.40673828125
v 19118.384765625 319.57763671875 7995.9658203125
v 19137.48046875 9.57763671875 9631.166015625
v 19110.181640625 9.57763671875 9618.7255859375
v 19122.712890625 9.57763671875 9591.2294921875
v 19150.01171875 9.57763671875 9603.669921875
v 19137.48046875 319.57763671875 9631.166015625
v 19110.181640625 319.57763671875 9618.7255859375
v 19122.712890625 319.57763671875 9591.2294921875
v 19150.01171875 319.57763671875 9603.669921875
v 18943.462890625 9.57763671875 9822.978515625
v 18933.201171875 9.57763671875 9794.7880859375
v 18961.595703125 9.57763671875 9784.453125
v 18971.857421875 9.57763671875 9812.64453125
v 18943.462890625 319.57763671875 9822.978515625
v 18933.201171875 319.57763671875 9794.7880859375
v 18961.595703125 319.57763671875 9784.453125
v 18971.857421875 319.57763671875 9812.64453125
v 16567.470703125 9.57763671875 9840.1611328125
v 16537.470703125 9.57763671875 9839.8994140625
v 16537.630859375 9.57763671875 9821.701171875
v 16567.62890625 9.57763671875 9821.962890625
v 16567.470703125 319.57763671875 9840.1611328125
v 16537.470703125 319.57763671875 9839.8994140625
v 16537.630859375 319.57763671875 9821.701171875
v 16567.62890625 319.57763671875 9821.962890625
v 17366.423828125 9.57763671875 9833.5908203125
v 17336.423828125 9.57763671875 9833.3291015625
v 17336.583984375 9.57763671875 9815.130859375
v 17366.58203125 9.57763671875 9815.392578125
v 17366.423828125 319.57763671875 9833.5908203125
v 17336.423828125 319.57763671875 9833.3291015625
v 17336.583984375 319.57763671875 9815.130859375
v 17366.58203125 319.57763671875 9815.392578125
v 18163.40625 9.57763671875 9826.5654296875
v 18133.40625 9.57763671875 9826.3037109375
v 18133.56640625 9.57763671875 9808.10546875
v 18163.564453125 9.57763671875 9808.3671875
v 18163.40625 319.57763671875 9826.5654296875
v 18133.40625 319.57763671875 9826.3037109375
v 18133.56640625 319.57763671875 9808.10546875
v 18163.564453125 319.57763671875 9808.3671875
v 19136.763671875 9.57763671875 8798.8466796875
v 19137.810546875 9.57763671875 8828.828125
v 19119.623046875 9.57763671875 8829.4638671875
v 19118.57421875 9.57763671875 8799.4814453125
v 19136.763671875 319.57763671875 8798.8466796875
v 19137.810546875 319.57763671875 8828.828125
v 19119.623046875 319.57763671875 8829.4638671875
v 19118.57421875 319.57763671875 8799.4814453125
v 16515.42578125 9.57763671875 7845.26611328125
v 16545.416015625 9.57763671875 7844.48095703125
v 16545.892578125 9.57763671875 7862.673828125
v 16515.90234375 9.57763671875 7863.458984375
v 16515.42578125 319.57763671875 7845.26611328125
v 16545.416015625 319.57763671875 7844.48095703125
v 16545.892578125 319.57763671875 7862.673828125
v 16515.90234375 319.57763671875 7863.458984375
v 15540.6259765625 9.57763671875 8865.8671875
v 15540.1015625 9.57763671875 8835.87109375
v 15558.298828125 9.57763671875 8835.5537109375
v 15558.822265625 9.57763671875 8865.548828125
v 15540.6259765625 319.57763671875 8865.8671875
v 15540.1015625 319.57763671875 8835.87109375
v 15558.298828125 319.57763671875 8835.5537109375
v 15558.822265625 319.57763671875 8865.548828125
v 15849.1650390625 4.790283203125 10518.8115234375
v 15845.9365234375 4.790283203125 10444.8818359375
v 15850.4912109375 4.790283203125 10444.68359375
v 15853.71875 4.790283203125 10518.61328125
v 15849.1650390625 251.420166015625 10518.8115234375
v 15845.9365234375 251.420166015625 10444.8818359375
v 15850.4912109375 251.420166015625 10444.68359375
v 15853.71875 251.420166015625 10518.61328125
v 15870.7216796875 9.285916328430176 10630.0205078125
v 15875.796875 9.285916328430176 10436.2001953125
v 15912.1142578125 9.286003112792969 10437.1513671875
v 15907.0390625 9.286003112792969 10630.9716796875
v 15870.7197265625 740.582763671875 10630.0205078125
v 15875.794921875 740.582763671875 10436.2001953125
v 15912.1123046875 740.5828857421875 10437.1513671875
v 15907.037109375 740.5828857421875 10630.9716796875
v 19546.033203125 9.285916328430176 10630.0830078125
v 19529.134765625 9.285916328430176 10436.9345703125
v 19565.326171875 9.286003112792969 10433.767578125
v 19582.224609375 9.286003112792969 10626.9169921875
v 19546.03125 740.582763671875 10630.0830078125
v 19529.1328125 740.582763671875 10436.9345703125
v 19565.32421875 740.5828857421875 10433.7685546875
v 19582.22265625 740.5828857421875 10626.9169921875
v 20233.6953125 9.285916328430176 7631.1103515625
v 20040.701171875 9.285916328430176 7612.52685546875
v 20044.181640625 9.286003112792969 7576.3642578125
v 20237.17578125 9.286003112792969 7594.947265625
v 20233.693359375 740.582763671875 7631.11181640625
v 20040.69921875 740.582763671875 7612.52880859375
v 20044.181640625 740.5828857421875 7576.3662109375
v 20237.17578125 740.5828857421875 7594.94921875
v 15731.919921875 9.57763671875 9840.4794921875
v 15742.42578125 9.57763671875 9812.37890625
v 15770.7294921875 9.57763671875 9822.9609375
v 15760.2236328125 9.57763671875 9851.0615234375
v 15731.919921875 319.57763671875 9840.4794921875
v 15742.42578125 319.57763671875 9812.37890625
v 15770.7294921875 319.57763671875 9822.9609375
v 15760.2236328125 319.57763671875 9851.0615234375
v 18117.0390625 9.57763671875 7830.23291015625
v 18147.029296875 9.57763671875 7829.44775390625
v 18147.505859375 9.57763671875 7847.640625
v 18117.515625 9.57763671875 7848.42578125
v 18117.0390625 319.57763671875 7830.23291015625
v 18147.029296875 319.57763671875 7829.44775390625
v 18147.505859375 319.57763671875 7847.640625
v 18117.515625 319.57763671875 7848.42578125
v 17316.625 9.57763671875 7838.07373046875
v 17346.615234375 9.57763671875 7837.28857421875
v 17347.091796875 9.57763671875 7855.4814453125
v 17317.1015625 9.57763671875 7856.2666015625
v 17316.625 319.57763671875 7838.07373046875
v 17346.615234375 319.57763671875 7837.28857421875
v 17347.091796875 319.57763671875 7855.4814453125
v 17317.1015625 319.57763671875 7856.2666015625
v 15546.0458984375 9.57763671875 9644.9501953125
v 15574.6572265625 9.57763671875 9635.9296875
v 15583.744140625 9.57763671875 9664.748046875
v 15555.1328125 9.57763671875 9673.7685546875
v 15546.0458984375 319.57763671875 9644.9501953125
v 15574.6572265625 319.57763671875 9635.9296875
v 15583.744140625 319.57763671875 9664.748046875
v 15555.1328125 319.57763671875 9673.7685546875
v -14290.080078125 9.285916328430176 -12657.6240234375
v -14096.201171875 9.285916328430176 -12655.931640625
v -14096.517578125 9.286003112792969 -12619.6025390625
v -14290.3974609375 9.286003112792969 -12621.294921875
v -14290.080078125 740.582763671875 -12657.625
v -14096.2001953125 740.582763671875 -12655.93359375
v -14096.517578125 740.5828857421875 -12619.6044921875
v -14290.3974609375 740.5828857421875 -12621.296875
v -13187.916015625 4.790283203125 -9595.556640625
v -13194.3662109375 4.790283203125 -9669.275390625
v -13189.82421875 4.790283203125 -9669.671875
v -13183.375 4.790283203125 -9595.9541015625
v -13187.916015625 251.420166015625 -9595.556640625
v -13194.3662109375 251.420166015625 -9669.275390625
v -13189.82421875 251.420166015625 -9669.671875
v -13183.375 251.420166015625 -9595.9541015625
v -14033.62890625 4.26904296875 -9636.5380859375
v -13995.736328125 4.26904296875 -9638.5244140625
v -13993.37890625 4.26904296875 -9593.5546875
v -14031.2724609375 4.26904296875 -9591.568359375
v -14033.62890625 298.56689453125 -9636.5380859375
v -13995.736328125 298.56689453125 -9638.5244140625
v -13993.37890625 298.56689453125 -9593.5546875
v -14031.2724609375 298.56689453125 -9591.568359375
v -9148.416015625 4.790283203125 -12773.6611328125
v -9074.4609375 4.790283203125 -12771.078125
v -9074.6201171875 4.790283203125 -12766.5224609375
v -9148.5751953125 4.790283203125 -12769.10546875
v -9148.416015625 251.420166015625 -12773.6611328125
v -9074.4609375 251.420166015625 -12771.078125
v -9074.6201171875 251.420166015625 -12766.5224609375
v -9148.5751953125 251.420166015625 -12769.10546875
v -14033.62890625 4.26904296875 -9636.5380859375
v -13995.736328125 4.26904296875 -9638.5244140625
v -13993.37890625 4.26904296875 -9593.5546875
v -14031.2724609375 4.26904296875 -9591.568359375
v -14033.62890625 298.56689453125 -9636.5380859375
v -13995.736328125 298.56689453125 -9638.5244140625
v -13993.37890625 298.56689453125 -9593.5546875
v -14031.2724609375 298.56689453125 -9591.568359375
v -13161.5322265625 9.285916328430176 -9485.396484375
v -13164.916015625 9.285916328430176 -9679.25390625
v -13128.5908203125 9.286003112792969 -9679.8876953125
v -13125.20703125 9.286003112792969 -9486.03125
v -13161.5341796875 740.582763671875 -9485.396484375
v -13164.91796875 740.582763671875 -9679.25390625
v -13128.5927734375 740.5828857421875 -9679.8876953125
v -13125.208984375 740.5828857421875 -9486.03125
v -8986.728515625 9.285916328430176 -11940.5546875
v -9180.349609375 9.285916328430176 -11950.7021484375
v -9178.4482421875 9.286003112792969 -11986.982421875
v -8984.8271484375 9.286003112792969 -11976.8349609375
v -8986.728515625 740.582763671875 -11940.552734375
v -9180.349609375 740.582763671875 -11950.7001953125
v -9178.4482421875 740.5828857421875 -11986.98046875
v -8984.8271484375 740.5828857421875 -11976.8330078125
v -14182.970703125 9.285916328430176 -10038.1240234375
v -13989.091796875 9.285916328430176 -10036.431640625
v -13989.408203125 9.286003112792969 -10000.1025390625
v -14183.2880859375 9.286003112792969 -10001.794921875
v -14182.970703125 740.582763671875 -10038.125
v -13989.0908203125 740.582763671875 -10036.43359375
v -13989.408203125 740.5828857421875 -10000.1044921875
v -14183.2880859375 740.5828857421875 -10001.796875
v -9489.712890625 9.285916328430176 -9645.64453125
v -9515.0205078125 9.285916328430176 -9837.873046875
v -9479.0009765625 9.286003112792969 -9842.615234375
v -9453.6943359375 9.286003112792969 -9650.38671875
v -9489.71484375 740.582763671875 -9645.64453125
v -9515.0224609375 740.582763671875 -9837.873046875
v -9479.0029296875 740.5828857421875 -9842.6142578125
v -9453.6953125 740.5828857421875 -9650.38671875
v -12745.5712890625 9.57763671875 -11178.1875
v -12766.96875 9.57763671875 -11199.21484375
v -12745.7900390625 9.57763671875 -11220.767578125
v -12724.392578125 9.57763671875 -11199.740234375
v -12745.5712890625 319.57763671875 -11178.1875
v -12766.96875 319.57763671875 -11199.21484375
v -12745.7900390625 319.57763671875 -11220.767578125
v -12724.392578125 319.57763671875 -11199.740234375
v -10171.6630859375 3297.883544921875 -11202.9970703125
v -11623.712890625 3297.883544921875 -9750.9462890625
v -13074.4296875 3297.883544921875 -11201.6630859375
v -11622.3798828125 3297.883544921875 -12653.7138671875
v -10171.6630859375 3412.469970703125 -11202.9970703125
v -11623.712890625 3412.469970703125 -9750.9462890625
v -13074.4296875 3412.469970703125 -11201.6630859375
v -11622.3798828125 3412.469970703125 -12653.7138671875
v -10171.6630859375 2795.472900390625 -11202.9970703125
v -11623.712890625 2795.472900390625 -9750.9462890625
v -13074.4296875 2795.472900390625 -11201.6630859375
v -11622.3798828125 2795.472900390625 -12653.7138671875
v -10171.6630859375 2910.059326171875 -11202.9970703125
v -11623.712890625 2910.059326171875 -9750.9462890625
v -13074.4296875 2910.059326171875 -11201.6630859375
v -11622.3798828125 2910.059326171875 -12653.7138671875
v -10171.6630859375 1778.344482421875 -11202.9970703125
v -11623.712890625 1778.344482421875 -9750.9462890625
v -13074.4296875 1778.344482421875 -11201.6630859375
v -11622.3798828125 1778.344482421875 -12653.7138671875
v -10171.6630859375 1892.930908203125 -11202.9970703125
v -11623.712890625 1892.930908203125 -9750.9462890625
v -13074.4296875 1892.930908203125 -11201.6630859375
v -11622.3798828125 1892.930908203125 -12653.7138671875
v -10171.6630859375 2280.755126953125 -11202.9970703125
v -11623.712890625 2280.755126953125 -9750.9462890625
v -13074.4296875 2280.755126953125 -11201.6630859375
v -11622.3798828125 2280.755126953125 -12653.7138671875
v -10171.6630859375 2395.341552734375 -11202.9970703125
v -11623.712890625 2395.341552734375 -9750.9462890625
v -13074.4296875 2395.341552734375 -11201.6630859375
v -11622.3798828125 2395.341552734375 -12653.7138671875
v -10171.6630859375 1267.468505859375 -11202.9970703125
v -11623.712890625 1267.468505859375 -9750.9462890625
v -13074.4296875 1267.468505859375 -11201.6630859375
v -11622.3798828125 1267.468505859375 -12653.7138671875
v -10171.6630859375 1382.054931640625 -11202.9970703125
v -11623.712890625 1382.054931640625 -9750.9462890625
v -13074.4296875 1382.054931640625 -11201.6630859375
v -11622.3798828125 1382.054931640625 -12653.7138671875
v -10171.6630859375 765.057861328125 -11202.9970703125
v -11623.712890625 765.057861328125 -9750.9462890625
v -13074.4296875 765.057861328125 -11201.6630859375
v -11622.3798828125 765.057861328125 -12653.7138671875
v -10171.6630859375 879.644287109375 -11202.9970703125
v -11623.712890625 879.644287109375 -9750.9462890625
v -13074.4296875 879.644287109375 -11201.6630859375
v -11622.3798828125 879.644287109375 -12653.7138671875
v -10171.6630859375 357.736083984375 -11202.9970703125
v -11623.712890625 357.736083984375 -9750.9462890625
v -13074.4296875 357.736083984375 -11201.6630859375
v -11622.3798828125 357.736083984375 -12653.7138671875
v -10171.6630859375 472.322509765625 -11202.9970703125
v -11623.712890625 472.322509765625 -9750.9462890625
v -13074.4296875 472.322509765625 -11201.6630859375
v -11622.3798828125 472.322509765625 -12653.7138671875
v -12771.541015625 9.57763671875 -11203.2001953125
v -12750.328125 9.57763671875 -11224.4130859375
v -12728.9609375 9.57763671875 -11203.046875
v -12750.1748046875 9.57763671875 -11181.833984375
v -12771.541015625 319.57763671875 -11203.2001953125
v -12750.328125 319.57763671875 -11224.4130859375
v -12728.9609375 319.57763671875 -11203.046875
v -12750.1748046875 319.57763671875 -11181.833984375
v -11623.966796875 3906.5361328125 -12331.171875
v -11058.1318359375 3906.5361328125 -11765.3369140625
v -11624.3662109375 3906.5361328125 -11199.1015625
v -12190.201171875 3906.5361328125 -11764.9365234375
v -11623.966796875 4626.55712890625 -12331.171875
v -11058.1318359375 4626.55712890625 -11765.3369140625
v -11624.3662109375 4626.55712890625 -11199.1015625
v -12190.201171875 4626.55712890625 -11764.9365234375
v -10495.412109375 3906.5361328125 -11203.587890625
v -11061.2470703125 3906.5361328125 -10637.7529296875
v -11627.482421875 3906.5361328125 -11203.98828125
v -11061.6474609375 3906.5361328125 -11769.822265625
v -10495.412109375 4626.55712890625 -11203.587890625
v -11061.2470703125 4626.55712890625 -10637.7529296875
v -11627.482421875 4626.55712890625 -11203.98828125
v -11061.6474609375 4626.55712890625 -11769.822265625
v -11623.072265625 3906.5361328125 -10074.40625
v -12188.9072265625 3906.5361328125 -10640.2412109375
v -11622.671875 3906.5361328125 -11206.4765625
v -11056.837890625 3906.5361328125 -10640.6416015625
v -11623.072265625 4626.55712890625 -10074.40625
v -12188.9072265625 4626.55712890625 -10640.2412109375
v -11622.671875 4626.55712890625 -11206.4765625
v -11056.837890625 4626.55712890625 -10640.6416015625
v -11062.4169921875 9.57737922668457 -11766.9599609375
v -10496.7314453125 9.577402114868164 -11201.2744140625
v -10567.6748046875 9.577411651611328 -11130.3310546875
v -11133.3603515625 9.577388763427734 -11696.0166015625
v -11062.4169921875 309.577392578125 -11766.9599609375
v -10496.7314453125 309.577392578125 -11201.2744140625
v -10567.6748046875 309.5774230957031 -11130.3310546875
v -11133.3603515625 309.577392578125 -11696.0166015625
v -11623.833984375 9.577065467834473 -12325.8203125
v -11058.146484375 9.577089309692383 -11760.1337890625
v -11129.08984375 9.577101707458496 -11689.19140625
v -11694.7763671875 9.577077865600586 -12254.8779296875
v -11623.833984375 309.5770568847656 -12325.8203125
v -11058.146484375 309.57708740234375 -11760.1337890625
v -11129.08984375 309.57708740234375 -11689.19140625
v -11694.7763671875 309.57708740234375 -12254.8779296875
v -12190.0859375 9.57723331451416 -11759.341796875
v -11624.3994140625 9.57723331451416 -12325.0283203125
v -11553.4560546875 9.577249526977539 -12254.0859375
v -12119.1435546875 9.577249526977539 -11688.3984375
v -12190.0859375 309.5772399902344 -11759.341796875
v -11624.3994140625 309.5772399902344 -12325.0283203125
v -11553.4560546875 309.5772399902344 -12254.0859375
v -12119.1435546875 309.5772399902344 -11688.3984375
v -12185.92578125 9.57736873626709 -10636.4033203125
v -12751.611328125 9.57736873626709 -11202.0888671875
v -12258.36328125 9.57745361328125 -11695.3369140625
v -11692.677734375 9.57745361328125 -11129.6513671875
v -12185.92578125 309.5773620605469 -10636.4033203125
v -12751.611328125 309.5773620605469 -11202.0888671875
v -12258.36328125 309.57745361328125 -11695.3369140625
v -11692.677734375 309.57745361328125 -11129.6513671875
v -11622.78125 9.577327728271484 -10073.03125
v -12188.4677734375 9.577349662780762 -10638.71875
v -12117.525390625 9.577374458312988 -10709.6611328125
v -11551.8388671875 9.577351570129395 -10143.9736328125
v -11622.78125 309.57733154296875 -10073.03125
v -12188.4677734375 309.5773620605469 -10638.7177734375
v -12117.525390625 309.5773620605469 -10709.6611328125
v -11551.8388671875 309.5773620605469 -10143.9736328125
v -11056.1767578125 9.577024459838867 -10640.63671875
v -11621.8642578125 9.577024459838867 -10074.9501953125
v -11692.806640625 9.577034950256348 -10145.892578125
v -11127.1201171875 9.577034950256348 -10711.580078125
v -11056.1767578125 309.5770263671875 -10640.63671875
v -11621.8642578125 309.5770263671875 -10074.9501953125
v -11692.806640625 309.5770263671875 -10145.892578125
v -11127.1201171875 309.5770263671875 -10711.5791015625
v -10500.8173828125 9.57717227935791 -11198.46875
v -11061.544921875 9.577165603637695 -10627.8681640625
v -11082.9423828125 9.577170372009277 -10648.8955078125
v -10522.21484375 9.577177047729492 -11219.49609375
v -10500.8173828125 309.6487121582031 -11198.46875
v -11061.544921875 309.6487121582031 -10627.8681640625
v -11082.9423828125 309.6487121582031 -10648.8955078125
v -10522.21484375 309.6487121582031 -11219.49609375
v -10482.0458984375 9.57763671875 -11202.4384765625
v -10503.2587890625 9.57763671875 -11181.2255859375
v -10524.6259765625 9.57763671875 -11202.591796875
v -10503.412109375 9.57763671875 -11223.8046875
v -10482.0458984375 319.57763671875 -11202.4384765625
v -10503.2587890625 319.57763671875 -11181.2255859375
v -10524.6259765625 319.57763671875 -11202.591796875
v -10503.412109375 319.57763671875 -11223.8046875
v -11045.603515625 9.57763671875 -10639.2666015625
v -11066.81640625 9.57763671875 -10618.0537109375
v -11079.685546875 9.57763671875 -10630.9228515625
v -11058.47265625 9.57763671875 -10652.1357421875
v -11045.603515625 319.57763671875 -10639.2666015625
v -11066.81640625 319.57763671875 -10618.0537109375
v -11079.685546875 319.57763671875 -10630.9228515625
v -11058.47265625 319.57763671875 -10652.1357421875
v -11062.408203125 9.57763671875 -11782.853515625
v -11041.1953125 9.57763671875 -11761.640625
v -11054.064453125 9.57763671875 -11748.771484375
v -11075.27734375 9.57763671875 -11769.984375
v -11062.408203125 319.57763671875 -11782.853515625
v -11041.1953125 319.57763671875 -11761.640625
v -11054.064453125 319.57763671875 -11748.771484375
v -11075.27734375 319.57763671875 -11769.984375
v -12212.5849609375 9.57763671875 -11757.9853515625
v -12191.7451171875 9.57763671875 -11779.56640625
v -12178.6533203125 9.57763671875 -11766.923828125
v -12199.4931640625 9.57763671875 -11745.34375
v -12212.5849609375 319.57763671875 -11757.9853515625
v -12191.7451171875 319.57763671875 -11779.56640625
v -12178.6533203125 319.57763671875 -11766.923828125
v -12199.4931640625 319.57763671875 -11745.34375
v -12183.826171875 9.57763671875 -10620.1259765625
v -12205.0390625 9.57763671875 -10641.33984375
v -12192.169921875 9.57763671875 -10654.2080078125
v -12170.95703125 9.57763671875 -10632.9951171875
v -12183.826171875 319.57763671875 -10620.1259765625
v -12205.0390625 319.57763671875 -10641.33984375
v -12192.169921875 319.57763671875 -10654.2080078125
v -12170.95703125 319.57763671875 -10632.9951171875
v -11622.7431640625 9.57763671875 -10060.59375
v -11644.140625 9.57763671875 -10081.62109375
v -11622.9619140625 9.57763671875 -10103.173828125
v -11601.564453125 9.57763671875 -10082.146484375
v -11622.7431640625 319.57763671875 -10060.59375
v -11644.140625 319.57763671875 -10081.62109375
v -11622.9619140625 319.57763671875 -10103.173828125
v -11601.564453125 319.57763671875 -10082.146484375
v -11624.302734375 9.57763671875 -12342.037109375
v -11603.08984375 9.57763671875 -12320.82421875
v -11624.4560546875 9.57763671875 -12299.45703125
v -11645.6689453125 9.57763671875 -12320.6708984375
v -11624.302734375 319.57763671875 -12342.037109375
v -11603.08984375 319.57763671875 -12320.82421875
v -11624.4560546875 319.57763671875 -12299.45703125
v -11645.6689453125 319.57763671875 -12320.6708984375
v -12751.7109375 3906.5361328125 -11202.302734375
v -12185.8759765625 3906.5361328125 -11768.1376953125
v -11619.640625 3906.5361328125 -11201.90234375
v -12185.4755859375 3906.5361328125 -10636.068359375
v -12751.7109375 4626.55712890625 -11202.302734375
v -12185.8759765625 4626.55712890625 -11768.1376953125
v -11619.640625 4626.55712890625 -11201.90234375
v -12185.4755859375 4626.55712890625 -10636.068359375
v 117.38726806640625 9.285916328430176 11929.3115234375
v 139.33583068847656 9.285916328430176 12121.951171875
v 103.23928833007812 9.286003112792969 12126.064453125
v 81.29072570800781 9.286003112792969 11933.423828125
v 117.3890151977539 740.582763671875 11929.310546875
v 139.33758544921875 740.582763671875 12121.951171875
v 103.24103546142578 740.5828857421875 12126.064453125
v 81.29247283935547 740.5828857421875 11933.423828125
v 2698.82373046875 9.285916328430176 11967.7890625
v 2698.82373046875 9.285916328430176 12161.67578125
v 2662.49365234375 9.286003112792969 12161.67578125
v 2662.49365234375 9.286003112792969 11967.7890625
v 2698.825439453125 740.582763671875 11967.7890625
v 2698.825439453125 740.582763671875 12161.67578125
v 2662.495361328125 740.5828857421875 12161.67578125
v 2662.495361328125 740.5828857421875 11967.7890625
v 2637.57568359375 4.26904296875 12096.3505859375
v 2638.56884765625 4.26904296875 12134.283203125
v 2593.55322265625 4.26904296875 12135.4619140625
v 2592.559814453125 4.26904296875 12097.529296875
v 2637.57568359375 298.56689453125 12096.3505859375
v 2638.56884765625 298.56689453125 12134.283203125
v 2593.55322265625 298.56689453125 12135.4619140625
v 2592.559814453125 298.56689453125 12097.529296875
v 2171.580810546875 4.790283203125 12071.8125
v 2172.8720703125 4.790283203125 12145.80078125
v 2168.314208984375 4.790283203125 12145.880859375
v 2167.022705078125 4.790283203125 12071.8916015625
v 2171.580810546875 251.420166015625 12071.8125
v 2172.8720703125 251.420166015625 12145.80078125
v 2168.314208984375 251.420166015625 12145.880859375
v 2167.022705078125 251.420166015625 12071.8916015625
v 3388.426513671875 9.285916328430176 12637.5185546875
v 3195.277587890625 9.285916328430176 12620.6201171875
v 3198.444091796875 9.286003112792969 12584.4287109375
v 3391.593017578125 9.286003112792969 12601.3271484375
v 3388.426513671875 740.582763671875 12637.5205078125
v 3195.277587890625 740.582763671875 12620.6220703125
v 3198.44384765625 740.5828857421875 12584.4306640625
v 3391.5927734375 740.5828857421875 12601.3291015625
v 3354.61474609375 9.285916328430176 15139.5810546875
v 3161.4658203125 9.285916328430176 15156.478515625
v 3158.299560546875 9.286003112792969 15120.287109375
v 3351.448486328125 9.286003112792969 15103.388671875
v 3354.614990234375 740.582763671875 15139.58203125
v 3161.466064453125 740.582763671875 15156.48046875
v 3158.2998046875 740.5828857421875 15120.2890625
v 3351.44873046875 740.5828857421875 15103.390625
v -2950.1875 4.790283203125 12052.46875
v -2950.1875 4.790283203125 12126.46875
v -2954.74609375 4.790283203125 12126.46875
v -2954.74609375 4.790283203125 12052.46875
v -2950.1875 251.420166015625 12052.46875
v -2950.1875 251.420166015625 12126.46875
v -2954.74609375 251.420166015625 12126.46875
v -2954.74609375 251.420166015625 12052.46875
v -2509.15283203125 9.0771484375 12529.8466796875
v -2903.353271484375 9.0771484375 12832.3271484375
v -3190.205810546875 9.0771484375 12458.494140625
v -2796.00537109375 9.0771484375 12156.0126953125
v -2509.15283203125 666.36962890625 12529.8466796875
v -2903.353271484375 666.36962890625 12832.3271484375
v -3190.205810546875 666.36962890625 12458.494140625
v -2796.00537109375 666.36962890625 12156.0126953125
v -1463.4674072265625 -0.08056640625 12758.1015625
v -1449.0040283203125 -0.08056640625 12802.615234375
v -1493.5179443359375 -0.08056640625 12817.0791015625
v -1507.9813232421875 -0.08056640625 12772.564453125
v -1463.4674072265625 333.158447265625 12758.1015625
v -1449.0040283203125 333.158447265625 12802.615234375
v -1493.5179443359375 333.158447265625 12817.0791015625
v -1507.9813232421875 333.158447265625 12772.564453125
v -2237.94287109375 6.82373046875 13258.181640625
v -2344.38427734375 6.82373046875 13311.2509765625
v -2436.485595703125 6.82373046875 13126.5234375
v -2330.04443359375 6.82373046875 13073.4541015625
v -2237.94287109375 162.369873046875 13258.181640625
v -2344.38427734375 162.369873046875 13311.2509765625
v -2436.485595703125 162.369873046875 13126.5234375
v -2330.04443359375 162.369873046875 13073.4541015625
v -3184.820068359375 9.285916328430176 11932.2529296875
v -3115.337158203125 9.285916328430176 12113.26171875
v -3149.25439453125 9.286003112792969 12126.28125
v -3218.737060546875 9.286003112792969 11945.2724609375
v -3184.818359375 740.582763671875 11932.2529296875
v -3115.335693359375 740.582763671875 12113.26171875
v -3149.252685546875 740.5828857421875 12126.28125
v -3218.7353515625 740.5828857421875 11945.2724609375
v -2706.977783203125 9.577880859375 12502.9873046875
v -2865.6484375 9.577880859375 12624.740234375
v -2981.44140625 9.577880859375 12473.8359375
v -2822.770751953125 9.577880859375 12352.0830078125
v -2706.977783203125 76.4150390625 12502.9873046875
v -2865.6484375 76.4150390625 12624.740234375
v -2981.44140625 76.4150390625 12473.8359375
v -2822.770751953125 76.4150390625 12352.0830078125
v -1368.339599609375 6.523193359375 12803.412109375
v -1292.537353515625 6.523193359375 12991.0283203125
v -1382.8671875 6.523193359375 13027.5244140625
v -1458.66943359375 6.523193359375 12839.9072265625
v -1368.339599609375 110.648193359375 12803.412109375
v -1292.537353515625 110.648193359375 12991.0283203125
v -1382.8671875 110.648193359375 13027.5244140625
v -1458.66943359375 110.648193359375 12839.9072265625
v -1486.0206298828125 6.523193359375 13068.30078125
v -1561.8228759765625 6.523193359375 12880.6845703125
v -1471.4930419921875 6.523193359375 12844.1884765625
v -1395.69091796875 6.523193359375 13031.8056640625
v -1486.0206298828125 110.648193359375 13068.30078125
v -1561.8228759765625 110.648193359375 12880.6845703125
v -1471.4930419921875 110.648193359375 12844.1884765625
v -1395.69091796875 110.648193359375 13031.8056640625
v 3047.262451171875 9.577880859375 12468.6162109375
v 2888.591796875 9.577880859375 12590.369140625
v 2772.798828125 9.577880859375 12439.46484375
v 2931.469482421875 9.577880859375 12317.7119140625
v 3047.262451171875 76.4150390625 12468.6162109375
v 2888.591796875 76.4150390625 12590.369140625
v 2772.798828125 76.4150390625 12439.46484375
v 2931.469482421875 76.4150390625 12317.7119140625
v 3245.09130859375 9.0771484375 12495.4794921875
v 2850.890869140625 9.0771484375 12797.9599609375
v 2564.038330078125 9.0771484375 12424.126953125
v 2958.23876953125 9.0771484375 12121.6455078125
v 3245.09130859375 666.36962890625 12495.4794921875
v 2850.890869140625 666.36962890625 12797.9599609375
v 2564.038330078125 666.36962890625 12424.126953125
v 2958.23876953125 666.36962890625 12121.6455078125
v -11996.0439453125 5.26953125 14746.3837890625
v -11996.04296875 5.26953125 7965.8759765625
v -10447.94140625 5.26953125 7965.87646484375
v -10447.9423828125 5.26953125 14746.3837890625
v -11996.0439453125 359.560546875 14746.3837890625
v -11996.04296875 359.560546875 7965.8759765625
v -10447.94140625 359.560546875 7965.87646484375
v -10447.9423828125 359.560546875 14746.3837890625
v -10535.240234375 9.576286315917969 8593.9609375
v -10787.509765625 9.576279640197754 8649.888671875
v -10830.99609375 9.576282501220703 8453.734375
v -10578.7265625 9.576288223266602 8397.8076171875
v -10535.240234375 224.36045837402344 8593.9609375
v -10787.509765625 224.36044311523438 8649.888671875
v -10830.99609375 224.36044311523438 8453.734375
v -10578.7265625 224.36045837402344 8397.8076171875
v -10380.73046875 9.0771484375 14740.6142578125
v -10938.603515625 9.0771484375 14864.291015625
v -11059.9765625 9.0771484375 14316.814453125
v -10502.103515625 9.0771484375 14193.13671875
v -10380.73046875 699.081787109375 14740.6142578125
v -10938.603515625 699.081787109375 14864.291015625
v -11059.9765625 699.081787109375 14316.814453125
v -10502.103515625 699.081787109375 14193.13671875
v -10321.916015625 9.0771484375 1486.4569091796875
v -10807.017578125 9.0771484375 1594.0010986328125
v -10909.0048828125 9.0771484375 1133.9635009765625
v -10423.904296875 9.0771484375 1026.4193115234375
v -10321.916015625 666.36962890625 1486.4569091796875
v -10807.017578125 666.36962890625 1594.0010986328125
v -10909.0048828125 666.36962890625 1133.9635009765625
v -10423.904296875 666.36962890625 1026.4193115234375
v -10424.16015625 9.0771484375 8002.08251953125
v -10982.033203125 9.0771484375 8125.76025390625
v -11103.40625 9.0771484375 7578.283203125
v -10545.533203125 9.0771484375 7454.60546875
v -10424.16015625 699.081787109375 8002.08251953125
v -10982.033203125 699.081787109375 8125.76025390625
v -11103.40625 699.081787109375 7578.283203125
v -10545.533203125 699.081787109375 7454.60546875
v -12003.900390625 5.26953125 7966.7529296875
v -12003.8994140625 5.26953125 1186.245361328125
v -10455.7978515625 5.26953125 1186.24560546875
v -10455.798828125 5.26953125 7966.75341796875
v -12003.900390625 359.560546875 7966.7529296875
v -12003.8994140625 359.560546875 1186.245361328125
v -10455.7978515625 359.560546875 1186.24560546875
v -10455.798828125 359.560546875 7966.75341796875
v -10370.533203125 -3.9892578125 7644.64599609375
v -10368.875 -3.9892578125 7834.67431640625
v -10415.677734375 -3.9892578125 7835.08251953125
v -10417.3359375 -3.9892578125 7645.0546875
v -10370.533203125 328.14404296875 7644.64599609375
v -10368.875 328.14404296875 7834.67431640625
v -10415.677734375 328.14404296875 7835.08251953125
v -10417.3359375 328.14404296875 7645.0546875
v -10366.037109375 -3.9892578125 14507.888671875
v -10364.37890625 -3.9892578125 14697.916015625
v -10411.181640625 -3.9892578125 14698.3251953125
v -10412.83984375 -3.9892578125 14508.296875
v -10366.037109375 328.14404296875 14507.888671875
v -10364.37890625 328.14404296875 14697.916015625
v -10411.181640625 328.14404296875 14698.3251953125
v -10412.83984375 328.14404296875 14508.296875
v -10591.0126953125 9.577930450439453 3490.575927734375
v -10850.9736328125 9.577930450439453 3548.2080078125
v -10897.0009765625 9.577930450439453 3340.5927734375
v -10637.0400390625 9.577930450439453 3282.96044921875
v -10591.0126953125 672.5923461914062 3490.575927734375
v -10850.9736328125 672.5923461914062 3548.2080078125
v -10897.0009765625 672.5923461914062 3340.5927734375
v -10637.0400390625 672.5923461914062 3282.96044921875
v -10634.03515625 26.208984375 4542.23681640625
v -10634.03515625 26.208984375 5443.30712890625
v -11634.83984375 26.208984375 5443.30712890625
v -11634.83984375 26.208984375 4542.23681640625
v -10634.03515625 820.9921875 4542.23681640625
v -10634.03515625 820.9921875 5443.30712890625
v -11634.83984375 820.9921875 5443.30712890625
v -11634.83984375 820.9921875 4542.23681640625
v -10635.7578125 26.2099609375 2139.85400390625
v -10635.7587890625 26.2099609375 3040.92431640625
v -11736.1376953125 26.2099609375 3040.924072265625
v -11736.13671875 26.2099609375 2139.853759765625
v -10635.7578125 820.970703125 2139.85400390625
v -10635.7587890625 820.970703125 3040.92431640625
v -11736.1376953125 820.970703125 3040.924072265625
v -11736.13671875 820.970703125 2139.853759765625
v -10922.7744140625 21.72265625 8319.4580078125
v -10922.7744140625 21.72265625 8919.4072265625
v -11722.1494140625 21.72265625 8919.40625
v -11722.1494140625 21.72265625 8319.45703125
v -10922.7744140625 548.0634765625 8319.4580078125
v -10922.7744140625 548.0634765625 8919.4072265625
v -11722.1494140625 548.0634765625 8919.40625
v -11722.1494140625 548.0634765625 8319.45703125
v -10922.7705078125 21.72265625 13723.5869140625
v -10922.7705078125 21.72265625 14323.5361328125
v -11721.6982421875 21.72265625 14323.53515625
v -11721.6982421875 21.72265625 13723.5859375
v -10922.7705078125 548.0634765625 13723.5869140625
v -10922.7705078125 548.0634765625 14323.5361328125
v -11721.6982421875 548.0634765625 14323.53515625
v -11721.6982421875 548.0634765625 13723.5859375
v -10634.03515625 26.2099609375 6042.88916015625
v -10634.0361328125 26.2099609375 6943.95947265625
v -11734.4150390625 26.2099609375 6943.95947265625
v -11734.4140625 26.2099609375 6042.88916015625
v -10634.03515625 820.970703125 6042.88916015625
v -10634.0361328125 820.970703125 6943.95947265625
v -11734.4150390625 820.970703125 6943.95947265625
v -11734.4140625 820.970703125 6042.88916015625
v -10935.1650390625 21.72265625 6943.95556640625
v -10935.1650390625 21.72265625 7543.90478515625
v -11734.0927734375 21.72265625 7543.90478515625
v -11734.0927734375 21.72265625 6943.95556640625
v -10935.1650390625 548.0634765625 6943.95556640625
v -10935.1650390625 548.0634765625 7543.90478515625
v -11734.0927734375 548.0634765625 7543.90478515625
v -11734.0927734375 548.0634765625 6943.95556640625
v -10935.1650390625 21.72265625 5442.93212890625
v -10935.1650390625 21.72265625 6042.88134765625
v -11734.0927734375 21.72265625 6042.88134765625
v -11734.0927734375 21.72265625 5442.93212890625
v -10935.1650390625 548.0634765625 5442.93212890625
v -10935.1650390625 548.0634765625 6042.88134765625
v -11734.0927734375 548.0634765625 6042.88134765625
v -11734.0927734375 548.0634765625 5442.93212890625
v -10936.8876953125 21.72265625 3040.92431640625
v -10936.8876953125 21.72265625 3640.87353515625
v -11736.2626953125 21.72265625 3640.873291015625
v -11736.2626953125 21.72265625 3040.924072265625
v -10936.8876953125 548.0634765625 3040.92431640625
v -10936.8876953125 548.0634765625 3640.87353515625
v -11736.2626953125 548.0634765625 3640.873291015625
v -11736.2626953125 548.0634765625 3040.924072265625
v -10922.7705078125 21.72265625 12222.5634765625
v -10922.7705078125 21.72265625 12822.5126953125
v -11721.6982421875 21.72265625 12822.51171875
v -11721.6982421875 21.72265625 12222.5625
v -10922.7705078125 548.0634765625 12222.5634765625
v -10922.7705078125 548.0634765625 12822.5126953125
v -11721.6982421875 548.0634765625 12822.51171875
v -11721.6982421875 548.0634765625 12222.5625
v -12907.23828125 26.208984375 4566.70947265625
v -12907.23828125 26.208984375 5467.77978515625
v -13908.04296875 26.208984375 5467.77978515625
v -13908.04296875 26.208984375 4566.70947265625
v -12907.23828125 820.9921875 4566.70947265625
v -12907.23828125 820.9921875 5467.77978515625
v -13908.04296875 820.9921875 5467.77978515625
v -13908.04296875 820.9921875 4566.70947265625
v -12907.2421875 26.2099609375 6067.35791015625
v -12907.2421875 26.2099609375 6968.42822265625
v -14007.62109375 26.2099609375 6968.42822265625
v -14007.62109375 26.2099609375 6067.35791015625
v -12907.2421875 820.970703125 6067.35791015625
v -12907.2421875 820.970703125 6968.42822265625
v -14007.62109375 820.970703125 6968.42822265625
v -14007.62109375 820.970703125 6067.35791015625
v -10922.7666015625 21.72265625 9820.4736328125
v -10922.7666015625 21.72265625 10420.4228515625
v -11722.1416015625 21.72265625 10420.421875
v -11722.1416015625 21.72265625 9820.47265625
v -10922.7666015625 548.0634765625 9820.4736328125
v -10922.7666015625 548.0634765625 10420.4228515625
v -11722.1416015625 548.0634765625 10420.421875
v -11722.1416015625 548.0634765625 9820.47265625
v -10634.03515625 26.208984375 3640.97119140625
v -10634.03515625 26.208984375 4542.04150390625
v -11634.83984375 26.208984375 4542.04150390625
v -11634.83984375 26.208984375 3640.970947265625
v -10634.03515625 820.9921875 3640.97119140625
v -10634.03515625 820.9921875 4542.04150390625
v -11634.83984375 820.9921875 4542.04150390625
v -11634.83984375 820.9921875 3640.970947265625
v -12729.00390625 5.26953125 1210.7139892578125
v -12729.005859375 5.26953125 7991.2216796875
v -14277.107421875 5.26953125 7991.22119140625
v -14277.10546875 5.26953125 1210.713623046875
v -12729.00390625 359.560546875 1210.7139892578125
v -12729.005859375 359.560546875 7991.2216796875
v -14277.107421875 359.560546875 7991.22119140625
v -14277.10546875 359.560546875 1210.713623046875
v -12907.2421875 26.2099609375 2164.24072265625
v -12907.2421875 26.2099609375 3065.31103515625
v -14007.62109375 26.2099609375 3065.310791015625
v -14007.62109375 26.2099609375 2164.240478515625
v -12907.2421875 820.970703125 2164.24072265625
v -12907.2421875 820.970703125 3065.31103515625
v -14007.62109375 820.970703125 3065.310791015625
v -14007.62109375 820.970703125 2164.240478515625
v -13208.3681640625 21.72265625 3065.31103515625
v -13208.3681640625 21.72265625 3665.26025390625
v -14007.7431640625 21.72265625 3665.260009765625
v -14007.7431640625 21.72265625 3065.310791015625
v -13208.3681640625 548.0634765625 3065.31103515625
v -13208.3681640625 548.0634765625 3665.26025390625
v -14007.7431640625 548.0634765625 3665.260009765625
v -14007.7431640625 548.0634765625 3065.310791015625
v -13208.3720703125 21.72265625 1564.28759765625
v -13208.3720703125 21.72265625 2164.23681640625
v -14007.7470703125 21.72265625 2164.236572265625
v -14007.7470703125 21.72265625 1564.2874755859375
v -13208.3720703125 548.0634765625 1564.28759765625
v -13208.3720703125 548.0634765625 2164.23681640625
v -14007.7470703125 548.0634765625 2164.236572265625
v -14007.7470703125 548.0634765625 1564.2874755859375
v -12907.2421875 26.208984375 3665.43994140625
v -12907.2421875 26.208984375 4566.51025390625
v -13908.046875 26.208984375 4566.51025390625
v -13908.046875 26.208984375 3665.439697265625
v -12907.2421875 820.9921875 3665.43994140625
v -12907.2421875 820.9921875 4566.51025390625
v -13908.046875 820.9921875 4566.51025390625
v -13908.046875 820.9921875 3665.439697265625
v -10936.8876953125 21.72265625 1539.90478515625
v -10936.8876953125 21.72265625 2139.85400390625
v -11736.2626953125 21.72265625 2139.853759765625
v -11736.2626953125 21.72265625 1539.9046630859375
v -10936.8876953125 548.0634765625 1539.90478515625
v -10936.8876953125 548.0634765625 2139.85400390625
v -11736.2626953125 548.0634765625 2139.853759765625
v -11736.2626953125 548.0634765625 1539.9046630859375
v -10622.4521484375 26.2099609375 12822.5244140625
v -10622.453125 26.2099609375 13723.5947265625
v -11722.83203125 26.2099609375 13723.59375
v -11722.8310546875 26.2099609375 12822.5234375
v -10622.4521484375 820.970703125 12822.5244140625
v -10622.453125 820.970703125 13723.5947265625
v -11722.83203125 820.970703125 13723.59375
v -11722.8310546875 820.970703125 12822.5234375
v -12714.1875 5.26953125 7988.38427734375
v -12714.189453125 5.26953125 14768.892578125
v -14262.291015625 5.26953125 14768.8916015625
v -14262.2890625 5.26953125 7988.3837890625
v -12714.1875 359.560546875 7988.38427734375
v -12714.189453125 359.560546875 14768.892578125
v -14262.291015625 359.560546875 14768.8916015625
v -14262.2890625 359.560546875 7988.3837890625
v -12888.6875 26.2099609375 11344.0009765625
v -12888.6875 26.2099609375 12245.0712890625
v -13989.06640625 26.2099609375 12245.0703125
v -13989.06640625 26.2099609375 11344
v -12888.6875 820.970703125 11344.0009765625
v -12888.6875 820.970703125 12245.0712890625
v -13989.06640625 820.970703125 12245.0703125
v -13989.06640625 820.970703125 11344
v -13189.0126953125 21.72265625 9842.9814453125
v -13189.0126953125 21.72265625 10442.9306640625
v -13988.3876953125 21.72265625 10442.9296875
v -13988.3876953125 21.72265625 9842.98046875
v -13189.0126953125 548.0634765625 9842.9814453125
v -13189.0126953125 548.0634765625 10442.9306640625
v -13988.3876953125 548.0634765625 10442.9296875
v -13988.3876953125 548.0634765625 9842.98046875
v -12888.69140625 26.2099609375 10442.9306640625
v -12888.69140625 26.2099609375 11344.0009765625
v -13989.0703125 26.2099609375 11344
v -13989.0703125 26.2099609375 10442.9296875
v -12888.69140625 820.970703125 10442.9306640625
v -12888.69140625 820.970703125 11344.0009765625
v -13989.0703125 820.970703125 11344
v -13989.0703125 820.970703125 10442.9296875
v -13189.0205078125 21.72265625 13746.0947265625
v -13189.0205078125 21.72265625 14346.0439453125
v -13987.9482421875 21.72265625 14346.04296875
v -13987.9482421875 21.72265625 13746.09375
v -13189.0205078125 548.0634765625 13746.0947265625
v -13189.0205078125 548.0634765625 14346.0439453125
v -13987.9482421875 548.0634765625 14346.04296875
v -13987.9482421875 548.0634765625 13746.09375
v -13189.0126953125 21.72265625 12245.0712890625
v -13189.0126953125 21.72265625 12845.0205078125
v -13987.9404296875 21.72265625 12845.01953125
v -13987.9404296875 21.72265625 12245.0703125
v -13189.0126953125 548.0634765625 12245.0712890625
v -13189.0126953125 548.0634765625 12845.0205078125
v -13987.9404296875 548.0634765625 12845.01953125
v -13987.9404296875 548.0634765625 12245.0703125
v -13208.3681640625 21.72265625 5467.40087890625
v -13208.3681640625 21.72265625 6067.35009765625
v -14007.2958984375 21.72265625 6067.35009765625
v -14007.2958984375 21.72265625 5467.40087890625
v -13208.3681640625 548.0634765625 5467.40087890625
v -13208.3681640625 548.0634765625 6067.35009765625
v -14007.2958984375 548.0634765625 6067.35009765625
v -14007.2958984375 548.0634765625 5467.40087890625
v -13208.3681640625 21.72265625 6968.42431640625
v -13208.3681640625 21.72265625 7568.37353515625
v -14007.2958984375 21.72265625 7568.37353515625
v -14007.2958984375 21.72265625 6968.42431640625
v -13208.3681640625 548.0634765625 6968.42431640625
v -13208.3681640625 548.0634765625 7568.37353515625
v -14007.2958984375 548.0634765625 7568.37353515625
v -14007.2958984375 548.0634765625 6968.42431640625
v -12256.8408203125 9.577880859375 1819.2677001953125
v -12452.099609375 9.577880859375 1862.5556640625
v -12493.2685546875 9.577880859375 1676.853515625
v -12298.009765625 9.577880859375 1633.5655517578125
v -12256.8408203125 76.4150390625 1819.2677001953125
v -12452.099609375 76.4150390625 1862.5556640625
v -12493.2685546875 76.4150390625 1676.853515625
v -12298.009765625 76.4150390625 1633.5655517578125
v -12220.3974609375 9.577880859375 3213.33447265625
v -12344.900390625 9.577880859375 3369.85595703125
v -12493.7607421875 9.577880859375 3251.44677734375
v -12369.2578125 9.577880859375 3094.92529296875
v -12220.3974609375 76.4150390625 3213.33447265625
v -12344.900390625 76.4150390625 3369.85595703125
v -12493.7607421875 76.4150390625 3251.44677734375
v -12369.2578125 76.4150390625 3094.92529296875
v -12193.0068359375 9.57758903503418 3199.805419921875
v -12358.765625 9.577591896057129 3408.193115234375
v -12525.1923828125 9.577588081359863 3275.8115234375
v -12359.43359375 9.57758617401123 3067.423828125
v -12193.0068359375 672.5919799804688 3199.805419921875
v -12358.765625 672.5919799804688 3408.193115234375
v -12525.1923828125 672.5919799804688 3275.8115234375
v -12359.43359375 672.5919799804688 3067.423828125
v -12253.2412109375 9.577880859375 5444.97802734375
v -12452.966796875 9.577880859375 5434.5107421875
v -12443.01171875 9.577880859375 5244.560546875
v -12243.2861328125 9.577880859375 5255.02783203125
v -12253.2412109375 76.4150390625 5444.97802734375
v -12452.966796875 76.4150390625 5434.5107421875
v -12443.01171875 76.4150390625 5244.560546875
v -12243.2861328125 76.4150390625 5255.02783203125
v -12226.3203125 9.577597618103027 5459.42333984375
v -12492.2294921875 9.577597618103027 5445.4873046875
v -12481.099609375 9.577594757080078 5233.12255859375
v -12215.19140625 9.577594757080078 5247.05810546875
v -12226.3203125 672.5919799804688 5459.42333984375
v -12492.2294921875 672.5919799804688 5445.4873046875
v -12481.099609375 672.5919799804688 5233.12255859375
v -12215.19140625 672.5919799804688 5247.05810546875
v -12422.3203125 9.57763385772705 6938.79736328125
v -12190.5673828125 9.57763671875 7069.91650390625
v -12295.28515625 9.57763957977295 7255.00341796875
v -12527.037109375 9.57763671875 7123.8837890625
v -12422.3203125 672.592041015625 6938.79736328125
v -12190.5673828125 672.592041015625 7069.91650390625
v -12295.28515625 672.592041015625 7255.00341796875
v -12527.037109375 672.592041015625 7123.8837890625
v -12404.67578125 9.577880859375 6963.73681640625
v -12230.6044921875 9.577880859375 7062.2216796875
v -12324.26953125 9.577880859375 7227.77294921875
v -12498.3408203125 9.577880859375 7129.2880859375
v -12404.67578125 76.4150390625 6963.73681640625
v -12230.6044921875 76.4150390625 7062.2216796875
v -12324.26953125 76.4150390625 7227.77294921875
v -12498.3408203125 76.4150390625 7129.2880859375
v -12394.7138671875 9.577683448791504 8963.9248046875
v -12156.416015625 9.57768726348877 9082.7353515625
v -12251.302734375 9.577693939208984 9273.048828125
v -12489.6005859375 9.577689170837402 9154.23828125
v -12394.7138671875 672.5921020507812 8963.9248046875
v -12156.416015625 672.5921020507812 9082.7353515625
v -12251.302734375 672.5921020507812 9273.048828125
v -12489.6005859375 672.5921020507812 9154.23828125
v -12375.7900390625 9.577880859375 8987.9072265625
v -12196.802734375 9.577880859375 9077.146484375
v -12281.6748046875 9.577880859375 9247.373046875
v -12460.6611328125 9.577880859375 9158.1337890625
v -12375.7900390625 76.4150390625 8987.9072265625
v -12196.802734375 76.4150390625 9077.146484375
v -12281.6748046875 76.4150390625 9247.373046875
v -12460.6611328125 76.4150390625 9158.1337890625
v -12156.5791015625 9.57763385772705 10852.3408203125
v -12320.513671875 9.57763671875 11062.1669921875
v -12488.0888671875 9.57763957977295 10931.2431640625
v -12324.154296875 9.57763671875 10721.4169921875
v -12156.5791015625 672.592041015625 10852.3408203125
v -12320.513671875 672.592041015625 11062.1669921875
v -12488.0888671875 672.592041015625 10931.2431640625
v -12324.154296875 672.592041015625 10721.4169921875
v -12195.3076171875 9.577880859375 10834.5986328125
v -12275.056640625 9.577880859375 11018.0107421875
v -12449.4921875 9.577880859375 10942.1640625
v -12369.7421875 9.577880859375 10758.7529296875
v -12195.3076171875 76.4150390625 10834.5986328125
v -12275.056640625 76.4150390625 11018.0107421875
v -12449.4921875 76.4150390625 10942.1640625
v -12369.7421875 76.4150390625 10758.7529296875
v -12235.4873046875 9.577689170837402 12092.685546875
v -12189.25 9.577691078186035 12354.9130859375
v -12398.67578125 9.57769775390625 12391.8408203125
v -12444.9130859375 9.577695846557617 12129.6123046875
v -12235.4873046875 672.5921020507812 12092.685546875
v -12189.25 672.5921020507812 12354.9130859375
v -12398.67578125 672.5921020507812 12391.8408203125
v -12444.9130859375 672.5921020507812 12129.6123046875
v -12243.5048828125 9.577880859375 12122.1650390625
v -12208.775390625 9.577880859375 12319.126953125
v -12396.0966796875 9.577880859375 12352.15625
v -12430.826171875 9.577880859375 12155.1953125
v -12243.5048828125 76.4150390625 12122.1650390625
v -12208.775390625 76.4150390625 12319.126953125
v -12396.0966796875 76.4150390625 12352.15625
v -12430.826171875 76.4150390625 12155.1953125
v -12394.8037109375 9.577973365783691 13479.748046875
v -12143.8037109375 9.577975273132324 13568.6318359375
v -12214.7900390625 9.577975273132324 13769.08984375
v -12465.7900390625 9.577973365783691 13680.2060546875
v -12394.8037109375 672.5924072265625 13479.748046875
v -12143.8037109375 672.5924072265625 13568.6318359375
v -12214.7900390625 672.5924072265625 13769.08984375
v -12465.7900390625 672.5924072265625 13680.2060546875
v -12373.1015625 9.577880859375 13501.2421875
v -12184.5732421875 9.577880859375 13568.00390625
v -12248.06640625 9.577880859375 13747.3046875
v -12436.5947265625 9.577880859375 13680.54296875
v -12373.1015625 76.4150390625 13501.2421875
v -12184.5732421875 76.4150390625 13568.00390625
v -12248.06640625 76.4150390625 13747.3046875
v -12436.5947265625 76.4150390625 13680.54296875
v -10622.4443359375 26.2099609375 11321.5009765625
v -10622.4453125 26.2099609375 12222.5712890625
v -11722.82421875 26.2099609375 12222.5703125
v -11722.8232421875 26.2099609375 11321.5
v -10622.4443359375 820.970703125 11321.5009765625
v -10622.4453125 820.970703125 12222.5712890625
v -11722.82421875 820.970703125 12222.5703125
v -11722.8232421875 820.970703125 11321.5
v -10622.4482421875 26.2099609375 10420.4306640625
v -10622.44921875 26.2099609375 11321.5009765625
v -11722.828125 26.2099609375 11321.5
v -11722.8271484375 26.2099609375 10420.4296875
v -10622.4482421875 820.970703125 10420.4306640625
v -10622.44921875 820.970703125 11321.5009765625
v -11722.828125 820.970703125 11321.5
v -11722.8271484375 820.970703125 10420.4296875
v -10622.4482421875 26.2099609375 8919.3994140625
v -10622.44921875 26.2099609375 9820.4697265625
v -11722.828125 26.2099609375 9820.46875
v -11722.8271484375 26.2099609375 8919.3984375
v -10622.4482421875 820.970703125 8919.3994140625
v -10622.44921875 820.970703125 9820.4697265625
v -11722.828125 820.970703125 9820.46875
v -11722.8271484375 820.970703125 8919.3984375
v -12888.6953125 26.2099609375 8941.9072265625
v -12888.6953125 26.2099609375 9842.9775390625
v -13989.07421875 26.2099609375 9842.9765625
v -13989.07421875 26.2099609375 8941.90625
v -12888.6953125 820.970703125 8941.9072265625
v -12888.6953125 820.970703125 9842.9775390625
v -13989.07421875 820.970703125 9842.9765625
v -13989.07421875 820.970703125 8941.90625
v -13189.0166015625 21.72265625 8341.9580078125
v -13189.0166015625 21.72265625 8941.9072265625
v -13988.3916015625 21.72265625 8941.90625
v -13988.3916015625 21.72265625 8341.95703125
v -13189.0166015625 548.0634765625 8341.9580078125
v -13189.0166015625 548.0634765625 8941.9072265625
v -13988.3916015625 548.0634765625 8941.90625
v -13988.3916015625 548.0634765625 8341.95703125
v -12155.9501953125 -4.63818359375 1619.3487548828125
v -12157.75 -4.63818359375 1413.130126953125
v -12053.806640625 -4.63818359375 1412.2230224609375
v -12052.0068359375 -4.63818359375 1618.4417724609375
v -12155.9501953125 98.545654296875 1619.3487548828125
v -12157.75 98.545654296875 1413.130126953125
v -12053.806640625 98.545654296875 1412.2230224609375
v -12052.0068359375 98.545654296875 1618.4417724609375
v -12131.0400390625 -4.63818359375 3070.032470703125
v -12132.83984375 -4.63818359375 2863.813720703125
v -12028.896484375 -4.63818359375 2862.90673828125
v -12027.0966796875 -4.63818359375 3069.125244140625
v -12131.0400390625 98.545654296875 3070.032470703125
v -12132.83984375 98.545654296875 2863.813720703125
v -12028.896484375 98.545654296875 2862.90673828125
v -12027.0966796875 98.545654296875 3069.125244140625
v -12127.509765625 -4.63818359375 4809.77880859375
v -12125.7099609375 -4.63818359375 4603.56005859375
v -12021.7666015625 -4.63818359375 4604.46728515625
v -12023.56640625 -4.63818359375 4810.68603515625
v -12127.509765625 98.545654296875 4809.77880859375
v -12125.7099609375 98.545654296875 4603.56005859375
v -12021.7666015625 98.545654296875 4604.46728515625
v -12023.56640625 98.545654296875 4810.68603515625
v -12129.2783203125 -4.63818359375 5677.3984375
v -12123.8798828125 -4.63818359375 5471.2421875
v -12019.9677734375 -4.63818359375 5473.96337890625
v -12025.3662109375 -4.63818359375 5680.119140625
v -12129.2783203125 98.545654296875 5677.3984375
v -12123.8798828125 98.545654296875 5471.2421875
v -12019.9677734375 98.545654296875 5473.96337890625
v -12025.3662109375 98.545654296875 5680.119140625
v -12582.6630859375 -4.63818359375 6715.32373046875
v -12591.658203125 -4.63818359375 6921.35400390625
v -12695.5068359375 -4.63818359375 6916.81982421875
v -12686.5107421875 -4.63818359375 6710.78955078125
v -12582.6630859375 98.545654296875 6715.32373046875
v -12591.658203125 98.545654296875 6921.35400390625
v -12695.5068359375 98.545654296875 6916.81982421875
v -12686.5107421875 98.545654296875 6710.78955078125
v -12306.2333984375 -0.08056640625 4185.998046875
v -12353.009765625 -0.08056640625 4184.36474609375
v -12351.3759765625 -0.08056640625 4137.58837890625
v -12304.599609375 -0.08056640625 4139.2216796875
v -12306.2333984375 333.158447265625 4185.998046875
v -12353.009765625 333.158447265625 4184.36474609375
v -12351.3759765625 333.158447265625 4137.58837890625
v -12304.599609375 333.158447265625 4139.2216796875
v -12579.55859375 -4.63818359375 14012.494140625
v -12579.55859375 -4.63818359375 14218.720703125
v -12683.505859375 -4.63818359375 14218.720703125
v -12683.505859375 -4.63818359375 14012.494140625
v -12579.55859375 98.545654296875 14012.494140625
v -12579.55859375 98.545654296875 14218.720703125
v -12683.505859375 98.545654296875 14218.720703125
v -12683.505859375 98.545654296875 14012.494140625
v -12587.578125 -4.63818359375 10015.4111328125
v -12591.177734375 -4.63818359375 10221.6064453125
v -12695.109375 -4.63818359375 10219.7919921875
v -12691.509765625 -4.63818359375 10013.5966796875
v -12587.578125 98.545654296875 10015.4111328125
v -12591.177734375 98.545654296875 10221.6064453125
v -12695.109375 98.545654296875 10219.7919921875
v -12691.509765625 98.545654296875 10013.5966796875
v -12580.4072265625 -4.63818359375 11844.509765625
v -12585.8056640625 -4.63818359375 12050.666015625
v -12689.716796875 -4.63818359375 12047.9443359375
v -12684.318359375 -4.63818359375 11841.7890625
v -12580.4072265625 98.545654296875 11844.509765625
v -12585.8056640625 98.545654296875 12050.666015625
v -12689.716796875 98.545654296875 12047.9443359375
v -12684.318359375 98.545654296875 11841.7890625
v -12588.3046875 -4.63818359375 8701.77734375
v -12593.703125 -4.63818359375 8907.93359375
v -12697.615234375 -4.63818359375 8905.2119140625
v -12692.216796875 -4.63818359375 8699.056640625
v -12588.3046875 98.545654296875 8701.77734375
v -12593.703125 98.545654296875 8907.93359375
v -12697.615234375 98.545654296875 8905.2119140625
v -12692.216796875 98.545654296875 8699.056640625
v -12321.8232421875 -0.08056640625 11113.791015625
v -12368.599609375 -0.08056640625 11112.1572265625
v -12366.9658203125 -0.08056640625 11065.3818359375
v -12320.189453125 -0.08056640625 11067.0146484375
v -12321.8232421875 333.158447265625 11113.791015625
v -12368.599609375 333.158447265625 11112.1572265625
v -12366.9658203125 333.158447265625 11065.3818359375
v -12320.189453125 333.158447265625 11067.0146484375
v -12259.3857421875 -3.9892578125 1260.11572265625
v -12449.3056640625 -3.9892578125 1253.4835205078125
v -12447.671875 -3.9892578125 1206.7073974609375
v -12257.751953125 -3.9892578125 1213.3394775390625
v -12259.3857421875 328.14404296875 1260.11572265625
v -12449.3056640625 328.14404296875 1253.4835205078125
v -12447.671875 328.14404296875 1206.7073974609375
v -12257.751953125 328.14404296875 1213.3394775390625
v -12273.8232421875 -3.9892578125 8011.60009765625
v -12463.7431640625 -3.9892578125 8004.9677734375
v -12462.109375 -3.9892578125 7958.19189453125
v -12272.189453125 -3.9892578125 7964.82373046875
v -12273.8232421875 328.14404296875 8011.60009765625
v -12463.7431640625 328.14404296875 8004.9677734375
v -12462.109375 328.14404296875 7958.19189453125
v -12272.189453125 328.14404296875 7964.82373046875
v -12888.703125 26.2099609375 12845.0244140625
v -12888.703125 26.2099609375 13746.0947265625
v -13989.08203125 26.2099609375 13746.09375
v -13989.08203125 26.2099609375 12845.0234375
v -12888.703125 820.970703125 12845.0244140625
v -12888.703125 820.970703125 13746.0947265625
v -13989.08203125 820.970703125 13746.09375
v -13989.08203125 820.970703125 12845.0234375
v -12227.0439453125 9.577930450439453 1825.9940185546875
v -12487.0048828125 9.577930450439453 1883.6260986328125
v -12533.0322265625 9.577930450439453 1676.0106201171875
v -12273.0712890625 9.577930450439453 1618.3785400390625
v -12227.0439453125 672.5923461914062 1825.9940185546875
v -12487.0048828125 672.5923461914062 1883.6260986328125
v -12533.0322265625 672.5923461914062 1676.0106201171875
v -12273.0712890625 672.5923461914062 1618.3785400390625
v 65.7481918334961 374.97845458984375 -12834.5048828125
v 170.81031799316406 374.97845458984375 -12836.3388671875
v 189.43853759765625 374.9785461425781 -11769.134765625
v 84.37641143798828 374.9785461425781 -11767.30078125
v 65.74821472167969 1251.9432373046875 -12834.505859375
v 170.81033325195312 1251.9432373046875 -12836.3388671875
v 189.4385528564453 1251.943359375 -11769.134765625
v 84.37642669677734 1251.943359375 -11767.30078125
v 84.4239730834961 374.97845458984375 -11768.3681640625
v 189.48609924316406 374.97845458984375 -11770.2021484375
v 208.11431884765625 374.9785461425781 -10702.998046875
v 103.05219268798828 374.9785461425781 -10701.1640625
v 84.42399597167969 1251.9432373046875 -11768.369140625
v 189.48611450195312 1251.9432373046875 -11770.2021484375
v 208.1143341064453 1251.943359375 -10702.998046875
v 103.05220794677734 1251.943359375 -10701.1640625
v 65.7481918334961 1176.2864990234375 -12834.5048828125
v 170.81031799316406 1176.2864990234375 -12836.3388671875
v 189.43853759765625 1176.28662109375 -11769.134765625
v 84.37641143798828 1176.28662109375 -11767.30078125
v 65.74821472167969 2053.25146484375 -12834.505859375
v 170.81033325195312 2053.25146484375 -12836.3388671875
v 189.4385528564453 2053.25146484375 -11769.134765625
v 84.37642669677734 2053.25146484375 -11767.30078125
v 84.4239730834961 1975.1448974609375 -11768.3681640625
v 189.48609924316406 1975.1448974609375 -11770.2021484375
v 208.11431884765625 1975.14501953125 -10702.998046875
v 103.05219268798828 1975.14501953125 -10701.1640625
v 84.42399597167969 2852.10986328125 -11768.369140625
v 189.48611450195312 2852.10986328125 -11770.2021484375
v 208.1143341064453 2852.10986328125 -10702.998046875
v 103.05220794677734 2852.10986328125 -10701.1640625
v 65.7481918334961 1975.1448974609375 -12834.5048828125
v 170.81031799316406 1975.1448974609375 -12836.3388671875
v 189.43853759765625 1975.14501953125 -11769.134765625
v 84.37641143798828 1975.14501953125 -11767.30078125
v 65.74821472167969 2852.10986328125 -12834.505859375
v 170.81033325195312 2852.10986328125 -12836.3388671875
v 189.4385528564453 2852.10986328125 -11769.134765625
v 84.37642669677734 2852.10986328125 -11767.30078125
v 84.4239730834961 1176.2864990234375 -11768.3681640625
v 189.48609924316406 1176.2864990234375 -11770.2021484375
v 208.11431884765625 1176.28662109375 -10702.998046875
v 103.05219268798828 1176.28662109375 -10701.1640625
v 84.42399597167969 2053.25146484375 -11768.369140625
v 189.48611450195312 2053.25146484375 -11770.2021484375
v 208.1143341064453 2053.25146484375 -10702.998046875
v 103.05220794677734 2053.25146484375 -10701.1640625
v 3753.060791015625 374.97882080078125 -10633.318359375
v 1953.4066162109375 374.97882080078125 -10617.6123046875
v 1952.4874267578125 374.9788513183594 -10722.9404296875
v 3752.1416015625 374.9788513183594 -10738.646484375
v 3753.060791015625 1251.9442138671875 -10633.318359375
v 1953.4066162109375 1251.9442138671875 -10617.6123046875
v 1952.4874267578125 1251.9442138671875 -10722.9404296875
v 3752.1416015625 1251.9442138671875 -10738.646484375
v 3806.760498046875 374.978515625 -10732.8955078125
v 3701.686279296875 374.978515625 -10731.978515625
v 3692.371826171875 374.9786682128906 -11799.3046875
v 3797.446044921875 374.9786682128906 -11800.2216796875
v 3806.760498046875 1251.943359375 -10732.8955078125
v 3701.686279296875 1251.943359375 -10731.978515625
v 3692.371826171875 1251.9434814453125 -11799.3046875
v 3797.446044921875 1251.9434814453125 -11800.2216796875
v 490.591064453125 2860.2724609375 -11307.41796875
v 481.7685241699219 2860.2724609375 -12318.359375
v 604.3497924804688 2860.2724609375 -12319.4296875
v 613.1723022460938 2860.2724609375 -11308.4873046875
v 490.5910339355469 3100.89794921875 -11307.41796875
v 481.76849365234375 3100.89794921875 -12318.359375
v 604.3497924804688 3100.89794921875 -12319.4296875
v 613.1723022460938 3100.89794921875 -11308.4873046875
v 3797.389404296875 374.978515625 -11799.1572265625
v 3692.315185546875 374.978515625 -11798.240234375
v 3683.000732421875 374.9786682128906 -12865.56640625
v 3788.074951171875 374.9786682128906 -12866.4833984375
v 3797.389404296875 1251.943359375 -11799.1572265625
v 3692.315185546875 1251.943359375 -11798.240234375
v 3683.000732421875 1251.9434814453125 -12865.56640625
v 3788.074951171875 1251.9434814453125 -12866.4833984375
v 1923.0787353515625 374.9784851074219 -12953.0966796875
v 3722.73291015625 374.978515625 -12968.802734375
v 3723.652099609375 374.9785461425781 -12863.474609375
v 1923.9979248046875 374.978515625 -12847.7685546875
v 1923.0787353515625 1251.94384765625 -12953.0966796875
v 3722.73291015625 1251.94384765625 -12968.802734375
v 3723.652099609375 1251.94384765625 -12863.474609375
v 1923.9979248046875 1251.94384765625 -12847.76953125
v 3430.446044921875 2860.272216796875 -12324.9619140625
v 3439.2685546875 2860.272216796875 -11314.0205078125
v 3316.687255859375 2860.272216796875 -11312.9501953125
v 3307.86474609375 2860.272216796875 -12323.892578125
v 3430.446044921875 3100.897705078125 -12324.9619140625
v 3439.2685546875 3100.897705078125 -11314.0205078125
v 3316.687255859375 3100.897705078125 -11312.9501953125
v 3307.86474609375 3100.897705078125 -12323.892578125
v 1236.677490234375 2860.2724609375 -12377.568359375
v 1238.032470703125 2860.2724609375 -12222.3046875
v 532.389404296875 2860.2724609375 -12216.146484375
v 531.034423828125 2860.2724609375 -12371.41015625
v 1236.677490234375 3100.89794921875 -12377.568359375
v 1238.032470703125 3100.89794921875 -12222.3046875
v 532.3893432617188 3100.89794921875 -12216.146484375
v 531.034423828125 3100.89794921875 -12371.41015625
v 539.3482055664062 2860.2724609375 -11259.796875
v 537.9932250976562 2860.2724609375 -11415.060546875
v 1243.63623046875 2860.2724609375 -11421.21875
v 1244.9912109375 2860.2724609375 -11265.955078125
v 539.34814453125 3100.89794921875 -11259.796875
v 537.9931640625 3100.89794921875 -11415.060546875
v 1243.63623046875 3100.89794921875 -11421.21875
v 1244.9912109375 3100.89794921875 -11265.955078125
v 2363.315185546875 2860.272216796875 -12323.4306640625
v 2372.1376953125 2860.272216796875 -11312.4892578125
v 2249.556396484375 2860.272216796875 -11311.4189453125
v 2240.73388671875 2860.272216796875 -12322.361328125
v 2363.315185546875 3100.897705078125 -12323.4306640625
v 2372.1376953125 3100.897705078125 -11312.4892578125
v 2249.556396484375 3100.897705078125 -11311.4189453125
v 2240.73388671875 3100.897705078125 -12322.361328125
v 1616.6756591796875 2860.272216796875 -11259.9638671875
v 1615.3206787109375 2860.272216796875 -11415.2275390625
v 2320.963623046875 2860.272216796875 -11421.3857421875
v 2322.318603515625 2860.272216796875 -11266.1220703125
v 1616.6756591796875 3100.897705078125 -11259.9638671875
v 1615.3206787109375 3100.897705078125 -11415.2275390625
v 2320.963623046875 3100.897705078125 -11421.3857421875
v 2322.318603515625 3100.897705078125 -11266.1220703125
v 2683.806396484375 2860.272216796875 -11261.4951171875
v 2682.451416015625 2860.272216796875 -11416.7587890625
v 3388.094482421875 2860.272216796875 -11422.9169921875
v 3389.449462890625 2860.272216796875 -11267.6533203125
v 2683.806396484375 3100.897705078125 -11261.4951171875
v 2682.45166015625 3100.897705078125 -11416.7587890625
v 3388.094482421875 3100.897705078125 -11422.9169921875
v 3389.449462890625 3100.897705078125 -11267.6533203125
v 1953.1466064453125 1176.2869873046875 -10617.609375
v 153.4925537109375 1176.2869873046875 -10601.9033203125
v 152.5733642578125 1176.2869873046875 -10707.2314453125
v 1952.2274169921875 1176.2869873046875 -10722.9375
v 1953.146728515625 2053.252197265625 -10617.609375
v 153.49261474609375 2053.252197265625 -10601.9033203125
v 152.57342529296875 2053.252197265625 -10707.2314453125
v 1952.2275390625 2053.252197265625 -10722.9375
v 1567.2413330078125 2860.27197265625 -11309.4375
v 1558.4189453125 2860.272216796875 -12320.37890625
v 1681.0001220703125 2860.272216796875 -12321.44921875
v 1689.822509765625 2860.27197265625 -11310.5068359375
v 1567.2413330078125 3100.8974609375 -11309.4375
v 1558.4189453125 3100.897705078125 -12320.37890625
v 1681.0001220703125 3100.897705078125 -12321.44921875
v 1689.822509765625 3100.8974609375 -11310.5068359375
v 1285.4334716796875 2860.271728515625 -12329.9462890625
v 1294.255859375 2860.271728515625 -11319.0048828125
v 1171.674560546875 2860.271728515625 -11317.9345703125
v 1162.8521728515625 2860.271728515625 -12328.876953125
v 1285.4334716796875 3100.897216796875 -12329.9462890625
v 1294.255859375 3100.897216796875 -11319.0048828125
v 1171.674560546875 3100.897216796875 -11317.9345703125
v 1162.8521728515625 3100.897216796875 -12328.876953125
v 3753.060791015625 1176.2869873046875 -10633.318359375
v 1953.4066162109375 1176.2869873046875 -10617.6123046875
v 1952.4874267578125 1176.2869873046875 -10722.9404296875
v 3752.1416015625 1176.2869873046875 -10738.646484375
v 3753.060791015625 2053.252197265625 -10633.318359375
v 1953.4066162109375 2053.252197265625 -10617.6123046875
v 1952.4874267578125 2053.252197265625 -10722.9404296875
v 3752.1416015625 2053.252197265625 -10738.646484375
v 3797.389404296875 1176.28662109375 -11799.1572265625
v 3692.315185546875 1176.28662109375 -11798.240234375
v 3683.000732421875 1176.2867431640625 -12865.56640625
v 3788.074951171875 1176.2867431640625 -12866.4833984375
v 3797.389404296875 2053.25146484375 -11799.1572265625
v 3692.315185546875 2053.25146484375 -11798.240234375
v 3683.000732421875 2053.251708984375 -12865.56640625
v 3788.074951171875 2053.251708984375 -12866.4833984375
v 2634.3720703125 2860.27197265625 -11310.96875
v 2625.5498046875 2860.272216796875 -12321.91015625
v 2748.131103515625 2860.272216796875 -12322.98046875
v 2756.953369140625 2860.27197265625 -11312.0380859375
v 2634.3720703125 3100.8974609375 -11310.96875
v 2625.5498046875 3100.897705078125 -12321.91015625
v 2748.131103515625 3100.897705078125 -12322.98046875
v 2756.953369140625 3100.8974609375 -11312.0380859375
v 1923.0787353515625 1176.28662109375 -12953.0966796875
v 3722.73291015625 1176.28662109375 -12968.802734375
v 3723.652099609375 1176.28662109375 -12863.474609375
v 1923.9979248046875 1176.28662109375 -12847.7685546875
v 1923.0787353515625 2053.251953125 -12953.0966796875
v 3722.73291015625 2053.251953125 -12968.802734375
v 3723.652099609375 2053.251953125 -12863.474609375
v 1923.9979248046875 2053.251953125 -12847.76953125
v 123.69198608398438 1176.28662109375 -12937.2060546875
v 1923.3460693359375 1176.28662109375 -12952.912109375
v 1924.2652587890625 1176.28662109375 -12847.583984375
v 124.61117553710938 1176.28662109375 -12831.8779296875
v 123.6919937133789 2053.251953125 -12937.2060546875
v 1923.3460693359375 2053.251953125 -12952.912109375
v 1924.2652587890625 2053.251953125 -12847.583984375
v 124.6111831665039 2053.251953125 -12831.87890625
v 1953.1466064453125 1975.1453857421875 -10617.609375
v 153.4925537109375 1975.1453857421875 -10601.9033203125
v 152.5733642578125 1975.1453857421875 -10707.2314453125
v 1952.2274169921875 1975.1453857421875 -10722.9375
v 1953.146728515625 2852.110595703125 -10617.609375
v 153.49261474609375 2852.110595703125 -10601.9033203125
v 152.57342529296875 2852.110595703125 -10707.2314453125
v 1952.2275390625 2852.110595703125 -10722.9375
v 3381.015625 2860.2724609375 -12374.435546875
v 3382.370361328125 2860.2724609375 -12219.171875
v 2676.7275390625 2860.2724609375 -12213.013671875
v 2675.37255859375 2860.2724609375 -12368.27734375
v 3381.015625 3100.89794921875 -12374.435546875
v 3382.37060546875 3100.89794921875 -12219.171875
v 2676.7275390625 3100.89794921875 -12213.013671875
v 2675.37255859375 3100.89794921875 -12368.27734375
v 2313.880859375 2860.2724609375 -12372.904296875
v 2315.235595703125 2860.2724609375 -12217.640625
v 1609.5926513671875 2860.2724609375 -12211.482421875
v 1608.2376708984375 2860.2724609375 -12366.74609375
v 2313.880859375 3100.89794921875 -12372.904296875
v 2315.23583984375 3100.89794921875 -12217.640625
v 1609.5926513671875 3100.89794921875 -12211.482421875
v 1608.2376708984375 3100.89794921875 -12366.74609375
v 3753.060791015625 1975.1453857421875 -10633.318359375
v 1953.4066162109375 1975.1453857421875 -10617.6123046875
v 1952.4874267578125 1975.1453857421875 -10722.9404296875
v 3752.1416015625 1975.1453857421875 -10738.646484375
v 3753.060791015625 2852.110595703125 -10633.318359375
v 1953.4066162109375 2852.110595703125 -10617.6123046875
v 1952.4874267578125 2852.110595703125 -10722.9404296875
v 3752.1416015625 2852.110595703125 -10738.646484375
v 3797.389404296875 1975.14501953125 -11799.1572265625
v 3692.315185546875 1975.14501953125 -11798.240234375
v 3683.000732421875 1975.1451416015625 -12865.56640625
v 3788.074951171875 1975.1451416015625 -12866.4833984375
v 3797.389404296875 2852.10986328125 -11799.1572265625
v 3692.315185546875 2852.10986328125 -11798.240234375
v 3683.000732421875 2852.110107421875 -12865.56640625
v 3788.074951171875 2852.110107421875 -12866.4833984375
v 3806.760498046875 1975.14501953125 -10732.8955078125
v 3701.686279296875 1975.14501953125 -10731.978515625
v 3692.371826171875 1975.1451416015625 -11799.3046875
v 3797.446044921875 1975.1451416015625 -11800.2216796875
v 3806.760498046875 2852.10986328125 -10732.8955078125
v 3701.686279296875 2852.10986328125 -10731.978515625
v 3692.371826171875 2852.110107421875 -11799.3046875
v 3797.446044921875 2852.110107421875 -11800.2216796875
v 1923.0787353515625 1975.14501953125 -12953.0966796875
v 3722.73291015625 1975.14501953125 -12968.802734375
v 3723.652099609375 1975.14501953125 -12863.474609375
v 1923.9979248046875 1975.14501953125 -12847.7685546875
v 1923.0787353515625 2852.1103515625 -12953.0966796875
v 3722.73291015625 2852.1103515625 -12968.802734375
v 3723.652099609375 2852.1103515625 -12863.474609375
v 1923.9979248046875 2852.1103515625 -12847.76953125
v 123.69198608398438 1975.14501953125 -12937.2060546875
v 1923.3460693359375 1975.14501953125 -12952.912109375
v 1924.2652587890625 1975.14501953125 -12847.583984375
v 124.61117553710938 1975.14501953125 -12831.8779296875
v 123.6919937133789 2852.1103515625 -12937.2060546875
v 1923.3460693359375 2852.1103515625 -12952.912109375
v 1924.2652587890625 2852.1103515625 -12847.583984375
v 124.6111831665039 2852.1103515625 -12831.87890625
v 123.69198608398438 374.9784851074219 -12937.2060546875
v 1923.3460693359375 374.978515625 -12952.912109375
v 1924.2652587890625 374.9785461425781 -12847.583984375
v 124.61117553710938 374.978515625 -12831.8779296875
v 123.6919937133789 1251.94384765625 -12937.2060546875
v 1923.3460693359375 1251.94384765625 -12952.912109375
v 1924.2652587890625 1251.94384765625 -12847.583984375
v 124.6111831665039 1251.94384765625 -12831.87890625
v 1953.1466064453125 374.97882080078125 -10617.609375
v 153.4925537109375 374.97882080078125 -10601.9033203125
v 152.5733642578125 374.9788513183594 -10707.2314453125
v 1952.2274169921875 374.9788513183594 -10722.9375
v 1953.146728515625 1251.9442138671875 -10617.609375
v 153.49261474609375 1251.9442138671875 -10601.9033203125
v 152.57342529296875 1251.9442138671875 -10707.2314453125
v 1952.2275390625 1251.9442138671875 -10722.9375
v 3698.275634765625 9.57730770111084 -11539.2001953125
v 3705.256591796875 9.57728385925293 -10739.2314453125
v 3675.2578125 9.577287673950195 -10738.9697265625
v 3668.27685546875 9.577311515808105 -11538.9384765625
v 3698.275634765625 309.6488342285156 -11539.2001953125
v 3705.2568359375 309.6488037109375 -10739.2314453125
v 3675.2578125 309.6488342285156 -10738.9697265625
v 3668.27685546875 309.6488342285156 -11538.9384765625
v 3692.18017578125 9.577277183532715 -12339.513671875
v 3699.1611328125 9.57734489440918 -11539.5439453125
v 3669.41796875 9.577341079711914 -11539.28515625
v 3662.43701171875 9.57727336883545 -12339.25390625
v 3692.179931640625 309.5950927734375 -12339.513671875
v 3699.160888671875 309.59515380859375 -11539.5439453125
v 3669.41796875 309.59515380859375 -11539.28515625
v 3662.43701171875 309.5950927734375 -12339.2548828125
v 2880.64892578125 9.577302932739258 -12858.2802734375
v 3680.62060546875 9.57729434967041 -12865.26171875
v 3681.49609375 9.577326774597168 -12764.9375
v 2881.5244140625 9.577335357666016 -12757.9560546875
v 2880.64892578125 309.5773010253906 -12858.2802734375
v 3680.62060546875 309.5773010253906 -12865.26171875
v 3681.49609375 309.57733154296875 -12764.9375
v 2881.5244140625 309.57733154296875 -12757.9560546875
v 2904.911865234375 9.57720947265625 -10728.62109375
v 2104.9423828125 9.5772066116333 -10721.6396484375
v 2098.853271484375 9.577332496643066 -11419.392578125
v 2898.82275390625 9.577335357666016 -11426.373046875
v 2904.911865234375 309.57720947265625 -10728.62109375
v 2104.9423828125 309.57720947265625 -10721.6396484375
v 2098.853271484375 309.57733154296875 -11419.392578125
v 2898.82275390625 309.57733154296875 -11426.373046875
v 1279.629638671875 9.577120780944824 -12844.099609375
v 2079.59912109375 9.577113151550293 -12851.0810546875
v 2085.686279296875 9.577296257019043 -12153.548828125
v 1285.716796875 9.577303886413574 -12146.5673828125
v 1279.629638671875 309.5771179199219 -12844.099609375
v 2079.59912109375 309.5771179199219 -12851.0810546875
v 2085.686279296875 309.5773010253906 -12153.548828125
v 1285.716796875 309.5773010253906 -12146.5673828125
v 175.01254272460938 9.577102661132812 -12834.37890625
v 974.9820556640625 9.577095031738281 -12841.359375
v 975.8576049804688 9.57712173461914 -12741.03515625
v 175.88804626464844 9.577129364013672 -12734.0546875
v 175.01254272460938 309.5771179199219 -12834.37890625
v 974.9820556640625 309.57708740234375 -12841.3603515625
v 975.8576049804688 309.5771179199219 -12741.03515625
v 175.88804626464844 309.5771179199219 -12734.0546875
v 210.1383819580078 9.577475547790527 -10705.4833984375
v 196.17674255371094 9.57746410369873 -11505.3623046875
v 225.91635131835938 9.577461242675781 -11505.880859375
v 239.87799072265625 9.577472686767578 -10706.0029296875
v 210.13841247558594 309.5953063964844 -10705.4833984375
v 196.17678833007812 309.59527587890625 -11505.3623046875
v 225.91639709472656 309.59527587890625 -11505.880859375
v 239.87802124023438 309.5953063964844 -10706.0029296875
v 2107.10693359375 9.577305793762207 -10719.7998046875
v 1307.1373291015625 9.57729434967041 -10712.818359375
v 1301.0501708984375 9.577513694763184 -11410.3505859375
v 2101.019775390625 9.57752513885498 -11417.3310546875
v 2107.10693359375 309.5773010253906 -10719.7998046875
v 1307.1373291015625 309.5773010253906 -10712.818359375
v 1301.0501708984375 309.5775146484375 -11410.3505859375
v 2101.019775390625 309.5775146484375 -11417.3310546875
v 1013.2456665039062 9.57747745513916 -10710.2294921875
v 213.27420043945312 9.57746696472168 -10703.248046875
v 212.39869689941406 9.57750415802002 -10803.572265625
v 1012.3701782226562 9.577515602111816 -10810.5537109375
v 1013.2456665039062 309.5774841308594 -10710.2294921875
v 213.27420043945312 309.57745361328125 -10703.248046875
v 212.39869689941406 309.5775146484375 -10803.572265625
v 1012.3701782226562 309.5775146484375 -10810.5537109375
v 185.37246704101562 9.577225685119629 -12032.2333984375
v 171.4107208251953 9.577260971069336 -12832.1142578125
v 271.72357177734375 9.577277183532715 -12833.865234375
v 285.6853332519531 9.577241897583008 -12033.984375
v 185.3724365234375 309.5772399902344 -12032.2333984375
v 171.4106903076172 309.5772705078125 -12832.1142578125
v 271.7235412597656 309.5772705078125 -12833.865234375
v 285.6852722167969 309.5772399902344 -12033.984375
v 3806.760498046875 1176.28662109375 -10732.8955078125
v 3701.686279296875 1176.28662109375 -10731.978515625
v 3692.371826171875 1176.2867431640625 -11799.3046875
v 3797.446044921875 1176.2867431640625 -11800.2216796875
v 3806.760498046875 2053.25146484375 -10732.8955078125
v 3701.686279296875 2053.25146484375 -10731.978515625
v 3692.371826171875 2053.251708984375 -11799.3046875
v 3797.446044921875 2053.251708984375 -11800.2216796875
v 2863.2314453125 9.57763671875 -12867.9345703125
v 2893.202880859375 9.57763671875 -12869.2431640625
v 2893.99658203125 9.57763671875 -12851.0615234375
v 2864.025146484375 9.57763671875 -12849.7529296875
v 2863.2314453125 319.57763671875 -12867.9345703125
v 2893.202880859375 319.57763671875 -12869.2431640625
v 2893.99658203125 319.57763671875 -12851.0615234375
v 2864.025146484375 319.57763671875 -12849.7529296875
v 2062.7548828125 9.57763671875 -12861.9892578125
v 2092.726318359375 9.57763671875 -12863.2978515625
v 2093.52001953125 9.57763671875 -12845.1162109375
v 2063.548583984375 9.57763671875 -12843.8076171875
v 2062.7548828125 319.57763671875 -12861.9892578125
v 2092.726318359375 319.57763671875 -12863.2978515625
v 2093.52001953125 319.57763671875 -12845.1162109375
v 2063.548583984375 319.57763671875 -12843.8076171875
v 960.3446655273438 9.57763671875 -12851.2744140625
v 990.3161010742188 9.57763671875 -12852.5830078125
v 991.1099243164062 9.57763671875 -12834.4013671875
v 961.1384887695312 9.57763671875 -12833.0927734375
v 960.3446655273438 319.57763671875 -12851.2744140625
v 990.3161010742188 319.57763671875 -12852.5830078125
v 991.1099243164062 319.57763671875 -12834.4013671875
v 961.1384887695312 319.57763671875 -12833.0927734375
v 174.51382446289062 9.57763671875 -12013.8662109375
v 173.728515625 9.57763671875 -12043.8564453125
v 191.92149353027344 9.57763671875 -12044.3330078125
v 192.70680236816406 9.57763671875 -12014.3427734375
v 174.51382446289062 319.57763671875 -12013.8662109375
v 173.728515625 319.57763671875 -12043.8564453125
v 191.92149353027344 319.57763671875 -12044.3330078125
v 192.70680236816406 319.57763671875 -12014.3427734375
v 185.20132446289062 9.57763671875 -11491.5458984375
v 184.416015625 9.57763671875 -11521.5361328125
v 202.60899353027344 9.57763671875 -11522.0126953125
v 203.39430236816406 9.57763671875 -11492.0224609375
v 185.20132446289062 319.57763671875 -11491.5458984375
v 184.416015625 319.57763671875 -11521.5361328125
v 202.60899353027344 319.57763671875 -11522.0126953125
v 203.39430236816406 319.57763671875 -11492.0224609375
v 1028.6690673828125 9.57763671875 -10696.81640625
v 998.6702270507812 9.57763671875 -10696.5546875
v 998.5114135742188 9.57763671875 -10714.7529296875
v 1028.51025390625 9.57763671875 -10715.0146484375
v 1028.6690673828125 319.57763671875 -10696.81640625
v 998.6702270507812 319.57763671875 -10696.5546875
v 998.5114135742188 319.57763671875 -10714.7529296875
v 1028.51025390625 319.57763671875 -10715.0146484375
v 1320.6300048828125 9.57763671875 -10700.6796875
v 1290.6312255859375 9.57763671875 -10700.41796875
v 1290.472412109375 9.57763671875 -10718.6162109375
v 1320.47119140625 9.57763671875 -10718.8779296875
v 1320.6300048828125 319.57763671875 -10700.6796875
v 1290.6312255859375 319.57763671875 -10700.41796875
v 1290.472412109375 319.57763671875 -10718.6162109375
v 1320.47119140625 319.57763671875 -10718.8779296875
v 2122.395751953125 9.57763671875 -10707.2841796875
v 2092.396728515625 9.57763671875 -10707.0224609375
v 2092.238037109375 9.57763671875 -10725.220703125
v 2122.23681640625 9.57763671875 -10725.482421875
v 2122.395751953125 319.57763671875 -10707.2841796875
v 2092.396728515625 319.57763671875 -10707.0224609375
v 2092.238037109375 319.57763671875 -10725.220703125
v 2122.23681640625 319.57763671875 -10725.482421875
v 2921.268798828125 9.57763671875 -10715.59375
v 2891.269775390625 9.57763671875 -10715.33203125
v 2891.111083984375 9.57763671875 -10733.5302734375
v 2921.10986328125 9.57763671875 -10733.7919921875
v 2921.268798828125 319.57763671875 -10715.59375
v 2891.269775390625 319.57763671875 -10715.33203125
v 2891.111083984375 319.57763671875 -10733.5302734375
v 2921.10986328125 319.57763671875 -10733.7919921875
v 3709.67431640625 9.57763671875 -11553.451171875
v 3710.721435546875 9.57763671875 -11523.4697265625
v 3692.533203125 9.57763671875 -11522.833984375
v 3691.486083984375 9.57763671875 -11552.81640625
v 3709.67431640625 319.57763671875 -11553.451171875
v 3710.721435546875 319.57763671875 -11523.4697265625
v 3692.533203125 319.57763671875 -11522.833984375
v 3691.486083984375 319.57763671875 -11552.81640625
v 3700.94384765625 9.57763671875 -12357.00390625
v 3701.990966796875 9.57763671875 -12327.0224609375
v 3683.802734375 9.57763671875 -12326.38671875
v 3682.755615234375 9.57763671875 -12356.369140625
v 3700.94384765625 319.57763671875 -12357.00390625
v 3701.990966796875 319.57763671875 -12327.0224609375
v 3683.802734375 319.57763671875 -12326.38671875
v 3682.755615234375 319.57763671875 -12356.369140625
v 154.10525512695312 9.57763671875 -12849.767578125
v 184.10411071777344 9.57763671875 -12850.029296875
v 184.3677978515625 9.57763671875 -12819.8134765625
v 154.3689422607422 9.57763671875 -12819.5517578125
v 154.10525512695312 319.57763671875 -12849.767578125
v 184.10411071777344 319.57763671875 -12850.029296875
v 184.3677978515625 319.57763671875 -12819.8134765625
v 154.3689422607422 319.57763671875 -12819.5517578125
v 196.19020080566406 9.57763671875 -10684.546875
v 195.66664123535156 9.57763671875 -10714.5419921875
v 225.8788299560547 9.57763671875 -10715.0693359375
v 226.40240478515625 9.57763671875 -10685.07421875
v 196.19020080566406 319.57763671875 -10684.546875
v 195.66664123535156 319.57763671875 -10714.5419921875
v 225.8788299560547 319.57763671875 -10715.0693359375
v 226.40240478515625 319.57763671875 -10685.07421875
v 3691.467529296875 9.57763671875 -10718.078125
v 3690.944091796875 9.57763671875 -10748.0732421875
v 3721.15625 9.57763671875 -10748.6005859375
v 3721.6796875 9.57763671875 -10718.60546875
v 3691.467529296875 319.57763671875 -10718.078125
v 3690.944091796875 319.57763671875 -10748.0732421875
v 3721.15625 319.57763671875 -10748.6005859375
v 3721.6796875 319.57763671875 -10718.60546875
v 1262.4031982421875 9.57763671875 -12853.8642578125
v 1292.374755859375 9.57763671875 -12855.1728515625
v 1293.1685791015625 9.57763671875 -12836.9912109375
v 1263.1971435546875 9.57763671875 -12835.6826171875
v 1262.4031982421875 319.57763671875 -12853.8642578125
v 1292.374755859375 319.57763671875 -12855.1728515625
v 1293.1685791015625 319.57763671875 -12836.9912109375
v 1263.1971435546875 319.57763671875 -12835.6826171875
v 2077.08251953125 9.577540397644043 -12851.89453125
v 2877.052001953125 9.577539443969727 -12858.8759765625
v 2877.3115234375 9.577533721923828 -12829.1328125
v 2077.342041015625 9.577534675598145 -12822.1513671875
v 2077.08251953125 309.5953674316406 -12851.89453125
v 2877.052001953125 309.5953674316406 -12858.8759765625
v 2877.3115234375 309.5953674316406 -12829.1328125
v 2077.342041015625 309.5953674316406 -12822.1513671875
v 3694.998046875 9.57763671875 -12882.6083984375
v 3695.783447265625 9.57763671875 -12852.6181640625
v 3665.576904296875 9.57763671875 -12851.8271484375
v 3664.791748046875 9.57763671875 -12881.8173828125
v 3694.998046875 319.57763671875 -12882.6083984375
v 3695.783447265625 319.57763671875 -12852.6181640625
v 3665.576904296875 319.57763671875 -12851.8271484375
v 3664.791748046875 319.57763671875 -12881.8173828125
v 3706.37451171875 9.577269554138184 -10735.712890625
v 2906.403076171875 9.577258110046387 -10728.7314453125
v 2905.527587890625 9.577289581298828 -10829.0556640625
v 3705.4990234375 9.577301025390625 -10836.037109375
v 3706.37451171875 309.5772705078125 -10735.712890625
v 2906.403076171875 309.5772705078125 -10728.7314453125
v 2905.527587890625 309.5773010253906 -10829.0556640625
v 3705.4990234375 309.5773010253906 -10836.037109375
v 11520.576171875 9.285916328430176 -10142.0087890625
v 11326.6962890625 9.285916328430176 -10143.7001953125
v 11327.013671875 9.286003112792969 -10180.029296875
v 11520.8935546875 9.286003112792969 -10178.3369140625
v 11520.576171875 740.582763671875 -10142.0068359375
v 11326.6962890625 740.582763671875 -10143.6982421875
v 11327.013671875 740.5828857421875 -10180.02734375
v 11520.8935546875 740.5828857421875 -10178.3349609375
v 9041.6025390625 9.285916328430176 -9881.0009765625
v 9039.91015625 9.285916328430176 -10074.8798828125
v 9076.2392578125 9.286003112792969 -10075.197265625
v 9077.9306640625 9.286003112792969 -9881.3173828125
v 9041.6005859375 740.582763671875 -9881.0009765625
v 9039.9091796875 740.582763671875 -10074.8798828125
v 9076.2373046875 740.5828857421875 -10075.197265625
v 9077.9296875 740.5828857421875 -9881.3173828125
v 11413.466796875 9.285916328430176 -12761.5087890625
v 11219.5869140625 9.285916328430176 -12763.2001953125
v 11219.904296875 9.286003112792969 -12799.529296875
v 11413.7841796875 9.286003112792969 -12797.8369140625
v 11413.466796875 740.582763671875 -12761.5068359375
v 11219.5869140625 740.582763671875 -12763.1982421875
v 11219.904296875 740.5828857421875 -12799.52734375
v 11413.7841796875 740.5828857421875 -12797.8349609375
v 11264.126953125 4.26904296875 -13163.0927734375
v 11226.2333984375 4.26904296875 -13161.107421875
v 11223.8759765625 4.26904296875 -13206.0771484375
v 11261.76953125 4.26904296875 -13208.0625
v 11264.126953125 298.56689453125 -13163.0927734375
v 11226.2333984375 298.56689453125 -13161.107421875
v 11223.8759765625 298.56689453125 -13206.0771484375
v 11261.76953125 298.56689453125 -13208.0625
v 10418.416015625 4.790283203125 -13204.07421875
v 10424.8662109375 4.790283203125 -13130.35546875
v 10420.32421875 4.790283203125 -13129.958984375
v 10413.875 4.790283203125 -13203.6767578125
v 10418.416015625 251.420166015625 -13204.07421875
v 10424.8662109375 251.420166015625 -13130.35546875
v 10420.32421875 251.420166015625 -13129.958984375
v 10413.875 251.420166015625 -13203.6767578125
v 11264.126953125 4.26904296875 -13163.0927734375
v 11226.2333984375 4.26904296875 -13161.107421875
v 11223.8759765625 4.26904296875 -13206.0771484375
v 11261.76953125 4.26904296875 -13208.0625
v 11264.126953125 298.56689453125 -13163.0927734375
v 11226.2333984375 298.56689453125 -13161.107421875
v 11223.8759765625 298.56689453125 -13206.0771484375
v 11261.76953125 298.56689453125 -13208.0625
v 10392.0283203125 9.285916328430176 -13314.234375
v 10395.412109375 9.285916328430176 -13120.376953125
v 10359.0869140625 9.286003112792969 -13119.7431640625
v 10355.703125 9.286003112792969 -13313.599609375
v 10392.0302734375 740.582763671875 -13314.234375
v 10395.4140625 740.582763671875 -13120.376953125
v 10359.0888671875 740.5828857421875 -13119.7431640625
v 10355.705078125 740.5828857421875 -13313.599609375
v 6720.2138671875 9.285916328430176 -13153.98828125
v 6745.52099609375 9.285916328430176 -12961.7607421875
v 6709.501953125 9.286003112792969 -12957.0185546875
v 6684.19482421875 9.286003112792969 -13149.24609375
v 6720.2158203125 740.582763671875 -13153.98828125
v 6745.52294921875 740.582763671875 -12961.7607421875
v 6709.50341796875 740.5828857421875 -12957.0185546875
v 6684.1962890625 740.5828857421875 -13149.24609375
v 6217.2275390625 9.285916328430176 -10859.076171875
v 6410.8486328125 9.285916328430176 -10848.9296875
v 6408.947265625 9.286003112792969 -10812.6494140625
v 6215.326171875 9.286003112792969 -10822.7958984375
v 6217.2275390625 740.582763671875 -10859.078125
v 6410.8486328125 740.582763671875 -10848.9306640625
v 6408.947265625 740.5828857421875 -10812.650390625
v 6215.326171875 740.5828857421875 -10822.7978515625
v 6378.9150390625 4.790283203125 -10025.9716796875
v 6304.9599609375 4.790283203125 -10028.5537109375
v 6305.119140625 4.790283203125 -10033.109375
v 6379.07421875 4.790283203125 -10030.52734375
v 6378.9150390625 251.420166015625 -10025.9716796875
v 6304.9599609375 251.420166015625 -10028.5537109375
v 6305.119140625 251.420166015625 -10033.109375
v 6379.07421875 251.420166015625 -10030.52734375
v 884.3045043945312 9.085205078125 -2640.767333984375
v 858.7252807617188 9.085205078125 -2625.09228515625
v 849.2162475585938 9.085205078125 -2640.609619140625
v 874.7954711914062 9.085205078125 -2656.28466796875
v 884.3045043945312 319.085205078125 -2640.767333984375
v 858.7252807617188 319.085205078125 -2625.09228515625
v 849.2162475585938 319.085205078125 -2640.609619140625
v 874.7954711914062 319.085205078125 -2656.28466796875
v -936.42041015625 9.085205078125 -2499.306640625
v -952.0953369140625 9.085205078125 -2524.885986328125
v -936.5780029296875 9.085205078125 -2534.39501953125
v -920.9030151367188 9.085205078125 -2508.815673828125
v -936.42041015625 319.085205078125 -2499.306640625
v -952.0953369140625 319.085205078125 -2524.885986328125
v -936.5780029296875 319.085205078125 -2534.39501953125
v -920.9030151367188 319.085205078125 -2508.815673828125
v -515.0883178710938 9.085205078125 -1796.510498046875
v -530.7632446289062 9.085205078125 -1822.0897216796875
v -504.9991760253906 9.085205078125 -1837.8779296875
v -489.3242492675781 9.085205078125 -1812.2987060546875
v -515.0883178710938 319.085205078125 -1796.510498046875
v -530.7632446289062 319.085205078125 -1822.0897216796875
v -504.9991760253906 319.085205078125 -1837.8779296875
v -489.3242492675781 319.085205078125 -1812.2987060546875
v 201.22052001953125 9.085205078125 -2230.706787109375
v 175.64132690429688 9.085205078125 -2215.03173828125
v 166.1322479248047 9.085205078125 -2230.549072265625
v 191.71145629882812 9.085205078125 -2246.22412109375
v 201.22052001953125 319.085205078125 -2230.706787109375
v 175.64132690429688 319.085205078125 -2215.03173828125
v 166.1322479248047 319.085205078125 -2230.549072265625
v 191.71145629882812 319.085205078125 -2246.22412109375
v -522.1602172851562 9.0847749710083 -1825.4180908203125
v -934.19189453125 9.084835052490234 -2511.153564453125
v -848.1939086914062 9.084884643554688 -2562.826171875
v -436.1622314453125 9.084824562072754 -1877.0909423828125
v -522.1603393554688 309.08477783203125 -1825.4180908203125
v -934.1920166015625 309.0848388671875 -2511.1533203125
v -848.1940307617188 309.0848693847656 -2562.826171875
v -436.1623840332031 309.0848388671875 -1877.0908203125
v 186.2401580810547 9.084697723388672 -2230.2578125
v -499.4937744140625 9.084566116333008 -1818.2274169921875
v -551.1666259765625 9.084583282470703 -1904.2254638671875
v 134.5673370361328 9.084715843200684 -2316.255615234375
v 186.24021911621094 309.0846862792969 -2230.257568359375
v -499.49371337890625 309.0845642089844 -1818.2274169921875
v -551.1665649414062 309.0845947265625 -1904.225341796875
v 134.5673828125 309.084716796875 -2316.255615234375
v 1547.0904541015625 9.084949493408203 -3048.759521484375
v 861.356689453125 9.084818840026855 -2636.72900390625
v 846.037353515625 9.084814071655273 -2662.224609375
v 1531.7711181640625 9.084945678710938 -3074.255126953125
v 1547.0904541015625 309.102783203125 -3048.759765625
v 861.3566284179688 309.1026306152344 -2636.729248046875
v 846.0372924804688 309.1026306152344 -2662.224853515625
v 1531.7711181640625 309.1027526855469 -3074.25537109375
v -1342.81103515625 9.085205078125 -3180.357421875
v -1358.4859619140625 9.085205078125 -3205.936767578125
v -1342.9686279296875 9.085205078125 -3215.44580078125
v -1327.293701171875 9.085205078125 -3189.866455078125
v -1342.81103515625 319.085205078125 -3180.357421875
v -1358.4859619140625 319.085205078125 -3205.936767578125
v -1342.9686279296875 319.085205078125 -3215.44580078125
v -1327.293701171875 319.085205078125 -3189.866455078125
v 1564.9686279296875 9.085205078125 -3048.812255859375
v 1539.389404296875 9.085205078125 -3033.13720703125
v 1529.8802490234375 9.085205078125 -3048.654541015625
v 1555.45947265625 9.085205078125 -3064.32958984375
v 1564.9686279296875 319.085205078125 -3048.812255859375
v 1539.389404296875 319.085205078125 -3033.13720703125
v 1529.8802490234375 319.085205078125 -3048.654541015625
v 1555.45947265625 319.085205078125 -3064.32958984375
v 1718.8314208984375 9.084967613220215 -5030.6982421875
v 2130.862060546875 9.084919929504395 -4344.96435546875
v 2105.14697265625 9.08492374420166 -4329.51318359375
v 1693.116455078125 9.08497142791748 -5015.2470703125
v 1718.83154296875 309.15625 -5030.6982421875
v 2130.862060546875 309.1562194824219 -4344.96435546875
v 2105.14697265625 309.1562194824219 -4329.51318359375
v 1693.116455078125 309.15625 -5015.2470703125
v 2234.678466796875 9.084495544433594 -3459.9208984375
v 1548.9427490234375 9.084562301635742 -3047.8896484375
v 1497.27001953125 9.084577560424805 -3133.8876953125
v 2183.005615234375 9.084510803222656 -3545.9189453125
v 2234.678466796875 309.0845031738281 -3459.9208984375
v 1548.94287109375 309.0845642089844 -3047.8896484375
v 1497.27001953125 309.0845642089844 -3133.8876953125
v 2183.005615234375 309.0845031738281 -3545.9189453125
v 2251.255615234375 9.085205078125 -3461.175537109375
v 2225.676513671875 9.085205078125 -3445.50048828125
v 2216.16748046875 9.085205078125 -3461.017822265625
v 2241.74658203125 9.085205078125 -3476.69287109375
v 2251.255615234375 319.085205078125 -3461.175537109375
v 2225.676513671875 319.085205078125 -3445.50048828125
v 2216.16748046875 319.085205078125 -3461.017822265625
v 2241.74658203125 319.085205078125 -3476.69287109375
v 2133.58447265625 9.085205078125 -4363.4990234375
v 2149.259521484375 9.085205078125 -4337.919921875
v 2133.741943359375 9.085205078125 -4328.41064453125
v 2118.067138671875 9.085205078125 -4353.98974609375
v 2133.58447265625 319.085205078125 -4363.4990234375
v 2149.259521484375 319.085205078125 -4337.919921875
v 2133.741943359375 319.085205078125 -4328.41064453125
v 2118.067138671875 319.085205078125 -4353.98974609375
v 2566.900390625 9.085205078125 -3648.6552734375
v 2541.185546875 9.085205078125 -3633.2041015625
v 2525.62255859375 9.085205078125 -3659.10498046875
v 2551.337646484375 9.085205078125 -3674.55615234375
v 2566.900390625 319.085205078125 -3648.6552734375
v 2541.185546875 319.085205078125 -3633.2041015625
v 2525.62255859375 319.085205078125 -3659.10498046875
v 2551.337646484375 319.085205078125 -3674.55615234375
v 1722.15087890625 9.085205078125 -5048.771484375
v 1737.8258056640625 9.085205078125 -5023.1923828125
v 1722.3084716796875 9.085205078125 -5013.68310546875
v 1706.633544921875 9.085205078125 -5039.26220703125
v 1722.15087890625 319.085205078125 -5048.771484375
v 1737.8258056640625 319.085205078125 -5023.1923828125
v 1722.3084716796875 319.085205078125 -5013.68310546875
v 1706.633544921875 319.085205078125 -5039.26220703125
v 895.5718994140625 9.084821701049805 -6397.53271484375
v 1307.6024169921875 9.084774017333984 -5711.798828125
v 1221.6043701171875 9.08478832244873 -5660.1259765625
v 809.5738525390625 9.08483600616455 -6345.85986328125
v 895.5718994140625 309.0848083496094 -6397.53271484375
v 1307.6024169921875 309.08477783203125 -5711.798828125
v 1221.6044921875 309.08477783203125 -5660.1259765625
v 809.5739135742188 309.0848388671875 -6345.85986328125
v 1309.22509765625 9.085205078125 -5731.6337890625
v 1324.9000244140625 9.085205078125 -5706.0546875
v 1309.3826904296875 9.085205078125 -5696.54541015625
v 1293.707763671875 9.085205078125 -5722.12451171875
v 1309.22509765625 319.085205078125 -5731.6337890625
v 1324.9000244140625 319.085205078125 -5706.0546875
v 1309.3826904296875 319.085205078125 -5696.54541015625
v 1293.707763671875 319.085205078125 -5722.12451171875
v 716.1430053710938 9.085205078125 -6732.2490234375
v 731.8179321289062 9.085205078125 -6706.669921875
v 706.0538940429688 9.085205078125 -6690.8818359375
v 690.37890625 9.085205078125 -6716.4609375
v 716.1430053710938 319.085205078125 -6732.2490234375
v 731.8179321289062 319.085205078125 -6706.669921875
v 706.0538940429688 319.085205078125 -6690.8818359375
v 690.37890625 319.085205078125 -6716.4609375
v 381.78729248046875 9.085205078125 -6526.84033203125
v 407.3664855957031 9.085205078125 -6542.51513671875
v 416.87554931640625 9.085205078125 -6526.99755859375
v 391.2963562011719 9.085205078125 -6511.32275390625
v 381.78729248046875 319.085205078125 -6526.84033203125
v 407.3664855957031 319.085205078125 -6542.51513671875
v 416.87554931640625 319.085205078125 -6526.99755859375
v 391.2963562011719 319.085205078125 -6511.32275390625
v 898.74072265625 9.085205078125 -6415.525390625
v 914.4156494140625 9.085205078125 -6389.9462890625
v 898.8983154296875 9.085205078125 -6380.43701171875
v 883.2233276367188 9.085205078125 -6406.01611328125
v 898.74072265625 319.085205078125 -6415.525390625
v 914.4156494140625 319.085205078125 -6389.9462890625
v 898.8983154296875 319.085205078125 -6380.43701171875
v 883.2233276367188 319.085205078125 -6406.01611328125
v -289.88104248046875 9.084683418273926 -6117.44677734375
v 395.8545227050781 9.08466911315918 -6529.47802734375
v 447.52728271484375 9.084688186645508 -6443.48046875
v -238.20826721191406 9.084702491760254 -6031.44873046875
v -289.8810729980469 309.0846862792969 -6117.44677734375
v 395.8544921875 309.08465576171875 -6529.478515625
v 447.5272521972656 309.0846862792969 -6443.48046875
v -238.20831298828125 309.084716796875 -6031.44873046875
v -1342.2235107421875 9.08434772491455 -3196.224853515625
v -1754.254150390625 9.084407806396484 -3881.95849609375
v -1728.5391845703125 9.08442211151123 -3897.40966796875
v -1316.508544921875 9.084362983703613 -3211.676025390625
v -1342.2236328125 309.1558837890625 -3196.224853515625
v -1754.2542724609375 309.15594482421875 -3881.95849609375
v -1728.539306640625 309.15594482421875 -3897.40966796875
v -1316.5086669921875 309.1558837890625 -3211.676025390625
v -1751.841064453125 9.084641456604004 -3881.821044921875
v -2163.871826171875 9.084714889526367 -4567.5546875
v -2138.376220703125 9.08470630645752 -4582.8740234375
v -1726.345458984375 9.084632873535156 -3897.140380859375
v -1751.841064453125 309.10247802734375 -3881.821044921875
v -2163.871826171875 309.1025390625 -4567.5546875
v -2138.3759765625 309.1025390625 -4582.8740234375
v -1726.3453369140625 309.1024475097656 -3897.140625
v -992.1211547851562 9.085205078125 -5701.09814453125
v -966.4061279296875 9.085205078125 -5716.54931640625
v -957.0328369140625 9.085205078125 -5700.94921875
v -982.7478637695312 9.085205078125 -5685.49853515625
v -992.1211547851562 319.085205078125 -5701.09814453125
v -966.4061279296875 319.085205078125 -5716.54931640625
v -957.0328369140625 319.085205078125 -5700.94921875
v -982.7478637695312 319.085205078125 -5685.49853515625
v -2342.545166015625 9.084648132324219 -4884.09130859375
v -1656.8095703125 9.084633827209473 -5296.12255859375
v -1605.13671875 9.0846586227417 -5210.12451171875
v -2290.872314453125 9.084672927856445 -4798.09326171875
v -2342.545166015625 309.08465576171875 -4884.09130859375
v -1656.8095703125 309.0846252441406 -5296.12255859375
v -1605.1368408203125 309.08465576171875 -5210.125
v -2290.872314453125 309.0846862792969 -4798.09326171875
v -976.4761962890625 9.084697723388672 -5704.25048828125
v -290.7423095703125 9.084684371948242 -6116.28076171875
v -239.06954956054688 9.084702491760254 -6030.28271484375
v -924.8034057617188 9.084716796875 -5618.25244140625
v -976.4762573242188 309.0846862792969 -5704.25048828125
v -290.74237060546875 309.0846862792969 -6116.28076171875
v -239.069580078125 309.084716796875 -6030.28271484375
v -924.803466796875 309.084716796875 -5618.25244140625
v -1661.308349609375 9.08466911315918 -5293.556640625
v -975.5744018554688 9.084654808044434 -5705.5869140625
v -960.123291015625 9.084660530090332 -5679.87158203125
v -1645.857177734375 9.084674835205078 -5267.84130859375
v -1661.308349609375 309.15618896484375 -5293.556640625
v -975.574462890625 309.15618896484375 -5705.5869140625
v -960.1233520507812 309.15618896484375 -5679.87158203125
v -1645.857177734375 309.1562194824219 -5267.84130859375
v -2160.03759765625 9.085205078125 -4550.337890625
v -2175.712646484375 9.085205078125 -4575.9169921875
v -2160.195068359375 9.085205078125 -4585.42626953125
v -2144.520263671875 9.085205078125 -4559.84716796875
v -2160.03759765625 319.085205078125 -4550.337890625
v -2175.712646484375 319.085205078125 -4575.9169921875
v -2160.195068359375 319.085205078125 -4585.42626953125
v -2144.520263671875 319.085205078125 -4559.84716796875
v -1750.42041015625 9.085205078125 -3865.310546875
v -1766.0953369140625 9.085205078125 -3890.889892578125
v -1750.5780029296875 9.085205078125 -3900.39892578125
v -1734.903076171875 9.085205078125 -3874.819580078125
v -1750.42041015625 319.085205078125 -3865.310546875
v -1766.0953369140625 319.085205078125 -3890.889892578125
v -1750.5780029296875 319.085205078125 -3900.39892578125
v -1734.903076171875 319.085205078125 -3874.819580078125
v -1675.8436279296875 9.085205078125 -5288.03955078125
v -1650.264404296875 9.085205078125 -5303.71435546875
v -1640.7552490234375 9.085205078125 -5288.19677734375
v -1666.33447265625 9.085205078125 -5272.52197265625
v -1675.8436279296875 319.085205078125 -5288.03955078125
v -1650.264404296875 319.085205078125 -5303.71435546875
v -1640.7552490234375 319.085205078125 -5288.19677734375
v -1666.33447265625 319.085205078125 -5272.52197265625
v -304.03106689453125 9.085205078125 -6114.19580078125
v -278.4518737792969 9.085205078125 -6129.87060546875
v -268.94281005859375 9.085205078125 -6114.35302734375
v -294.5220031738281 9.085205078125 -6098.67822265625
v -304.03106689453125 319.085205078125 -6114.19580078125
v -278.4518737792969 319.085205078125 -6129.87060546875
v -268.94281005859375 319.085205078125 -6114.35302734375
v -294.5220031738281 319.085205078125 -6098.67822265625
v -2369.773681640625 9.085205078125 -4878.2392578125
v -2344.1943359375 9.085205078125 -4893.91455078125
v -2328.40625 9.085205078125 -4868.150390625
v -2353.9853515625 9.085205078125 -4852.4755859375
v -2369.773681640625 319.085205078125 -4878.2392578125
v -2344.1943359375 319.085205078125 -4893.91455078125
v -2328.40625 319.085205078125 -4868.150390625
v -2353.9853515625 319.085205078125 -4852.4755859375
v 9976.0673828125 9.57763671875 -11621.4453125
v 9997.46484375 9.57763671875 -11600.41796875
v 9976.2861328125 9.57763671875 -11578.8662109375
v 9954.888671875 9.57763671875 -11599.8935546875
v 9976.0673828125 319.57763671875 -11621.4453125
v 9997.46484375 319.57763671875 -11600.41796875
v 9976.2861328125 319.57763671875 -11578.8662109375
v 9954.888671875 319.57763671875 -11599.8935546875
v -13910.578125 1049.8460693359375 -339.7078857421875
v -13882.6513671875 1049.8460693359375 -1139.431396484375
v -13082.3623046875 1049.8460693359375 -1111.48486328125
v -13110.2890625 1049.8460693359375 -311.7613220214844
v -13910.578125 1769.8671875 -339.7078857421875
v -13882.6513671875 1769.8671875 -1139.431396484375
v -13082.3623046875 1769.8671875 -1111.48486328125
v -13110.2890625 1769.8671875 -311.7613220214844
v -11522.392578125 935.3976440429688 -168.18280029296875
v -13121.41796875 935.3976440429688 -224.0220184326172
v -13112.884765625 935.3976440429688 -468.3779602050781
v -11513.859375 935.3976440429688 -412.5387268066406
v -11522.392578125 1077.643310546875 -168.18280029296875
v -13121.41796875 1077.643310546875 -224.0220184326172
v -13112.884765625 1077.643310546875 -468.3779602050781
v -11513.859375 1077.643310546875 -412.5387268066406
v -10720.9091796875 1049.8460693359375 -229.1632537841797
v -11520.6328125 1049.8460693359375 -257.0902099609375
v -11492.685546875 1049.8460693359375 -1057.3797607421875
v -10692.9619140625 1049.8460693359375 -1029.4527587890625
v -10720.9091796875 1769.8671875 -229.1632537841797
v -11520.6328125 1769.8671875 -257.0902099609375
v -11492.685546875 1769.8671875 -1057.3797607421875
v -10692.9619140625 1769.8671875 -1029.4527587890625
v -13029.583984375 935.3976440429688 -2817.695068359375
v -11430.55859375 935.3976440429688 -2761.85595703125
v -11439.091796875 935.3976440429688 -2517.5
v -13038.1171875 935.3976440429688 -2573.339111328125
v -13029.583984375 1077.643310546875 -2817.695068359375
v -11430.55859375 1077.643310546875 -2761.85595703125
v -11439.091796875 1077.643310546875 -2517.5
v -13038.1171875 1077.643310546875 -2573.339111328125
v -13827.0732421875 1049.8460693359375 -2739.418701171875
v -13027.349609375 1049.8460693359375 -2711.49169921875
v -13055.296875 1049.8460693359375 -1911.2022705078125
v -13855.0205078125 1049.8460693359375 -1939.1292724609375
v -13827.0732421875 1769.8671875 -2739.418701171875
v -13027.349609375 1769.8671875 -2711.49169921875
v -13055.296875 1769.8671875 -1911.2022705078125
v -13855.0205078125 1769.8671875 -1939.1292724609375
v -10637.41015625 1049.8460693359375 -2628.87060546875
v -10665.3369140625 1049.8460693359375 -1829.1470947265625
v -11465.6259765625 1049.8460693359375 -1857.09375
v -11437.69921875 1049.8460693359375 -2656.817138671875
v -10637.41015625 1769.8671875 -2628.87060546875
v -10665.3369140625 1769.8671875 -1829.1470947265625
v -11465.6259765625 1769.8671875 -1857.09375
v -11437.69921875 1769.8671875 -2656.817138671875
v -13034.1806640625 454.7003173828125 -2711.94873046875
v -11435.1396484375 454.7003173828125 -2656.10888671875
v -11435.1396484375 454.7003173828125 -2656.10888671875
v -13034.1806640625 454.7003173828125 -2711.94873046875
v -13034.1806640625 954.7504272460938 -2711.94873046875
v -11435.1396484375 954.7504272460938 -2656.10888671875
v -11435.1396484375 954.7504272460938 -2656.10888671875
v -13034.1806640625 954.7504272460938 -2711.94873046875
v -11519.1025390625 454.7003173828125 -251.67831420898438
v -13118.1435546875 454.7003173828125 -307.51806640625
v -13118.1435546875 454.7003173828125 -307.51806640625
v -11519.1025390625 454.7003173828125 -251.67831420898438
v -11519.1025390625 954.7504272460938 -251.67831420898438
v -13118.1435546875 954.7504272460938 -307.51806640625
v -13118.1435546875 954.7504272460938 -307.51806640625
v -11519.1025390625 954.7504272460938 -251.67831420898438
v 7402.16015625 3297.883544921875 -11596.634765625
v 8854.2109375 3297.883544921875 -13048.685546875
v 10304.927734375 3297.883544921875 -11597.9697265625
v 8852.876953125 3297.883544921875 -10145.9189453125
v 7402.16015625 3412.469970703125 -11596.634765625
v 8854.2109375 3412.469970703125 -13048.685546875
v 10304.927734375 3412.469970703125 -11597.9697265625
v 8852.876953125 3412.469970703125 -10145.9189453125
v 7402.16015625 2795.472900390625 -11596.634765625
v 8854.2109375 2795.472900390625 -13048.685546875
v 10304.927734375 2795.472900390625 -11597.9697265625
v 8852.876953125 2795.472900390625 -10145.9189453125
v 7402.16015625 2910.059326171875 -11596.634765625
v 8854.2109375 2910.059326171875 -13048.685546875
v 10304.927734375 2910.059326171875 -11597.9697265625
v 8852.876953125 2910.059326171875 -10145.9189453125
v 7402.16015625 1778.344482421875 -11596.634765625
v 8854.2109375 1778.344482421875 -13048.685546875
v 10304.927734375 1778.344482421875 -11597.9697265625
v 8852.876953125 1778.344482421875 -10145.9189453125
v 7402.16015625 1892.930908203125 -11596.634765625
v 8854.2109375 1892.930908203125 -13048.685546875
v 10304.927734375 1892.930908203125 -11597.9697265625
v 8852.876953125 1892.930908203125 -10145.9189453125
v 7402.16015625 2280.755126953125 -11596.634765625
v 8854.2109375 2280.755126953125 -13048.685546875
v 10304.927734375 2280.755126953125 -11597.9697265625
v 8852.876953125 2280.755126953125 -10145.9189453125
v 7402.16015625 2395.341552734375 -11596.634765625
v 8854.2109375 2395.341552734375 -13048.685546875
v 10304.927734375 2395.341552734375 -11597.9697265625
v 8852.876953125 2395.341552734375 -10145.9189453125
v 7402.16015625 1267.468505859375 -11596.634765625
v 8854.2109375 1267.468505859375 -13048.685546875
v 10304.927734375 1267.468505859375 -11597.9697265625
v 8852.876953125 1267.468505859375 -10145.9189453125
v 7402.16015625 1382.054931640625 -11596.634765625
v 8854.2109375 1382.054931640625 -13048.685546875
v 10304.927734375 1382.054931640625 -11597.9697265625
v 8852.876953125 1382.054931640625 -10145.9189453125
v 7402.16015625 765.057861328125 -11596.634765625
v 8854.2109375 765.057861328125 -13048.685546875
v 10304.927734375 765.057861328125 -11597.9697265625
v 8852.876953125 765.057861328125 -10145.9189453125
v 7402.16015625 879.644287109375 -11596.634765625
v 8854.2109375 879.644287109375 -13048.685546875
v 10304.927734375 879.644287109375 -11597.9697265625
v 8852.876953125 879.644287109375 -10145.9189453125
v 7402.16015625 357.736083984375 -11596.634765625
v 8854.2109375 357.736083984375 -13048.685546875
v 10304.927734375 357.736083984375 -11597.9697265625
v 8852.876953125 357.736083984375 -10145.9189453125
v 7402.16015625 472.322509765625 -11596.634765625
v 8854.2109375 472.322509765625 -13048.685546875
v 10304.927734375 472.322509765625 -11597.9697265625
v 8852.876953125 472.322509765625 -10145.9189453125
v -7116.2939453125 451.31134033203125 -12403.96484375
v -5517.55029296875 451.3113708496094 -12487.7509765625
v -5490.78662109375 451.3113708496094 -11977.0615234375
v -7089.52978515625 451.3113708496094 -11893.2744140625
v -7116.2939453125 1464.2205810546875 -12403.96484375
v -5517.55029296875 1464.2205810546875 -12487.7509765625
v -5490.78662109375 1464.2205810546875 -11977.0615234375
v -7089.52978515625 1464.2205810546875 -11893.2744140625
v -7486.6748046875 451.2859191894531 -11981.021484375
v -7219.04345703125 451.28594970703125 -12278.2568359375
v -6951.38623046875 451.2859802246094 -12037.2568359375
v -7219.017578125 451.28594970703125 -11740.0224609375
v -7486.6748046875 1237.479736328125 -11981.021484375
v -7219.04345703125 1237.479736328125 -12278.2568359375
v -6951.38623046875 1237.4798583984375 -12037.2568359375
v -7219.017578125 1237.4798583984375 -11740.0224609375
v -5515.4033203125 451.31134033203125 -12487.8671875
v -3916.659912109375 451.3113708496094 -12571.6533203125
v -3889.895751953125 451.3113708496094 -12060.9638671875
v -5488.63916015625 451.3113708496094 -11977.1767578125
v -5515.4033203125 1464.2205810546875 -12487.8671875
v -3916.659912109375 1464.2205810546875 -12571.6533203125
v -3889.895751953125 1464.2205810546875 -12060.9638671875
v -5488.63916015625 1464.2205810546875 -11977.1767578125
v -3802.4638671875 451.2858581542969 -12454.5458984375
v -3505.22900390625 451.2858581542969 -12186.9150390625
v -3746.228515625 451.2858581542969 -11919.2578125
v -4043.463134765625 451.2858581542969 -12186.888671875
v -3802.463623046875 1237.479736328125 -12454.5458984375
v -3505.22900390625 1237.479736328125 -12186.9150390625
v -3746.228515625 1237.479736328125 -11919.2578125
v -4043.463134765625 1237.479736328125 -12186.888671875
v -7514.45458984375 451.3110656738281 -10261.6943359375
v -7598.2412109375 451.31109619140625 -11860.4375
v -7087.5517578125 451.3111877441406 -11887.201171875
v -7003.7646484375 451.3111572265625 -10288.4580078125
v -7514.45458984375 1464.22021484375 -10261.6943359375
v -7598.24169921875 1464.22021484375 -11860.4375
v -7087.5517578125 1464.2203369140625 -11887.201171875
v -7003.76513671875 1464.2203369140625 -10288.4580078125
v -3376.58447265625 451.3111572265625 -12085.4482421875
v -3292.7978515625 451.31109619140625 -10486.705078125
v -3803.487548828125 451.3111877441406 -10459.9404296875
v -3887.2744140625 451.31121826171875 -12058.68359375
v -3376.58447265625 1464.2203369140625 -12085.4482421875
v -3292.797607421875 1464.2203369140625 -10486.705078125
v -3803.487548828125 1464.2203369140625 -10459.9404296875
v -3887.274169921875 1464.220458984375 -12058.68359375
v -3404.997802734375 451.28631591796875 -10371.1455078125
v -3672.62890625 451.28631591796875 -10073.91015625
v -3940.285888671875 451.2863464355469 -10314.91015625
v -3672.65478515625 451.2863464355469 -10612.14453125
v -3404.99755859375 1237.4801025390625 -10371.1455078125
v -3672.62890625 1237.4801025390625 -10073.91015625
v -3940.285888671875 1237.480224609375 -10314.91015625
v -3672.654541015625 1237.480224609375 -10612.14453125
v -3779.14111328125 451.31146240234375 -9949.701171875
v -5377.88427734375 451.31146240234375 -9865.9140625
v -5404.6484375 451.3115234375 -10376.603515625
v -3805.905029296875 451.3115234375 -10460.390625
v -3779.140869140625 1464.2205810546875 -9949.701171875
v -5377.88427734375 1464.2205810546875 -9865.9140625
v -5404.6484375 1464.220703125 -10376.603515625
v -3805.905029296875 1464.220703125 -10460.390625
v -5380.02783203125 451.31146240234375 -9865.80078125
v -6978.77099609375 451.31146240234375 -9782.013671875
v -7005.53515625 451.3115234375 -10292.703125
v -5406.7919921875 451.3115234375 -10376.490234375
v -5380.02783203125 1464.2205810546875 -9865.80078125
v -6978.77099609375 1464.2205810546875 -9782.013671875
v -7005.53515625 1464.220703125 -10292.703125
v -5406.7919921875 1464.220703125 -10376.490234375
v -7094.93505859375 451.2864074707031 -9891.76171875
v -7392.169921875 451.28643798828125 -10159.392578125
v -7151.17041015625 451.2864990234375 -10427.0498046875
v -6853.93603515625 451.2864990234375 -10159.41796875
v -7094.935546875 1237.480224609375 -9891.76171875
v -7392.169921875 1237.480224609375 -10159.392578125
v -7151.1708984375 1237.4803466796875 -10427.0498046875
v -6853.93603515625 1237.4803466796875 -10159.41796875
v 5319.82861328125 374.9784851074219 12384.2255859375
v 7119.48291015625 374.978515625 12368.51953125
v 7120.40185546875 374.9785461425781 12473.84765625
v 5320.748046875 374.978515625 12489.5537109375
v 5319.82861328125 1251.94384765625 12384.2255859375
v 7119.48291015625 1251.94384765625 12368.51953125
v 7120.40185546875 1251.94384765625 12473.84765625
v 5320.748046875 1251.94384765625 12489.552734375
v 7149.283203125 374.97882080078125 14703.822265625
v 5349.62939453125 374.97882080078125 14719.5283203125
v 5348.7099609375 374.9788513183594 14614.2001953125
v 7148.3642578125 374.9788513183594 14598.494140625
v 7149.283203125 1251.9442138671875 14703.822265625
v 5349.62939453125 1251.9442138671875 14719.5283203125
v 5348.7099609375 1251.9442138671875 14614.2001953125
v 7148.3642578125 1251.9442138671875 14598.494140625
v 5261.884765625 374.97845458984375 12486.9267578125
v 5366.947265625 374.97845458984375 12485.0927734375
v 5385.5751953125 374.9785461425781 13552.296875
v 5280.51318359375 374.9785461425781 13554.130859375
v 5261.884765625 1251.9432373046875 12486.92578125
v 5366.947265625 1251.9432373046875 12485.0927734375
v 5385.5751953125 1251.943359375 13552.296875
v 5280.51318359375 1251.943359375 13554.130859375
v 5280.564453125 374.97845458984375 13553.0634765625
v 5385.626953125 374.97845458984375 13551.2294921875
v 5404.2548828125 374.9785461425781 14618.43359375
v 5299.19287109375 374.9785461425781 14620.267578125
v 5280.564453125 1251.9432373046875 13553.0625
v 5385.626953125 1251.9432373046875 13551.2294921875
v 5404.2548828125 1251.943359375 14618.43359375
v 5299.19287109375 1251.943359375 14620.267578125
v 8949.201171875 374.97882080078125 14688.115234375
v 7149.54736328125 374.97882080078125 14703.8212890625
v 7148.6279296875 374.9788513183594 14598.4931640625
v 8948.2822265625 374.9788513183594 14582.787109375
v 8949.201171875 1251.9442138671875 14688.115234375
v 7149.54736328125 1251.9442138671875 14703.8212890625
v 7148.6279296875 1251.9442138671875 14598.4931640625
v 8948.2822265625 1251.9442138671875 14582.787109375
v 8993.5263671875 374.978515625 13522.2744140625
v 8888.4521484375 374.978515625 13523.19140625
v 8879.1376953125 374.9786682128906 12455.865234375
v 8984.2119140625 374.9786682128906 12454.9482421875
v 8993.5263671875 1251.943359375 13522.2744140625
v 8888.4521484375 1251.943359375 13523.19140625
v 8879.1376953125 1251.9434814453125 12455.865234375
v 8984.2119140625 1251.9434814453125 12454.9482421875
v 9002.8974609375 374.978515625 14588.5361328125
v 8897.8232421875 374.978515625 14589.453125
v 8888.5087890625 374.9786682128906 13522.126953125
v 8993.5830078125 374.9786682128906 13521.2099609375
v 9002.8974609375 1251.943359375 14588.5361328125
v 8897.8232421875 1251.943359375 14589.453125
v 8888.5087890625 1251.9434814453125 13522.126953125
v 8993.5830078125 1251.9434814453125 13521.2099609375
v 7119.21923828125 374.9784851074219 12368.3349609375
v 8918.873046875 374.978515625 12352.62890625
v 8919.79296875 374.9785461425781 12457.95703125
v 7120.138671875 374.978515625 12473.6630859375
v 7119.21923828125 1251.94384765625 12368.3349609375
v 8918.873046875 1251.94384765625 12352.62890625
v 8919.79296875 1251.94384765625 12457.95703125
v 7120.138671875 1251.94384765625 12473.662109375
v 6432.81591796875 2860.2724609375 12943.865234375
v 6434.1708984375 2860.2724609375 13099.12890625
v 5728.52783203125 2860.2724609375 13105.287109375
v 5727.1728515625 2860.2724609375 12950.0234375
v 6432.81591796875 3100.89794921875 12943.865234375
v 6434.1708984375 3100.89794921875 13099.12890625
v 5728.52783203125 3100.89794921875 13105.287109375
v 5727.1728515625 3100.89794921875 12950.0234375
v 5735.48486328125 2860.2724609375 14061.63671875
v 5734.1298828125 2860.2724609375 13906.373046875
v 6439.77294921875 2860.2724609375 13900.21484375
v 6441.1279296875 2860.2724609375 14055.478515625
v 5735.48486328125 3100.89794921875 14061.63671875
v 5734.1298828125 3100.89794921875 13906.373046875
v 6439.77294921875 3100.89794921875 13900.21484375
v 6441.1279296875 3100.89794921875 14055.478515625
v 5686.7294921875 2860.2724609375 14014.01171875
v 5677.9072265625 2860.2724609375 13003.0703125
v 5800.48828125 2860.2724609375 13002
v 5809.31103515625 2860.2724609375 14012.9423828125
v 5686.7294921875 3100.89794921875 14014.01171875
v 5677.9072265625 3100.89794921875 13003.0703125
v 5800.48828125 3100.89794921875 13002
v 5809.31103515625 3100.89794921875 14012.9423828125
v 6763.3798828125 2860.27197265625 14011.99609375
v 6754.5576171875 2860.272216796875 13001.0546875
v 6877.138671875 2860.272216796875 12999.984375
v 6885.96142578125 2860.27197265625 14010.9267578125
v 6763.3798828125 3100.8974609375 14011.99609375
v 6754.5576171875 3100.897705078125 13001.0546875
v 6877.138671875 3100.897705078125 12999.984375
v 6885.96142578125 3100.8974609375 14010.9267578125
v 6481.5703125 2860.271728515625 12991.4873046875
v 6490.392578125 2860.271728515625 14002.4287109375
v 6367.81103515625 2860.271728515625 14003.4990234375
v 6358.98876953125 2860.271728515625 12992.556640625
v 6481.5703125 3100.897216796875 12991.4873046875
v 6490.392578125 3100.897216796875 14002.4287109375
v 6367.81103515625 3100.897216796875 14003.4990234375
v 6358.98876953125 3100.897216796875 12992.556640625
v 7830.5087890625 2860.27197265625 14010.46484375
v 7821.6865234375 2860.272216796875 12999.5234375
v 7944.267578125 2860.272216796875 12998.453125
v 7953.09033203125 2860.27197265625 14009.3955078125
v 7830.5087890625 3100.8974609375 14010.46484375
v 7821.6865234375 3100.897705078125 12999.5234375
v 7944.267578125 3100.897705078125 12998.453125
v 7953.09033203125 3100.8974609375 14009.3955078125
v 8626.5869140625 2860.272216796875 12996.4677734375
v 8635.4091796875 2860.272216796875 14007.4091796875
v 8512.828125 2860.272216796875 14008.4794921875
v 8504.005859375 2860.272216796875 12997.537109375
v 8626.5869140625 3100.897705078125 12996.4677734375
v 8635.4091796875 3100.897705078125 14007.4091796875
v 8512.828125 3100.897705078125 14008.4794921875
v 8504.005859375 3100.897705078125 12997.537109375
v 8577.15234375 2860.2724609375 12946.994140625
v 8578.5068359375 2860.2724609375 13102.2578125
v 7872.8642578125 2860.2724609375 13108.416015625
v 7871.50927734375 2860.2724609375 12953.15234375
v 8577.15234375 3100.89794921875 12946.994140625
v 8578.5068359375 3100.89794921875 13102.2578125
v 7872.8642578125 3100.89794921875 13108.416015625
v 7871.50927734375 3100.89794921875 12953.15234375
v 7510.01953125 2860.2724609375 12948.529296875
v 7511.37451171875 2860.2724609375 13103.79296875
v 6805.7314453125 2860.2724609375 13109.951171875
v 6804.37646484375 2860.2724609375 12954.6875
v 7510.01953125 3100.89794921875 12948.529296875
v 7511.37451171875 3100.89794921875 13103.79296875
v 6805.7314453125 3100.89794921875 13109.951171875
v 6804.37646484375 3100.89794921875 12954.6875
v 7559.4541015625 2860.272216796875 12998.0029296875
v 7568.2763671875 2860.272216796875 14008.9443359375
v 7445.69482421875 2860.272216796875 14010.0146484375
v 7436.87255859375 2860.272216796875 12999.072265625
v 7559.4541015625 3100.897705078125 12998.0029296875
v 7568.2763671875 3100.897705078125 14008.9443359375
v 7445.69482421875 3100.897705078125 14010.0146484375
v 7436.87255859375 3100.897705078125 12999.072265625
v 6812.8125 2860.272216796875 14061.4658203125
v 6811.45751953125 2860.272216796875 13906.2021484375
v 7517.1005859375 2860.272216796875 13900.0439453125
v 7518.45556640625 2860.272216796875 14055.3076171875
v 6812.8125 3100.897705078125 14061.4658203125
v 6811.45751953125 3100.897705078125 13906.2021484375
v 7517.1005859375 3100.897705078125 13900.0439453125
v 7518.45556640625 3100.897705078125 14055.3076171875
v 7879.943359375 2860.272216796875 14059.9384765625
v 7878.58837890625 2860.272216796875 13904.6748046875
v 8584.2314453125 2860.272216796875 13898.5166015625
v 8585.5859375 2860.272216796875 14053.7802734375
v 7879.943359375 3100.897705078125 14059.9384765625
v 7878.58837890625 3100.897705078125 13904.6748046875
v 8584.2314453125 3100.897705078125 13898.5166015625
v 8585.5859375 3100.897705078125 14053.7802734375
v 7149.283203125 1176.2869873046875 14703.822265625
v 5349.62939453125 1176.2869873046875 14719.5283203125
v 5348.7099609375 1176.2869873046875 14614.2001953125
v 7148.3642578125 1176.2869873046875 14598.494140625
v 7149.283203125 2053.252197265625 14703.822265625
v 5349.62939453125 2053.252197265625 14719.5283203125
v 5348.7099609375 2053.252197265625 14614.2001953125
v 7148.3642578125 2053.252197265625 14598.494140625
v 5261.884765625 1176.2864990234375 12486.9267578125
v 5366.947265625 1176.2864990234375 12485.0927734375
v 5385.5751953125 1176.28662109375 13552.296875
v 5280.51318359375 1176.28662109375 13554.130859375
v 5261.884765625 2053.25146484375 12486.92578125
v 5366.947265625 2053.25146484375 12485.0927734375
v 5385.5751953125 2053.25146484375 13552.296875
v 5280.51318359375 2053.25146484375 13554.130859375
v 5280.564453125 1176.2864990234375 13553.0634765625
v 5385.626953125 1176.2864990234375 13551.2294921875
v 5404.2548828125 1176.28662109375 14618.43359375
v 5299.19287109375 1176.28662109375 14620.267578125
v 5280.564453125 2053.25146484375 13553.0625
v 5385.626953125 2053.25146484375 13551.2294921875
v 5404.2548828125 2053.25146484375 14618.43359375
v 5299.19287109375 2053.25146484375 14620.267578125
v 8949.201171875 1176.2869873046875 14688.115234375
v 7149.54736328125 1176.2869873046875 14703.8212890625
v 7148.6279296875 1176.2869873046875 14598.4931640625
v 8948.2822265625 1176.2869873046875 14582.787109375
v 8949.201171875 2053.252197265625 14688.115234375
v 7149.54736328125 2053.252197265625 14703.8212890625
v 7148.6279296875 2053.252197265625 14598.4931640625
v 8948.2822265625 2053.252197265625 14582.787109375
v 8993.5263671875 1176.28662109375 13522.2744140625
v 8888.4521484375 1176.28662109375 13523.19140625
v 8879.1376953125 1176.2867431640625 12455.865234375
v 8984.2119140625 1176.2867431640625 12454.9482421875
v 8993.5263671875 2053.25146484375 13522.2744140625
v 8888.4521484375 2053.25146484375 13523.19140625
v 8879.1376953125 2053.251708984375 12455.865234375
v 8984.2119140625 2053.251708984375 12454.9482421875
v 9002.8974609375 1176.28662109375 14588.5361328125
v 8897.8232421875 1176.28662109375 14589.453125
v 8888.5087890625 1176.2867431640625 13522.126953125
v 8993.5830078125 1176.2867431640625 13521.2099609375
v 9002.8974609375 2053.25146484375 14588.5361328125
v 8897.8232421875 2053.25146484375 14589.453125
v 8888.5087890625 2053.251708984375 13522.126953125
v 8993.5830078125 2053.251708984375 13521.2099609375
v 7119.21923828125 1176.28662109375 12368.3349609375
v 8918.873046875 1176.28662109375 12352.62890625
v 8919.79296875 1176.28662109375 12457.95703125
v 7120.138671875 1176.28662109375 12473.6630859375
v 7119.21923828125 2053.251953125 12368.3349609375
v 8918.873046875 2053.251953125 12352.62890625
v 8919.79296875 2053.251953125 12457.95703125
v 7120.138671875 2053.251953125 12473.662109375
v 5319.82861328125 1176.28662109375 12384.2255859375
v 7119.48291015625 1176.28662109375 12368.51953125
v 7120.40185546875 1176.28662109375 12473.84765625
v 5320.748046875 1176.28662109375 12489.5537109375
v 5319.82861328125 2053.251953125 12384.2255859375
v 7119.48291015625 2053.251953125 12368.51953125
v 7120.40185546875 2053.251953125 12473.84765625
v 5320.748046875 2053.251953125 12489.552734375
v 7149.283203125 1975.1453857421875 14703.822265625
v 5349.62939453125 1975.1453857421875 14719.5283203125
v 5348.7099609375 1975.1453857421875 14614.2001953125
v 7148.3642578125 1975.1453857421875 14598.494140625
v 7149.283203125 2852.110595703125 14703.822265625
v 5349.62939453125 2852.110595703125 14719.5283203125
v 5348.7099609375 2852.110595703125 14614.2001953125
v 7148.3642578125 2852.110595703125 14598.494140625
v 5261.884765625 1975.1448974609375 12486.9267578125
v 5366.947265625 1975.1448974609375 12485.0927734375
v 5385.5751953125 1975.14501953125 13552.296875
v 5280.51318359375 1975.14501953125 13554.130859375
v 5261.884765625 2852.10986328125 12486.92578125
v 5366.947265625 2852.10986328125 12485.0927734375
v 5385.5751953125 2852.10986328125 13552.296875
v 5280.51318359375 2852.10986328125 13554.130859375
v 5280.564453125 1975.1448974609375 13553.0634765625
v 5385.626953125 1975.1448974609375 13551.2294921875
v 5404.2548828125 1975.14501953125 14618.43359375
v 5299.19287109375 1975.14501953125 14620.267578125
v 5280.564453125 2852.10986328125 13553.0625
v 5385.626953125 2852.10986328125 13551.2294921875
v 5404.2548828125 2852.10986328125 14618.43359375
v 5299.19287109375 2852.10986328125 14620.267578125
v 8949.201171875 1975.1453857421875 14688.115234375
v 7149.54736328125 1975.1453857421875 14703.8212890625
v 7148.6279296875 1975.1453857421875 14598.4931640625
v 8948.2822265625 1975.1453857421875 14582.787109375
v 8949.201171875 2852.110595703125 14688.115234375
v 7149.54736328125 2852.110595703125 14703.8212890625
v 7148.6279296875 2852.110595703125 14598.4931640625
v 8948.2822265625 2852.110595703125 14582.787109375
v 8993.5263671875 1975.14501953125 13522.2744140625
v 8888.4521484375 1975.14501953125 13523.19140625
v 8879.1376953125 1975.1451416015625 12455.865234375
v 8984.2119140625 1975.1451416015625 12454.9482421875
v 8993.5263671875 2852.10986328125 13522.2744140625
v 8888.4521484375 2852.10986328125 13523.19140625
v 8879.1376953125 2852.110107421875 12455.865234375
v 8984.2119140625 2852.110107421875 12454.9482421875
v 9002.8974609375 1975.14501953125 14588.5361328125
v 8897.8232421875 1975.14501953125 14589.453125
v 8888.5087890625 1975.1451416015625 13522.126953125
v 8993.5830078125 1975.1451416015625 13521.2099609375
v 9002.8974609375 2852.10986328125 14588.5361328125
v 8897.8232421875 2852.10986328125 14589.453125
v 8888.5087890625 2852.110107421875 13522.126953125
v 8993.5830078125 2852.110107421875 13521.2099609375
v 7119.21923828125 1975.14501953125 12368.3349609375
v 8918.873046875 1975.14501953125 12352.62890625
v 8919.79296875 1975.14501953125 12457.95703125
v 7120.138671875 1975.14501953125 12473.6630859375
v 7119.21923828125 2852.1103515625 12368.3349609375
v 8918.873046875 2852.1103515625 12352.62890625
v 8919.79296875 2852.1103515625 12457.95703125
v 7120.138671875 2852.1103515625 12473.662109375
v 5319.82861328125 1975.14501953125 12384.2255859375
v 7119.48291015625 1975.14501953125 12368.51953125
v 7120.40185546875 1975.14501953125 12473.84765625
v 5320.748046875 1975.14501953125 12489.5537109375
v 5319.82861328125 2852.1103515625 12384.2255859375
v 7119.48291015625 2852.1103515625 12368.51953125
v 7120.40185546875 2852.1103515625 12473.84765625
v 5320.748046875 2852.1103515625 12489.552734375
v 9982.208984375 3906.5361328125 -11597.330078125
v 9416.3740234375 3906.5361328125 -11031.4951171875
v 8850.138671875 3906.5361328125 -11597.73046875
v 9415.9736328125 3906.5361328125 -12163.5654296875
v 9982.208984375 4626.55712890625 -11597.330078125
v 9416.3740234375 4626.55712890625 -11031.4951171875
v 8850.138671875 4626.55712890625 -11597.73046875
v 9415.9736328125 4626.55712890625 -12163.5654296875
v 8854.4638671875 3906.5361328125 -10468.4619140625
v 8288.62890625 3906.5361328125 -11034.296875
v 8854.8642578125 3906.5361328125 -11600.5322265625
v 9420.69921875 3906.5361328125 -11034.697265625
v 8854.4638671875 4626.55712890625 -10468.4619140625
v 8288.62890625 4626.55712890625 -11034.296875
v 8854.8642578125 4626.55712890625 -11600.5322265625
v 9420.69921875 4626.55712890625 -11034.697265625
v 7725.91064453125 3906.5361328125 -11596.04296875
v 8291.7451171875 3906.5361328125 -12161.8779296875
v 8857.98046875 3906.5361328125 -11595.642578125
v 8292.1455078125 3906.5361328125 -11029.8076171875
v 7725.91064453125 4626.55712890625 -11596.04296875
v 8291.7451171875 4626.55712890625 -12161.8779296875
v 8857.98046875 4626.55712890625 -11595.642578125
v 8292.1455078125 4626.55712890625 -11029.8076171875
v 8853.572265625 3906.5361328125 -12725.2265625
v 9419.4072265625 3906.5361328125 -12159.3916015625
v 8853.171875 3906.5361328125 -11593.15625
v 8287.337890625 3906.5361328125 -12158.9912109375
v 8853.572265625 4626.55712890625 -12725.2265625
v 9419.4072265625 4626.55712890625 -12159.3916015625
v 8853.171875 4626.55712890625 -11593.15625
v 8287.337890625 4626.55712890625 -12158.9912109375
v 8292.9150390625 9.57741641998291 -11032.673828125
v 7727.22998046875 9.577415466308594 -11598.359375
v 7798.1728515625 9.577425956726074 -11669.3017578125
v 8363.8583984375 9.57742691040039 -11103.6162109375
v 8292.9150390625 309.5774230957031 -11032.673828125
v 7727.22998046875 309.5774230957031 -11598.359375
v 7798.1728515625 309.5774230957031 -11669.3017578125
v 8363.8583984375 309.5774230957031 -11103.6162109375
v 8854.3310546875 9.57707691192627 -10473.8125
v 8288.64453125 9.57707691192627 -11039.4990234375
v 8359.5869140625 9.577089309692383 -11110.44140625
v 8925.2734375 9.577089309692383 -10544.7548828125
v 8854.3310546875 309.57708740234375 -10473.8125
v 8288.64453125 309.57708740234375 -11039.4990234375
v 8359.5869140625 309.57708740234375 -11110.44140625
v 8925.2734375 309.57708740234375 -10544.7548828125
v 9420.583984375 9.57714557647705 -11040.2890625
v 8854.8974609375 9.57714557647705 -10474.6025390625
v 8783.9541015625 9.577166557312012 -10545.544921875
v 9349.6416015625 9.577166557312012 -11111.232421875
v 9420.583984375 309.5771484375 -11040.2890625
v 8854.8974609375 309.5771484375 -10474.6025390625
v 8783.9541015625 309.5771789550781 -10545.544921875
v 9349.6416015625 309.5771789550781 -11111.232421875
v 9416.421875 9.57728099822998 -12163.2294921875
v 9982.1064453125 9.577305793762207 -11597.5439453125
v 9488.8583984375 9.577390670776367 -11104.294921875
v 8923.1728515625 9.577366828918457 -11669.98046875
v 9416.421875 309.5772705078125 -12163.2294921875
v 9982.1064453125 309.5773010253906 -11597.5439453125
v 9488.8583984375 309.577392578125 -11104.294921875
v 8923.1728515625 309.5773620605469 -11669.98046875
v 8853.2802734375 9.576922416687012 -12726.6015625
v 9418.966796875 9.576945304870605 -12160.9150390625
v 9348.0244140625 9.576957702636719 -12089.9716796875
v 8782.337890625 9.576934814453125 -12655.6591796875
v 8853.2802734375 309.5769348144531 -12726.6015625
v 9418.966796875 309.5769348144531 -12160.9150390625
v 9348.0244140625 309.57696533203125 -12089.9716796875
v 8782.337890625 309.5769348144531 -12655.6591796875
v 8286.6767578125 9.576936721801758 -12158.99609375
v 8852.36328125 9.576936721801758 -12724.6826171875
v 8923.3056640625 9.57695198059082 -12653.740234375
v 8357.619140625 9.57695198059082 -12088.052734375
v 8286.6767578125 309.5769348144531 -12158.99609375
v 8852.36328125 309.5769348144531 -12724.6826171875
v 8923.3056640625 309.57696533203125 -12653.740234375
v 8357.619140625 309.57696533203125 -12088.052734375
v 7731.31689453125 9.577207565307617 -11601.1640625
v 8292.0439453125 9.577179908752441 -12171.763671875
v 8313.44140625 9.577181816101074 -12150.7373046875
v 7752.71435546875 9.57720947265625 -11580.13671875
v 7731.31689453125 309.64874267578125 -11601.1640625
v 8292.0439453125 309.6487121582031 -12171.763671875
v 8313.44140625 309.6487121582031 -12150.7373046875
v 7752.71435546875 309.64874267578125 -11580.13671875
v 7273.21923828125 9.577540397644043 12469.537109375
v 8073.1884765625 9.577539443969727 12462.556640625
v 8073.4482421875 9.577533721923828 12492.298828125
v 7273.478515625 9.577534675598145 12499.2802734375
v 7273.21923828125 309.5953674316406 12469.537109375
v 8073.1884765625 309.5953674316406 12462.556640625
v 8073.4482421875 309.5953674316406 12492.2998046875
v 7273.478515625 309.5953674316406 12499.2802734375
v 8902.51171875 9.577269554138184 14585.7177734375
v 8102.5400390625 9.577258110046387 14592.69921875
v 8101.66455078125 9.577289581298828 14492.375
v 8901.6357421875 9.577301025390625 14485.3935546875
v 8902.51171875 309.5772705078125 14585.7177734375
v 8102.5400390625 309.5772705078125 14592.69921875
v 8101.66455078125 309.5773010253906 14492.375
v 8901.6357421875 309.5773010253906 14485.3935546875
v 8894.412109375 9.57730770111084 13782.2333984375
v 8901.3935546875 9.57728385925293 14582.2021484375
v 8871.39453125 9.577287673950195 14582.4638671875
v 8864.4130859375 9.577311515808105 13782.4951171875
v 8894.412109375 309.6488342285156 13782.2333984375
v 8901.3935546875 309.6488037109375 14582.2021484375
v 8871.39453125 309.6488342285156 14582.4638671875
v 8864.4140625 309.6488342285156 13782.4951171875
v 8888.318359375 9.577277183532715 12981.919921875
v 8895.2998046875 9.57734489440918 13781.8896484375
v 8865.556640625 9.577341079711914 13782.1484375
v 8858.576171875 9.57727336883545 12982.1796875
v 8888.318359375 309.5950927734375 12981.919921875
v 8895.2998046875 309.59515380859375 13781.8896484375
v 8865.556640625 309.59515380859375 13782.1484375
v 8858.576171875 309.5950927734375 12982.1787109375
v 8076.78955078125 9.577302932739258 12463.150390625
v 8876.7607421875 9.57729434967041 12456.169921875
v 8877.63671875 9.577326774597168 12556.494140625
v 8077.6650390625 9.577335357666016 12563.474609375
v 8076.78955078125 309.5773010253906 12463.150390625
v 8876.7607421875 309.5773010253906 12456.1689453125
v 8877.63671875 309.57733154296875 12556.494140625
v 8077.6650390625 309.57733154296875 12563.474609375
v 8101.05078125 9.57720947265625 14592.8095703125
v 7301.0810546875 9.5772066116333 14599.791015625
v 7294.99169921875 9.577332496643066 13902.0380859375
v 8094.96142578125 9.577335357666016 13895.0576171875
v 8101.05078125 309.57720947265625 14592.8095703125
v 7301.0810546875 309.57720947265625 14599.791015625
v 7294.99169921875 309.57733154296875 13902.0380859375
v 8094.96142578125 309.57733154296875 13895.0576171875
v 6475.76611328125 9.577120780944824 12477.3349609375
v 7275.73583984375 9.577113151550293 12470.353515625
v 7281.8232421875 9.577296257019043 13167.8857421875
v 6481.853515625 9.577303886413574 13174.8671875
v 6475.76611328125 309.5771179199219 12477.3349609375
v 7275.73583984375 309.5771179199219 12470.353515625
v 7281.8232421875 309.5773010253906 13167.8857421875
v 6481.853515625 309.5773010253906 13174.8671875
v 5371.1494140625 9.577102661132812 12487.0556640625
v 6171.11865234375 9.577095031738281 12480.07421875
v 6171.994140625 9.57712173461914 12580.3984375
v 5372.02490234375 9.577129364013672 12587.3798828125
v 5371.1494140625 309.5771179199219 12487.0556640625
v 6171.11865234375 309.57708740234375 12480.07421875
v 6171.994140625 309.5771179199219 12580.3984375
v 5372.02490234375 309.5771179199219 12587.3798828125
v 5406.27685546875 9.577475547790527 14615.9482421875
v 5392.3154296875 9.57746410369873 13816.0693359375
v 5422.05517578125 9.577461242675781 13815.55078125
v 5436.0166015625 9.577472686767578 14615.4287109375
v 5406.27685546875 309.5953063964844 14615.9482421875
v 5392.3154296875 309.59527587890625 13816.0693359375
v 5422.05517578125 309.59527587890625 13815.55078125
v 5436.0166015625 309.5953063964844 14615.4287109375
v 7303.24560546875 9.577305793762207 14601.630859375
v 6503.27587890625 9.57729434967041 14608.6123046875
v 6497.18896484375 9.577513694763184 13911.080078125
v 7297.158203125 9.57752513885498 13904.099609375
v 7303.24560546875 309.5773010253906 14601.630859375
v 6503.27587890625 309.5773010253906 14608.6123046875
v 6497.18896484375 309.5775146484375 13911.080078125
v 7297.158203125 309.5775146484375 13904.099609375
v 6209.38232421875 9.57747745513916 14611.2021484375
v 5409.4111328125 9.57746696472168 14618.18359375
v 5408.53564453125 9.57750415802002 14517.859375
v 6208.5068359375 9.577515602111816 14510.8779296875
v 6209.38232421875 309.5774841308594 14611.2021484375
v 5409.4111328125 309.57745361328125 14618.18359375
v 5408.53564453125 309.5775146484375 14517.859375
v 6208.5068359375 309.5775146484375 14510.8779296875
v 5381.51025390625 9.577225685119629 13289.1982421875
v 5367.54833984375 9.577260971069336 12489.3173828125
v 5467.861328125 9.577277183532715 12487.56640625
v 5481.8232421875 9.577241897583008 13287.447265625
v 5381.51025390625 309.5772399902344 13289.1982421875
v 5367.54833984375 309.5772705078125 12489.3173828125
v 5467.861328125 309.5772705078125 12487.56640625
v 5481.82275390625 309.5772399902344 13287.447265625
v -7228.86328125 9.577154159545898 -11075.296875
v -7270.73193359375 9.577163696289062 -11874.2001953125
v -7240.7734375 9.577168464660645 -11875.7705078125
v -7198.904296875 9.577159881591797 -11076.8671875
v -7228.86328125 309.648681640625 -11075.296875
v -7270.732421875 309.648681640625 -11874.2001953125
v -7240.7734375 309.6487121582031 -11875.7705078125
v -7198.904296875 309.648681640625 -11076.8671875
v -7096.9638671875 9.576936721801758 -12078.1826171875
v -6298.05810546875 9.576944351196289 -12120.0517578125
v -6292.8076171875 9.576946258544922 -12019.861328125
v -7091.712890625 9.57693862915039 -11977.9921875
v -7096.9638671875 309.5769348144531 -12078.1826171875
v -6298.05810546875 309.5769348144531 -12120.0517578125
v -6292.8076171875 309.5769348144531 -12019.861328125
v -7091.712890625 309.5769348144531 -11977.9921875
v -7187.611328125 9.577353477478027 -10280.2333984375
v -7229.47998046875 9.577363014221191 -11079.138671875
v -7129.28955078125 9.577386856079102 -11084.3896484375
v -7087.42041015625 9.577377319335938 -10285.484375
v -7187.611328125 309.5773620605469 -10280.2333984375
v -7229.48046875 309.5773620605469 -11079.138671875
v -7129.28955078125 309.577392578125 -11084.3896484375
v -7087.42041015625 309.577392578125 -10285.484375
v -5502.46484375 9.577265739440918 -12160.4140625
v -4703.5615234375 9.577271461486816 -12202.2822265625
v -4702.00439453125 9.57726764678955 -12172.5791015625
v -5500.908203125 9.577260971069336 -12130.7099609375
v -5502.46484375 309.5950927734375 -12160.4140625
v -4703.5615234375 309.5950927734375 -12202.2822265625
v -4702.00439453125 309.5950927734375 -12172.5791015625
v -5500.908203125 309.5950927734375 -12130.7099609375
v -6298.9638671875 9.57714557647705 -12119.70703125
v -5500.06005859375 9.577153205871582 -12161.5751953125
v -5463.54150390625 9.577165603637695 -11464.7529296875
v -6262.44482421875 9.577157974243164 -11422.8837890625
v -6298.9638671875 309.5771484375 -12119.70703125
v -5500.060546875 309.5771484375 -12161.5751953125
v -5463.54150390625 309.5771789550781 -11464.7529296875
v -6262.44482421875 309.5771484375 -11422.8837890625
v -5397.44921875 9.577290534973145 -10193.4716796875
v -6196.35302734375 9.577277183532715 -10151.6025390625
v -6232.8720703125 9.577370643615723 -10848.42578125
v -5433.96826171875 9.577384948730469 -10890.294921875
v -5397.44921875 309.5773010253906 -10193.4716796875
v -6196.35302734375 309.5772705078125 -10151.6025390625
v -6232.8720703125 309.5773620605469 -10848.42578125
v -5433.96826171875 309.577392578125 -10890.294921875
v -4703.765625 9.577109336853027 -12202.5869140625
v -3904.862060546875 9.577118873596191 -12244.4560546875
v -3899.611328125 9.577120780944824 -12144.265625
v -4698.51513671875 9.57711124420166 -12102.396484375
v -4703.765625 309.5771179199219 -12202.5869140625
v -3904.862060546875 309.5771179199219 -12244.4560546875
v -3899.611328125 309.5771179199219 -12144.265625
v -4698.51513671875 309.5771179199219 -12102.396484375
v -3704.263671875 9.57718563079834 -12068.32421875
v -3662.39501953125 9.57711124420166 -11269.419921875
v -3692.35400390625 9.577113151550293 -11267.8505859375
v -3734.22265625 9.577187538146973 -12066.75390625
v -3704.263671875 309.6487121582031 -12068.32421875
v -3662.39501953125 309.6486511230469 -11269.419921875
v -3692.353759765625 309.6486511230469 -11267.8505859375
v -3734.22265625 309.6487121582031 -12066.75390625
v -3662.001708984375 9.577457427978516 -11271.029296875
v -3620.133056640625 9.577434539794922 -10472.1259765625
v -3649.83642578125 9.57742691040039 -10470.5693359375
v -3691.705078125 9.577449798583984 -11269.47265625
v -3662.001953125 309.59527587890625 -11271.029296875
v -3620.133056640625 309.5952453613281 -10472.1259765625
v -3649.83642578125 309.5952453613281 -10470.5693359375
v -3691.705322265625 309.59527587890625 -11269.47265625
v -6196.20751953125 9.577176094055176 -10151.14453125
v -6995.11328125 9.577177047729492 -10109.275390625
v -7000.36376953125 9.577188491821289 -10209.4658203125
v -6201.45849609375 9.577187538146973 -10251.3349609375
v -6196.20751953125 309.5771789550781 -10151.14453125
v -6995.11328125 309.5771789550781 -10109.275390625
v -7000.36376953125 309.5771789550781 -10209.4658203125
v -6201.45849609375 309.5771789550781 -10251.3349609375
v -3797.676513671875 9.577176094055176 -10276.43359375
v -4596.58203125 9.577177047729492 -10234.564453125
v -4601.83251953125 9.577188491821289 -10334.7548828125
v -3802.92724609375 9.577187538146973 -10376.6240234375
v -3797.676513671875 309.5771789550781 -10276.43359375
v -4596.58203125 309.5771789550781 -10234.564453125
v -4601.83251953125 309.5771789550781 -10334.7548828125
v -3802.92724609375 309.5771789550781 -10376.6240234375
v -4597.240234375 9.577535629272461 -10235.4296875
v -5396.14404296875 9.577522277832031 -10193.5615234375
v -5397.70068359375 9.57751750946045 -10223.2646484375
v -4598.796875 9.577531814575195 -10265.1337890625
v -4597.240234375 309.5953674316406 -10235.4296875
v -5396.14404296875 309.5953369140625 -10193.5615234375
v -5397.70068359375 309.5953369140625 -10223.2646484375
v -4598.796875 309.5953674316406 -10265.1337890625
v 7712.54345703125 9.57763671875 -11597.1953125
v 7733.75634765625 9.57763671875 -11618.4091796875
v 7755.123046875 9.57763671875 -11597.0419921875
v 7733.90966796875 9.57763671875 -11575.8291015625
v 7712.54345703125 319.57763671875 -11597.1953125
v 7733.75634765625 319.57763671875 -11618.4091796875
v 7755.123046875 319.57763671875 -11597.0419921875
v 7733.90966796875 319.57763671875 -11575.8291015625
v 8276.1015625 9.57763671875 -12160.3662109375
v 8297.314453125 9.57763671875 -12181.5791015625
v 8310.18359375 9.57763671875 -12168.7099609375
v 8288.970703125 9.57763671875 -12147.4970703125
v 8276.1015625 319.57763671875 -12160.3662109375
v 8297.314453125 319.57763671875 -12181.5791015625
v 8310.18359375 319.57763671875 -12168.7099609375
v 8288.970703125 319.57763671875 -12147.4970703125
v 8292.9072265625 9.57763671875 -11016.7783203125
v 8271.6943359375 9.57763671875 -11037.9921875
v 8284.5634765625 9.57763671875 -11050.8603515625
v 8305.7763671875 9.57763671875 -11029.6474609375
v 8292.9072265625 319.57763671875 -11016.7783203125
v 8271.6943359375 319.57763671875 -11037.9921875
v 8284.5634765625 319.57763671875 -11050.8603515625
v 8305.7763671875 319.57763671875 -11029.6474609375
v 9443.0830078125 9.57763671875 -11041.6494140625
v 9422.2431640625 9.57763671875 -11020.068359375
v 9409.1513671875 9.57763671875 -11032.7109375
v 9429.9912109375 9.57763671875 -11054.291015625
v 9443.0830078125 319.57763671875 -11041.6494140625
v 9422.2431640625 319.57763671875 -11020.068359375
v 9409.1513671875 319.57763671875 -11032.7109375
v 9429.9912109375 319.57763671875 -11054.291015625
v 9414.3232421875 9.57763671875 -12179.505859375
v 9435.5361328125 9.57763671875 -12158.29296875
v 9422.6669921875 9.57763671875 -12145.423828125
v 9401.4541015625 9.57763671875 -12166.63671875
v 9414.3232421875 319.57763671875 -12179.505859375
v 9435.5361328125 319.57763671875 -12158.29296875
v 9422.6669921875 319.57763671875 -12145.423828125
v 9401.4541015625 319.57763671875 -12166.63671875
v 8059.3681640625 9.57763671875 12453.4970703125
v 8089.33935546875 9.57763671875 12452.1884765625
v 8090.13330078125 9.57763671875 12470.3701171875
v 8060.162109375 9.57763671875 12471.6787109375
v 8059.3681640625 319.57763671875 12453.4970703125
v 8089.33935546875 319.57763671875 12452.1884765625
v 8090.13330078125 319.57763671875 12470.3701171875
v 8060.162109375 319.57763671875 12471.6787109375
v 7258.8916015625 9.57763671875 12459.4443359375
v 7288.86279296875 9.57763671875 12458.1357421875
v 7289.65673828125 9.57763671875 12476.3173828125
v 7259.685546875 9.57763671875 12477.6259765625
v 7258.8916015625 319.57763671875 12459.4443359375
v 7288.86279296875 319.57763671875 12458.1357421875
v 7289.65673828125 319.57763671875 12476.3173828125
v 7259.685546875 319.57763671875 12477.6259765625
v 6156.4814453125 9.57763671875 12470.1572265625
v 6186.45263671875 9.57763671875 12468.8486328125
v 6187.24658203125 9.57763671875 12487.0302734375
v 6157.275390625 9.57763671875 12488.3388671875
v 6156.4814453125 319.57763671875 12470.1572265625
v 6186.45263671875 319.57763671875 12468.8486328125
v 6187.24658203125 319.57763671875 12487.0302734375
v 6157.275390625 319.57763671875 12488.3388671875
v 5370.650390625 9.57763671875 13307.5673828125
v 5369.865234375 9.57763671875 13277.5771484375
v 5388.05810546875 9.57763671875 13277.1005859375
v 5388.84375 9.57763671875 13307.0908203125
v 5370.650390625 319.57763671875 13307.5673828125
v 5369.865234375 319.57763671875 13277.5771484375
v 5388.05810546875 319.57763671875 13277.1005859375
v 5388.84375 319.57763671875 13307.0908203125
v 5381.337890625 9.57763671875 13829.8857421875
v 5380.552734375 9.57763671875 13799.8955078125
v 5398.74560546875 9.57763671875 13799.4189453125
v 5399.53125 9.57763671875 13829.4091796875
v 5381.337890625 319.57763671875 13829.8857421875
v 5380.552734375 319.57763671875 13799.8955078125
v 5398.74560546875 319.57763671875 13799.4189453125
v 5399.53125 319.57763671875 13829.4091796875
v 6224.8056640625 9.57763671875 14624.615234375
v 6194.80712890625 9.57763671875 14624.876953125
v 6194.64794921875 9.57763671875 14606.6787109375
v 6224.64697265625 9.57763671875 14606.4169921875
v 6224.8056640625 319.57763671875 14624.615234375
v 6194.80712890625 319.57763671875 14624.876953125
v 6194.64794921875 319.57763671875 14606.6787109375
v 6224.64697265625 319.57763671875 14606.4169921875
v 6516.7666015625 9.57763671875 14620.751953125
v 6486.76806640625 9.57763671875 14621.013671875
v 6486.60888671875 9.57763671875 14602.8154296875
v 6516.60791015625 9.57763671875 14602.5537109375
v 6516.7666015625 319.57763671875 14620.751953125
v 6486.76806640625 319.57763671875 14621.013671875
v 6486.60888671875 319.57763671875 14602.8154296875
v 6516.60791015625 319.57763671875 14602.5537109375
v 7318.5322265625 9.57763671875 14614.150390625
v 7288.53369140625 9.57763671875 14614.412109375
v 7288.37451171875 9.57763671875 14596.2138671875
v 7318.37353515625 9.57763671875 14595.9521484375
v 7318.5322265625 319.57763671875 14614.150390625
v 7288.53369140625 319.57763671875 14614.412109375
v 7288.37451171875 319.57763671875 14596.2138671875
v 7318.37353515625 319.57763671875 14595.9521484375
v 8117.4072265625 9.57763671875 14605.837890625
v 8087.40869140625 9.57763671875 14606.099609375
v 8087.24951171875 9.57763671875 14587.9013671875
v 8117.24853515625 9.57763671875 14587.6396484375
v 8117.4072265625 319.57763671875 14605.837890625
v 8087.40869140625 319.57763671875 14606.099609375
v 8087.24951171875 319.57763671875 14587.9013671875
v 8117.24853515625 319.57763671875 14587.6396484375
v 8905.8134765625 9.57763671875 13767.98046875
v 8906.8603515625 9.57763671875 13797.9619140625
v 8888.671875 9.57763671875 13798.59765625
v 8887.625 9.57763671875 13768.615234375
v 8905.8134765625 319.57763671875 13767.98046875
v 8906.8603515625 319.57763671875 13797.9619140625
v 8888.671875 319.57763671875 13798.59765625
v 8887.625 319.57763671875 13768.615234375
v 8897.0830078125 9.57763671875 12964.4296875
v 8898.1298828125 9.57763671875 12994.4111328125
v 8879.94140625 9.57763671875 12995.046875
v 8878.89453125 9.57763671875 12965.064453125
v 8897.0830078125 319.57763671875 12964.4296875
v 8898.1298828125 319.57763671875 12994.4111328125
v 8879.94140625 319.57763671875 12995.046875
v 8878.89453125 319.57763671875 12965.064453125
v 5350.24609375 9.57763671875 12471.6669921875
v 5380.24462890625 9.57763671875 12471.4052734375
v 5380.50830078125 9.57763671875 12501.62109375
v 5350.509765625 9.57763671875 12501.8828125
v 5350.24609375 319.57763671875 12471.6669921875
v 5380.24462890625 319.57763671875 12471.4052734375
v 5380.50830078125 319.57763671875 12501.62109375
v 5350.509765625 319.57763671875 12501.8828125
v 5392.3291015625 9.57763671875 14636.88671875
v 5391.80517578125 9.57763671875 14606.8916015625
v 5422.017578125 9.57763671875 14606.3642578125
v 5422.541015625 9.57763671875 14636.359375
v 5392.3291015625 319.57763671875 14636.88671875
v 5391.80517578125 319.57763671875 14606.8916015625
v 5422.017578125 319.57763671875 14606.3642578125
v 5422.541015625 319.57763671875 14636.359375
v 8887.60546875 9.57763671875 14603.35546875
v 8887.08203125 9.57763671875 14573.3603515625
v 8917.2939453125 9.57763671875 14572.8330078125
v 8917.8173828125 9.57763671875 14602.828125
v 8887.60546875 319.57763671875 14603.35546875
v 8887.08203125 319.57763671875 14573.3603515625
v 8917.2939453125 319.57763671875 14572.8330078125
v 8917.8173828125 319.57763671875 14602.828125
v -3691.21337890625 9.57763671875 -12063.583984375
v -3719.404296875 9.57763671875 -12053.3232421875
v -3729.739013671875 9.57763671875 -12081.7177734375
v -3701.54833984375 9.57763671875 -12091.978515625
v -3691.21337890625 319.57763671875 -12063.583984375
v -3719.404296875 319.57763671875 -12053.3232421875
v -3729.739013671875 319.57763671875 -12081.7177734375
v -3701.54833984375 319.57763671875 -12091.978515625
v -3618.38671875 9.57763671875 -10449.703125
v -3645.3505859375 9.57763671875 -10462.853515625
v -3632.1044921875 9.57763671875 -10490.0126953125
v -3605.140625 9.57763671875 -10476.861328125
v -3618.38671875 319.57763671875 -10449.703125
v -3645.3505859375 319.57763671875 -10462.853515625
v -3632.1044921875 319.57763671875 -10490.0126953125
v -3605.140625 319.57763671875 -10476.861328125
v -3800.445556640625 9.57763671875 -10261.28515625
v -3810.459716796875 9.57763671875 -10289.564453125
v -3781.97607421875 9.57763671875 -10299.6513671875
v -3771.9619140625 9.57763671875 -10271.3720703125
v -3800.445556640625 319.57763671875 -10261.28515625
v -3810.459716796875 319.57763671875 -10289.564453125
v -3781.97607421875 319.57763671875 -10299.6513671875
v -3771.9619140625 319.57763671875 -10271.3720703125
v -7018.25927734375 9.57763671875 -10102.97265625
v -7005.818359375 9.57763671875 -10130.271484375
v -6978.322265625 9.57763671875 -10117.7412109375
v -6990.76318359375 9.57763671875 -10090.4423828125
v -7018.25927734375 319.57763671875 -10102.97265625
v -7005.818359375 319.57763671875 -10130.271484375
v -6978.322265625 319.57763671875 -10117.7412109375
v -6990.76318359375 319.57763671875 -10090.4423828125
v -7201.94189453125 9.57763671875 -10287.271484375
v -7175.21142578125 9.57763671875 -10300.8916015625
v -7161.49365234375 9.57763671875 -10273.96875
v -7188.2236328125 9.57763671875 -10260.3486328125
v -7201.94189453125 319.57763671875 -10287.271484375
v -7175.21142578125 319.57763671875 -10300.8916015625
v -7161.49365234375 319.57763671875 -10273.96875
v -7188.2236328125 319.57763671875 -10260.3486328125
v -7278.626953125 9.57763671875 -11893.1572265625
v -7250.8115234375 9.57763671875 -11881.919921875
v -7262.130859375 9.57763671875 -11853.9033203125
v -7289.9462890625 9.57763671875 -11865.1416015625
v -7278.626953125 319.57763671875 -11893.1572265625
v -7250.8115234375 319.57763671875 -11881.919921875
v -7262.130859375 319.57763671875 -11853.9033203125
v -7289.9462890625 319.57763671875 -11865.1416015625
v -7093.1591796875 9.57763671875 -12093.2509765625
v -7081.6787109375 9.57763671875 -12065.5341796875
v -7109.59521484375 9.57763671875 -12053.970703125
v -7121.07568359375 9.57763671875 -12081.6875
v -7093.1591796875 319.57763671875 -12093.2509765625
v -7081.6787109375 319.57763671875 -12065.5341796875
v -7109.59521484375 319.57763671875 -12053.970703125
v -7121.07568359375 319.57763671875 -12081.6875
v -4720.177734375 9.57763671875 -12214.056640625
v -4690.19580078125 9.57763671875 -12215.103515625
v -4689.560546875 9.57763671875 -12196.916015625
v -4719.54248046875 9.57763671875 -12195.8681640625
v -4720.177734375 319.57763671875 -12214.056640625
v -4690.19580078125 319.57763671875 -12215.103515625
v -4689.560546875 319.57763671875 -12196.916015625
v -4719.54248046875 319.57763671875 -12195.8681640625
v -5518.083984375 9.57763671875 -12172.642578125
v -5488.10205078125 9.57763671875 -12173.689453125
v -5487.466796875 9.57763671875 -12155.501953125
v -5517.44873046875 9.57763671875 -12154.4541015625
v -5518.083984375 319.57763671875 -12172.642578125
v -5488.10205078125 319.57763671875 -12173.689453125
v -5487.466796875 319.57763671875 -12155.501953125
v -5517.44873046875 319.57763671875 -12154.4541015625
v -6314.00390625 9.57763671875 -12130.861328125
v -6284.02197265625 9.57763671875 -12131.908203125
v -6283.38671875 9.57763671875 -12113.720703125
v -6313.36865234375 9.57763671875 -12112.6728515625
v -6314.00390625 319.57763671875 -12130.861328125
v -6284.02197265625 319.57763671875 -12131.908203125
v -6283.38671875 319.57763671875 -12113.720703125
v -6313.36865234375 319.57763671875 -12112.6728515625
v -7241.60546875 9.57763671875 -11061.662109375
v -7243.958984375 9.57763671875 -11091.5703125
v -7225.81591796875 9.57763671875 -11092.998046875
v -7223.46240234375 9.57763671875 -11063.08984375
v -7241.60546875 319.57763671875 -11061.662109375
v -7243.958984375 319.57763671875 -11091.5703125
v -7225.81591796875 319.57763671875 -11092.998046875
v -7223.46240234375 319.57763671875 -11063.08984375
v -4581.16943359375 9.57763671875 -10223.328125
v -4611.0966796875 9.57763671875 -10221.2353515625
v -4612.3662109375 9.57763671875 -10239.390625
v -4582.43896484375 9.57763671875 -10241.4833984375
v -4581.16943359375 319.57763671875 -10223.328125
v -4611.0966796875 319.57763671875 -10221.2353515625
v -4612.3662109375 319.57763671875 -10239.390625
v -4582.43896484375 319.57763671875 -10241.4833984375
v -3651.81298828125 9.57763671875 -11285.4765625
v -3649.9814453125 9.57763671875 -11255.533203125
v -3668.146728515625 9.57763671875 -11254.421875
v -3669.978271484375 9.57763671875 -11284.3662109375
v -3651.81298828125 319.57763671875 -11285.4765625
v -3649.9814453125 319.57763671875 -11255.533203125
v -3668.146728515625 319.57763671875 -11254.421875
v -3669.978271484375 319.57763671875 -11284.3662109375
v -10635.3896484375 9.57763671875 -2633.46142578125
v -10636.17578125 9.57763671875 -2603.4716796875
v -10666.3818359375 9.57763671875 -2604.2626953125
v -10665.5966796875 9.57763671875 -2634.252197265625
v -10635.3896484375 319.57763671875 -2633.46142578125
v -10636.17578125 319.57763671875 -2603.4716796875
v -10666.3818359375 319.57763671875 -2604.2626953125
v -10665.5966796875 319.57763671875 -2634.252197265625
v -13829.0986328125 9.57763671875 -2750.63232421875
v -13799.1171875 9.57763671875 -2749.58544921875
v -13800.171875 9.57763671875 -2719.386962890625
v -13830.1533203125 9.57763671875 -2720.43408203125
v -13829.0986328125 319.57763671875 -2750.63232421875
v -13799.1171875 319.57763671875 -2749.58544921875
v -13800.171875 319.57763671875 -2719.386962890625
v -13830.1533203125 319.57763671875 -2720.43408203125
v -11493.740234375 9.57763671875 -256.61865234375
v -11523.73046875 9.57763671875 -257.4039611816406
v -11523.25390625 9.57763671875 -275.5969543457031
v -11493.263671875 9.57763671875 -274.8116455078125
v -11493.740234375 319.57763671875 -256.61865234375
v -11523.73046875 319.57763671875 -257.4039611816406
v -11523.25390625 319.57763671875 -275.5969543457031
v -11493.263671875 319.57763671875 -274.8116455078125
v -13087.923828125 9.57763671875 -306.07373046875
v -13117.9140625 9.57763671875 -306.8590393066406
v -13117.4375 9.57763671875 -325.0520324707031
v -13087.447265625 9.57763671875 -324.2667236328125
v -13087.923828125 319.57763671875 -306.07373046875
v -13117.9140625 319.57763671875 -306.8590393066406
v -13117.4375 319.57763671875 -325.0520324707031
v -13087.447265625 319.57763671875 -324.2667236328125
v -13886.4296875 9.57763671875 -1121.9576416015625
v -13885.3828125 9.57763671875 -1151.939453125
v -13867.1953125 9.57763671875 -1151.30419921875
v -13868.2421875 9.57763671875 -1121.322509765625
v -13886.4296875 319.57763671875 -1121.9576416015625
v -13885.3828125 319.57763671875 -1151.939453125
v -13867.1953125 319.57763671875 -1151.30419921875
v -13868.2421875 319.57763671875 -1121.322509765625
v -13858.384765625 9.57763671875 -1920.9537353515625
v -13857.337890625 9.57763671875 -1950.935546875
v -13839.150390625 9.57763671875 -1950.30029296875
v -13840.197265625 9.57763671875 -1920.318603515625
v -13858.384765625 319.57763671875 -1920.9537353515625
v -13857.337890625 319.57763671875 -1950.935546875
v -13839.150390625 319.57763671875 -1950.30029296875
v -13840.197265625 319.57763671875 -1920.318603515625
v -13062.6416015625 9.57763671875 -2719.05859375
v -13032.6416015625 9.57763671875 -2719.05859375
v -13032.6416015625 9.57763671875 -2700.859375
v -13062.6416015625 9.57763671875 -2700.859375
v -13062.6416015625 319.57763671875 -2719.05859375
v -13032.6416015625 319.57763671875 -2719.05859375
v -13032.6416015625 319.57763671875 -2700.859375
v -13062.6416015625 319.57763671875 -2700.859375
v -10734.095703125 9.57763671875 -230.48643493652344
v -10764.0224609375 9.57763671875 -232.57911682128906
v -10761.9150390625 9.57763671875 -262.7223205566406
v -10731.98828125 9.57763671875 -260.6296081542969
v -10734.095703125 319.57763671875 -230.48643493652344
v -10764.0224609375 319.57763671875 -232.57911682128906
v -10761.9150390625 319.57763671875 -262.7223205566406
v -10731.98828125 319.57763671875 -260.6296081542969
v -10648.888671875 9.5770902633667 -2630.36962890625
v -10676.8076171875 9.57711410522461 -1830.8570556640625
v -10706.7900390625 9.577117919921875 -1831.904052734375
v -10678.8701171875 9.577094078063965 -2631.416748046875
v -10648.8876953125 309.64862060546875 -2630.36962890625
v -10676.8076171875 309.6486511230469 -1830.8570556640625
v -10706.7900390625 309.6486511230469 -1831.904052734375
v -10678.8701171875 309.64862060546875 -2631.416748046875
v -10682.205078125 9.577180862426758 -1832.2401123046875
v -10710.1240234375 9.577180862426758 -1032.7274169921875
v -10810.3916015625 9.57719612121582 -1036.228759765625
v -10782.4716796875 9.57719612121582 -1835.741455078125
v -10682.205078125 309.5771789550781 -1832.2401123046875
v -10710.1240234375 309.5771789550781 -1032.7274169921875
v -10810.3916015625 309.57720947265625 -1036.228759765625
v -10782.4716796875 309.57720947265625 -1835.741455078125
v -10713.1435546875 9.577134132385254 -1043.47314453125
v -10741.0634765625 9.577086448669434 -243.96051025390625
v -10770.7890625 9.577081680297852 -244.9985809326172
v -10742.869140625 9.577129364013672 -1044.51123046875
v -10713.1435546875 309.594970703125 -1043.47314453125
v -10741.0634765625 309.59490966796875 -243.9604949951172
v -10770.7890625 309.59490966796875 -244.99855041503906
v -10742.869140625 309.5949401855469 -1044.51123046875
v -10739.4052734375 9.576919555664062 -242.5012664794922
v -11538.919921875 9.576919555664062 -270.4208984375
v -11535.4189453125 9.576937675476074 -370.6878967285156
v -10735.904296875 9.576937675476074 -342.7682800292969
v -10739.4052734375 309.576904296875 -242.50120544433594
v -11538.919921875 309.576904296875 -270.42083740234375
v -11535.4189453125 309.5769348144531 -370.6878662109375
v -10735.904296875 309.5769348144531 -342.7682189941406
v -11512.3525390625 9.57701301574707 -263.8996276855469
v -12311.865234375 9.57701301574707 -291.8193359375
v -12287.521484375 9.577102661132812 -988.9530029296875
v -11488.0087890625 9.577102661132812 -961.0332641601562
v -11512.3525390625 309.5770263671875 -263.89959716796875
v -12311.865234375 309.5770263671875 -291.81927490234375
v -12287.521484375 309.5771179199219 -988.9529418945312
v -11488.0087890625 309.5771179199219 -961.0332641601562
v -12306.8408203125 9.576919555664062 -291.5509948730469
v -13106.353515625 9.576931953430176 -319.470703125
v -13105.3154296875 9.576926231384277 -349.1967468261719
v -12305.802734375 9.57691478729248 -321.2770080566406
v -12306.8408203125 309.5947570800781 -291.551025390625
v -13106.353515625 309.5947570800781 -319.47076416015625
v -13105.3154296875 309.5947570800781 -349.19677734375
v -12305.802734375 309.5947265625 -321.2770690917969
v -13103.5380859375 9.57701301574707 -314.1173400878906
v -13903.05078125 9.57701301574707 -342.03704833984375
v -13902.00390625 9.577016830444336 -372.0187683105469
v -13102.4912109375 9.577016830444336 -344.09906005859375
v -13103.5380859375 309.6485595703125 -314.1173095703125
v -13903.05078125 309.6485595703125 -342.0370178222656
v -13902.00390625 309.6485595703125 -372.01873779296875
v -13102.4912109375 309.6485595703125 -344.0990295410156
v -13048.6376953125 9.577033996582031 -2711.309326171875
v -12249.125 9.577033042907715 -2683.3896484375
v -12273.4765625 9.577120780944824 -1986.0355224609375
v -13072.9892578125 9.577122688293457 -2013.955078125
v -13048.6376953125 309.5770263671875 -2711.309326171875
v -12249.125 309.5770263671875 -2683.3896484375
v -12273.4765625 309.5771179199219 -1986.0355224609375
v -13072.9892578125 309.5771179199219 -2013.955078125
v -12251.5458984375 9.577033996582031 -2682.408935546875
v -11452.033203125 9.577033042907715 -2654.4892578125
v -11476.384765625 9.577120780944824 -1957.135009765625
v -12275.8974609375 9.577122688293457 -1985.0545654296875
v -12251.5458984375 309.5770263671875 -2682.408935546875
v -11452.033203125 309.5770263671875 -2654.4892578125
v -11476.384765625 309.5771179199219 -1957.135009765625
v -12275.8974609375 309.5771179199219 -1985.0545654296875
v -13876.3896484375 9.577197074890137 -1136.840576171875
v -13848.4697265625 9.577173233032227 -1936.353271484375
v -13151.115234375 9.577256202697754 -1912.0009765625
v -13179.03515625 9.577280044555664 -1112.48828125
v -13876.3896484375 309.57720947265625 -1136.840576171875
v -13848.4697265625 309.5771789550781 -1936.353271484375
v -13151.115234375 309.5772705078125 -1912.0009765625
v -13179.03515625 309.5772705078125 -1112.48828125
v -13847.939453125 9.577378273010254 -1934.0955810546875
v -13820.0205078125 9.577330589294434 -2733.608154296875
v -13790.2939453125 9.577325820922852 -2732.570068359375
v -13818.2138671875 9.577373504638672 -1933.0574951171875
v -13847.939453125 309.59521484375 -1934.0955810546875
v -13820.0205078125 309.59515380859375 -2733.608154296875
v -13790.2939453125 309.59515380859375 -2732.570068359375
v -13818.2138671875 309.5951843261719 -1933.0574951171875
v -13904.115234375 9.577357292175293 -337.4627990722656
v -13876.1953125 9.577333450317383 -1136.9754638671875
v -13775.9287109375 9.57734489440918 -1133.4739990234375
v -13803.8486328125 9.57736873626709 -333.96136474609375
v -13904.115234375 309.5773620605469 -337.4627990722656
v -13876.1953125 309.57733154296875 -1136.9754638671875
v -13775.9287109375 309.57733154296875 -1133.4739990234375
v -13803.8486328125 309.5773620605469 -333.96136474609375
v -13816.158203125 9.57725715637207 -2734.547607421875
v -13016.6435546875 9.57725715637207 -2706.627685546875
v -13020.1455078125 9.5772705078125 -2606.36083984375
v -13819.66015625 9.5772705078125 -2634.280517578125
v -13816.158203125 309.5772705078125 -2734.547607421875
v -13016.6435546875 309.5772705078125 -2706.627685546875
v -13020.1455078125 309.5772705078125 -2606.36083984375
v -13819.66015625 309.5772705078125 -2634.280517578125
v -11452.5751953125 9.57701301574707 -2651.833984375
v -10653.0625 9.57701301574707 -2623.9140625
v -10654.109375 9.577016830444336 -2593.932373046875
v -11453.6220703125 9.577016830444336 -2621.85205078125
v -11452.5751953125 309.6485595703125 -2651.833984375
v -10653.0625 309.6485595703125 -2623.914306640625
v -10654.109375 309.6485595703125 -2593.9326171875
v -11453.6220703125 309.6485595703125 -2621.852294921875
v -12293.138671875 9.57763671875 -280.22412109375
v -12323.12890625 9.57763671875 -281.0094299316406
v -12322.65234375 9.57763671875 -299.2024230957031
v -12292.662109375 9.57763671875 -298.4171142578125
v -12293.138671875 319.57763671875 -280.22412109375
v -12323.12890625 319.57763671875 -281.0094299316406
v -12322.65234375 319.57763671875 -299.2024230957031
v -12292.662109375 319.57763671875 -298.4171142578125
v -10698.609375 9.57763671875 -1051.3831787109375
v -10700.1796875 9.57763671875 -1021.42431640625
v -10718.353515625 9.57763671875 -1022.3767700195312
v -10716.783203125 9.57763671875 -1052.335693359375
v -10698.609375 319.57763671875 -1051.3831787109375
v -10700.1796875 319.57763671875 -1021.42431640625
v -10718.353515625 319.57763671875 -1022.3767700195312
v -10716.783203125 319.57763671875 -1052.335693359375
v -12265.2294921875 9.57763671875 -2690.875
v -12235.2294921875 9.57763671875 -2690.875
v -12235.2294921875 9.57763671875 -2672.67578125
v -12265.2294921875 9.57763671875 -2672.67578125
v -12265.2294921875 319.57763671875 -2690.875
v -12235.2294921875 319.57763671875 -2690.875
v -12235.2294921875 319.57763671875 -2672.67578125
v -12265.2294921875 319.57763671875 -2672.67578125
v 9735.8818359375 4.790283203125 12041.55859375
v 9737.818359375 4.790283203125 12115.533203125
v 9733.26171875 4.790283203125 12115.65234375
v 9731.32421875 4.790283203125 12041.677734375
v 9735.8818359375 251.420166015625 12041.55859375
v 9737.818359375 251.420166015625 12115.533203125
v 9733.26171875 251.420166015625 12115.65234375
v 9731.32421875 251.420166015625 12041.677734375
v -8071.6591796875 4.790283203125 -9745.2890625
v -8145.6142578125 4.790283203125 -9747.87109375
v -8145.455078125 4.790283203125 -9752.4267578125
v -8071.5 4.790283203125 -9749.8447265625
v -8071.6591796875 251.420166015625 -9745.2890625
v -8145.6142578125 251.420166015625 -9747.87109375
v -8145.455078125 251.420166015625 -9752.4267578125
v -8071.5 251.420166015625 -9749.8447265625
v 4642.724609375 4.790283203125 14775.888671875
v 4569.1298828125 4.790283203125 14768.1533203125
v 4569.6064453125 4.790283203125 14763.6201171875
v 4643.201171875 4.790283203125 14771.3544921875
v 4642.724609375 251.420166015625 14775.888671875
v 4569.1298828125 251.420166015625 14768.1533203125
v 4569.6064453125 251.420166015625 14763.6201171875
v 4643.201171875 251.420166015625 14771.3544921875
v 10116.2236328125 4.790283203125 15694.3642578125
v 10123.31640625 4.790283203125 15768.0234375
v 10118.779296875 4.790283203125 15768.4609375
v 10111.6865234375 4.790283203125 15694.80078125
v 10116.2236328125 251.420166015625 15694.3642578125
v 10123.31640625 251.420166015625 15768.0234375
v 10118.779296875 251.420166015625 15768.4609375
v 10111.6865234375 251.420166015625 15694.80078125
v -1030.740234375 4.790283203125 -9921.46484375
v -1104.740234375 4.790283203125 -9921.46484375
v -1104.740234375 4.790283203125 -9926.0234375
v -1030.740234375 4.790283203125 -9926.0234375
v -1030.740234375 251.420166015625 -9921.46484375
v -1104.740234375 251.420166015625 -9921.46484375
v -1104.740234375 251.420166015625 -9926.0234375
v -1030.740234375 251.420166015625 -9926.0234375
v -4032.156005859375 4.790283203125 -12923.392578125
v -4025.706298828125 4.790283203125 -12849.673828125
v -4030.24755859375 4.790283203125 -12849.27734375
v -4036.697265625 4.790283203125 -12922.9951171875
v -4032.156005859375 251.420166015625 -12923.392578125
v -4025.706298828125 251.420166015625 -12849.673828125
v -4030.24755859375 251.420166015625 -12849.27734375
v -4036.697265625 251.420166015625 -12922.9951171875
v 5198.20654296875 4.790283203125 -10788.2001953125
v 5124.2177734375 4.790283203125 -10786.9091796875
v 5124.13818359375 4.790283203125 -10791.466796875
v 5198.126953125 4.790283203125 -10792.7587890625
v 5198.20654296875 251.420166015625 -10788.2001953125
v 5124.2177734375 251.420166015625 -10786.9091796875
v 5124.13818359375 251.420166015625 -10791.466796875
v 5198.126953125 251.420166015625 -10792.7587890625
v 16975.306640625 5.26953125 -7597.48974609375
v 16975.3046875 5.26953125 -816.9820556640625
v 15427.2041015625 5.26953125 -816.982177734375
v 15427.2041015625 5.26953125 -7597.490234375
v 16975.306640625 359.560546875 -7597.48974609375
v 16975.3046875 359.560546875 -816.9820556640625
v 15427.2041015625 359.560546875 -816.982177734375
v 15427.2041015625 359.560546875 -7597.490234375
v 15601.7099609375 26.2099609375 -1770.5081787109375
v 15601.7099609375 26.2099609375 -2671.578369140625
v 16702.087890625 26.2099609375 -2671.578369140625
v 16702.087890625 26.2099609375 -1770.5079345703125
v 15601.7099609375 820.970703125 -1770.5081787109375
v 15601.7099609375 820.970703125 -2671.578369140625
v 16702.087890625 820.970703125 -2671.578369140625
v 16702.087890625 820.970703125 -1770.5079345703125
v 15601.7099609375 26.2099609375 -3271.531494140625
v 15601.7099609375 26.2099609375 -4172.60205078125
v 16702.087890625 26.2099609375 -4172.6015625
v 16702.087890625 26.2099609375 -3271.531494140625
v 15601.7099609375 820.970703125 -3271.531494140625
v 15601.7099609375 820.970703125 -4172.60205078125
v 16702.087890625 820.970703125 -4172.6015625
v 16702.087890625 820.970703125 -3271.531494140625
v 15601.7060546875 26.2099609375 -4172.60205078125
v 15601.7060546875 26.2099609375 -5073.67236328125
v 16702.083984375 26.2099609375 -5073.671875
v 16702.083984375 26.2099609375 -4172.6015625
v 15601.7060546875 820.970703125 -4172.60205078125
v 15601.7060546875 820.970703125 -5073.67236328125
v 16702.083984375 820.970703125 -5073.671875
v 16702.083984375 820.970703125 -4172.6015625
v 15601.7138671875 26.2099609375 -5673.62548828125
v 15601.7138671875 26.2099609375 -6574.69580078125
v 16702.091796875 26.2099609375 -6574.6953125
v 16702.091796875 26.2099609375 -5673.625
v 15601.7138671875 820.970703125 -5673.62548828125
v 15601.7138671875 820.970703125 -6574.69580078125
v 16702.091796875 820.970703125 -6574.6953125
v 16702.091796875 820.970703125 -5673.625
v 16983.16015625 5.26953125 -817.85546875
v 16983.16015625 5.26953125 5962.65234375
v 15435.05859375 5.26953125 5962.65234375
v 15435.05859375 5.26953125 -817.85546875
v 16983.16015625 359.560546875 -817.85546875
v 16983.16015625 359.560546875 5962.65234375
v 15435.05859375 359.560546875 5962.65234375
v 15435.05859375 359.560546875 -817.85546875
v 15613.294921875 26.208984375 3507.923583984375
v 15613.2958984375 26.208984375 2606.853271484375
v 16614.099609375 26.208984375 2606.853515625
v 16614.099609375 26.208984375 3507.923828125
v 15613.294921875 820.9921875 3507.923583984375
v 15613.2958984375 820.9921875 2606.853271484375
v 16614.099609375 820.9921875 2606.853515625
v 16614.099609375 820.9921875 3507.923828125
v 15613.294921875 26.208984375 2606.657958984375
v 15613.2958984375 26.208984375 1705.5877685546875
v 16614.099609375 26.208984375 1705.5877685546875
v 16614.099609375 26.208984375 2606.658203125
v 15613.294921875 820.9921875 2606.657958984375
v 15613.2958984375 820.9921875 1705.5877685546875
v 16614.099609375 820.9921875 1705.5877685546875
v 16614.099609375 820.9921875 2606.658203125
v 15613.2958984375 26.2099609375 1106.0057373046875
v 15613.2958984375 26.2099609375 204.93536376953125
v 16713.67578125 26.2099609375 204.9354705810547
v 16713.67578125 26.2099609375 1106.0057373046875
v 15613.2958984375 820.970703125 1106.0057373046875
v 15613.2958984375 820.970703125 204.93536376953125
v 16713.67578125 820.970703125 204.9354705810547
v 16713.67578125 820.970703125 1106.0057373046875
v 15615.0185546875 26.2099609375 5009.041015625
v 15615.0185546875 26.2099609375 4107.970703125
v 16715.3984375 26.2099609375 4107.970703125
v 16715.3984375 26.2099609375 5009.041015625
v 15615.0185546875 820.970703125 5009.041015625
v 15615.0185546875 820.970703125 4107.970703125
v 16715.3984375 820.970703125 4107.970703125
v 16715.3984375 820.970703125 5009.041015625
v 15902.03515625 21.72265625 -1170.5589599609375
v 15902.03515625 21.72265625 -1770.5081787109375
v 16701.41015625 21.72265625 -1770.508056640625
v 16701.41015625 21.72265625 -1170.558837890625
v 15902.03515625 548.0634765625 -1170.5589599609375
v 15902.03515625 548.0634765625 -1770.5081787109375
v 16701.41015625 548.0634765625 -1770.508056640625
v 16701.41015625 548.0634765625 -1170.558837890625
v 15902.03125 21.72265625 -6574.69189453125
v 15902.03125 21.72265625 -7174.64111328125
v 16700.958984375 21.72265625 -7174.640625
v 16700.958984375 21.72265625 -6574.69140625
v 15902.03125 548.0634765625 -6574.69189453125
v 15902.03125 548.0634765625 -7174.64111328125
v 16700.958984375 548.0634765625 -7174.640625
v 16700.958984375 548.0634765625 -6574.69140625
v 15902.03125 21.72265625 -5073.66845703125
v 15902.03125 21.72265625 -5673.61767578125
v 16700.958984375 21.72265625 -5673.6171875
v 16700.958984375 21.72265625 -5073.66796875
v 15902.03125 548.0634765625 -5073.66845703125
v 15902.03125 548.0634765625 -5673.61767578125
v 16700.958984375 548.0634765625 -5673.6171875
v 16700.958984375 548.0634765625 -5073.66796875
v 15902.02734375 21.72265625 -2671.578369140625
v 15902.02734375 21.72265625 -3271.527587890625
v 16701.40234375 21.72265625 -3271.527587890625
v 16701.40234375 21.72265625 -2671.578369140625
v 15902.02734375 548.0634765625 -2671.578369140625
v 15902.02734375 548.0634765625 -3271.527587890625
v 16701.40234375 548.0634765625 -3271.527587890625
v 16701.40234375 548.0634765625 -2671.578369140625
v 15914.42578125 21.72265625 204.9431915283203
v 15914.42578125 21.72265625 -395.00604248046875
v 16713.353515625 21.72265625 -395.0059814453125
v 16713.353515625 21.72265625 204.94325256347656
v 15914.42578125 548.0634765625 204.9431915283203
v 15914.42578125 548.0634765625 -395.00604248046875
v 16713.353515625 548.0634765625 -395.0059814453125
v 16713.353515625 548.0634765625 204.94325256347656
v 15914.42578125 21.72265625 1705.9666748046875
v 15914.42578125 21.72265625 1106.0174560546875
v 16713.353515625 21.72265625 1106.0174560546875
v 16713.353515625 21.72265625 1705.9666748046875
v 15914.42578125 548.0634765625 1705.9666748046875
v 15914.42578125 548.0634765625 1106.0174560546875
v 16713.353515625 548.0634765625 1106.0174560546875
v 16713.353515625 548.0634765625 1705.9666748046875
v 15916.1484375 21.72265625 4107.970703125
v 15916.1484375 21.72265625 3508.021240234375
v 16715.5234375 21.72265625 3508.021484375
v 16715.5234375 21.72265625 4107.970703125
v 15916.1484375 548.0634765625 4107.970703125
v 15916.1484375 548.0634765625 3508.021240234375
v 16715.5234375 548.0634765625 3508.021484375
v 16715.5234375 548.0634765625 4107.970703125
v 15916.1484375 21.72265625 5608.994140625
v 15916.1484375 21.72265625 5009.044921875
v 16715.5234375 21.72265625 5009.044921875
v 16715.5234375 21.72265625 5608.994140625
v 15916.1484375 548.0634765625 5608.994140625
v 15916.1484375 548.0634765625 5009.044921875
v 16715.5234375 548.0634765625 5009.044921875
v 16715.5234375 548.0634765625 5608.994140625
v 17886.498046875 26.208984375 2582.189208984375
v 17886.498046875 26.208984375 1681.1190185546875
v 18887.302734375 26.208984375 1681.1190185546875
v 18887.302734375 26.208984375 2582.189453125
v 17886.498046875 820.9921875 2582.189208984375
v 17886.498046875 820.9921875 1681.1190185546875
v 18887.302734375 820.9921875 1681.1190185546875
v 18887.302734375 820.9921875 2582.189453125
v 17886.501953125 26.2099609375 1081.5408935546875
v 17886.501953125 26.2099609375 180.47052001953125
v 18986.880859375 26.2099609375 180.4706268310547
v 18986.880859375 26.2099609375 1081.5408935546875
v 17886.501953125 820.970703125 1081.5408935546875
v 17886.501953125 820.970703125 180.47052001953125
v 18986.880859375 820.970703125 180.4706268310547
v 18986.880859375 820.970703125 1081.5408935546875
v 18187.62890625 21.72265625 180.4705352783203
v 18187.62890625 21.72265625 -419.47869873046875
v 18986.556640625 21.72265625 -419.4786376953125
v 18986.556640625 21.72265625 180.47059631347656
v 18187.62890625 548.0634765625 180.4705352783203
v 18187.62890625 548.0634765625 -419.47869873046875
v 18986.556640625 548.0634765625 -419.4786376953125
v 18986.556640625 548.0634765625 180.47059631347656
v 18187.62890625 21.72265625 1681.4979248046875
v 18187.62890625 21.72265625 1081.5487060546875
v 18986.556640625 21.72265625 1081.5487060546875
v 18986.556640625 21.72265625 1681.4979248046875
v 18187.62890625 548.0634765625 1681.4979248046875
v 18187.62890625 548.0634765625 1081.5487060546875
v 18986.556640625 548.0634765625 1081.5487060546875
v 18986.556640625 548.0634765625 1681.4979248046875
v 17708.265625 5.26953125 5938.18115234375
v 17708.265625 5.26953125 -842.3265380859375
v 19256.3671875 5.26953125 -842.326416015625
v 19256.3671875 5.26953125 5938.181640625
v 17708.265625 359.560546875 5938.18115234375
v 17708.265625 359.560546875 -842.3265380859375
v 19256.3671875 359.560546875 -842.326416015625
v 19256.3671875 359.560546875 5938.181640625
v 17886.501953125 26.2099609375 4984.658203125
v 17886.501953125 26.2099609375 4083.587646484375
v 18986.880859375 26.2099609375 4083.587890625
v 18986.880859375 26.2099609375 4984.658203125
v 17886.501953125 820.970703125 4984.658203125
v 17886.501953125 820.970703125 4083.587646484375
v 18986.880859375 820.970703125 4083.587890625
v 18986.880859375 820.970703125 4984.658203125
v 18187.62890625 21.72265625 4083.583740234375
v 18187.62890625 21.72265625 3483.634521484375
v 18987.00390625 21.72265625 3483.634765625
v 18987.00390625 21.72265625 4083.583984375
v 18187.62890625 548.0634765625 4083.583740234375
v 18187.62890625 548.0634765625 3483.634521484375
v 18987.00390625 548.0634765625 3483.634765625
v 18987.00390625 548.0634765625 4083.583984375
v 18187.6328125 21.72265625 5584.611328125
v 18187.6328125 21.72265625 4984.662109375
v 18987.0078125 21.72265625 4984.662109375
v 18987.0078125 21.72265625 5584.611328125
v 18187.6328125 548.0634765625 5584.611328125
v 18187.6328125 548.0634765625 4984.662109375
v 18987.0078125 548.0634765625 4984.662109375
v 18987.0078125 548.0634765625 5584.611328125
v 17886.501953125 26.208984375 3483.454833984375
v 17886.501953125 26.208984375 2582.384521484375
v 18887.306640625 26.208984375 2582.384765625
v 18887.306640625 26.208984375 3483.455078125
v 17886.501953125 820.9921875 3483.454833984375
v 17886.501953125 820.9921875 2582.384521484375
v 18887.306640625 820.9921875 2582.384765625
v 18887.306640625 820.9921875 3483.455078125
v 17867.95703125 26.2099609375 -1793.0159912109375
v 17867.95703125 26.2099609375 -2694.086181640625
v 18968.3359375 26.2099609375 -2694.086181640625
v 18968.3359375 26.2099609375 -1793.0157470703125
v 17867.95703125 820.970703125 -1793.0159912109375
v 17867.95703125 820.970703125 -2694.086181640625
v 18968.3359375 820.970703125 -2694.086181640625
v 18968.3359375 820.970703125 -1793.0157470703125
v 18168.27734375 21.72265625 -1193.0628662109375
v 18168.27734375 21.72265625 -1793.0120849609375
v 18967.65234375 21.72265625 -1793.011962890625
v 18967.65234375 21.72265625 -1193.062744140625
v 18168.27734375 548.0634765625 -1193.0628662109375
v 18168.27734375 548.0634765625 -1793.0120849609375
v 18967.65234375 548.0634765625 -1793.011962890625
v 18967.65234375 548.0634765625 -1193.062744140625
v 17693.44921875 5.26953125 -839.485107421875
v 17693.44921875 5.26953125 -7619.9931640625
v 19241.55078125 5.26953125 -7619.99267578125
v 19241.55078125 5.26953125 -839.48486328125
v 17693.44921875 359.560546875 -839.485107421875
v 17693.44921875 359.560546875 -7619.9931640625
v 19241.55078125 359.560546875 -7619.99267578125
v 19241.55078125 359.560546875 -839.48486328125
v 17867.94921875 26.2099609375 -4195.10595703125
v 17867.94921875 26.2099609375 -5096.17626953125
v 18968.328125 26.2099609375 -5096.17578125
v 18968.328125 26.2099609375 -4195.10546875
v 17867.94921875 820.970703125 -4195.10595703125
v 17867.94921875 820.970703125 -5096.17626953125
v 18968.328125 820.970703125 -5096.17578125
v 18968.328125 820.970703125 -4195.10546875
v 18168.2734375 21.72265625 -2694.082275390625
v 18168.2734375 21.72265625 -3294.031494140625
v 18967.6484375 21.72265625 -3294.031494140625
v 18967.6484375 21.72265625 -2694.082275390625
v 18168.2734375 548.0634765625 -2694.082275390625
v 18168.2734375 548.0634765625 -3294.031494140625
v 18967.6484375 548.0634765625 -3294.031494140625
v 18967.6484375 548.0634765625 -2694.082275390625
v 17867.953125 26.2099609375 -3294.035400390625
v 17867.953125 26.2099609375 -4195.10595703125
v 18968.33203125 26.2099609375 -4195.10546875
v 18968.33203125 26.2099609375 -3294.035400390625
v 17867.953125 820.970703125 -3294.035400390625
v 17867.953125 820.970703125 -4195.10595703125
v 18968.33203125 820.970703125 -4195.10546875
v 18968.33203125 820.970703125 -3294.035400390625
v 18168.28125 21.72265625 -6597.19580078125
v 18168.28125 21.72265625 -7197.14501953125
v 18967.208984375 21.72265625 -7197.14453125
v 18967.208984375 21.72265625 -6597.1953125
v 18168.28125 548.0634765625 -6597.19580078125
v 18168.28125 548.0634765625 -7197.14501953125
v 18967.208984375 548.0634765625 -7197.14453125
v 18967.208984375 548.0634765625 -6597.1953125
v 18168.2734375 21.72265625 -5096.17626953125
v 18168.2734375 21.72265625 -5696.12548828125
v 18967.201171875 21.72265625 -5696.125
v 18967.201171875 21.72265625 -5096.17578125
v 18168.2734375 548.0634765625 -5096.17626953125
v 18168.2734375 548.0634765625 -5696.12548828125
v 18967.201171875 548.0634765625 -5696.125
v 18967.201171875 548.0634765625 -5096.17578125
v 17867.96484375 26.2099609375 -5696.12939453125
v 17867.96484375 26.2099609375 -6597.19970703125
v 18968.34375 26.2099609375 -6597.19921875
v 18968.34375 26.2099609375 -5696.12890625
v 17867.96484375 820.970703125 -5696.12939453125
v 17867.96484375 820.970703125 -6597.19970703125
v 18968.34375 820.970703125 -6597.19921875
v 18968.34375 820.970703125 -5696.12890625
v -925.8397216796875 9.0771484375 -9924.2109375
v -1228.3204345703125 9.0771484375 -10318.4111328125
v -854.4867553710938 9.0771484375 -10605.263671875
v -552.0060424804688 9.0771484375 -10211.0634765625
v -925.8397216796875 666.36962890625 -9924.2109375
v -1228.3204345703125 666.36962890625 -10318.4111328125
v -854.4867553710938 666.36962890625 -10605.263671875
v -552.0060424804688 666.36962890625 -10211.0634765625
v -898.9808349609375 9.577880859375 -10122.0380859375
v -1020.733154296875 9.577880859375 -10280.7080078125
v -869.8286743164062 9.577880859375 -10396.501953125
v -748.0763549804688 9.577880859375 -10237.8310546875
v -898.9808349609375 76.4150390625 -10122.0380859375
v -1020.733154296875 76.4150390625 -10280.7080078125
v -869.8286743164062 76.4150390625 -10396.501953125
v -748.0763549804688 76.4150390625 -10237.8310546875
v -1585.2030029296875 9.0771484375 -12709.375
v -1887.6837158203125 9.0771484375 -13103.5751953125
v -1513.85009765625 9.0771484375 -13390.427734375
v -1211.3692626953125 9.0771484375 -12996.2275390625
v -1585.2030029296875 666.36962890625 -12709.375
v -1887.6837158203125 666.36962890625 -13103.5751953125
v -1513.85009765625 666.36962890625 -13390.427734375
v -1211.3692626953125 666.36962890625 -12996.2275390625
v -1558.3441162109375 9.577880859375 -12907.2060546875
v -1680.096435546875 9.577880859375 -13065.8759765625
v -1529.19189453125 9.577880859375 -13181.669921875
v -1407.439697265625 9.577880859375 -13022.9990234375
v -1558.3441162109375 76.4150390625 -12907.2060546875
v -1680.096435546875 76.4150390625 -13065.8759765625
v -1529.19189453125 76.4150390625 -13181.669921875
v -1407.439697265625 76.4150390625 -13022.9990234375
v -367.3615417480469 6.523193359375 -13498.3349609375
v -554.9786376953125 6.523193359375 -13422.533203125
v -591.4742431640625 6.523193359375 -13512.86328125
v -403.857177734375 6.523193359375 -13588.6650390625
v -367.3615417480469 110.648193359375 -13498.3349609375
v -554.9786376953125 110.648193359375 -13422.533203125
v -591.4742431640625 110.648193359375 -13512.86328125
v -403.857177734375 110.648193359375 -13588.6650390625
v -632.2490844726562 6.523193359375 -13616.017578125
v -444.6319885253906 6.523193359375 -13691.8193359375
v -408.1363525390625 6.523193359375 -13601.490234375
v -595.7534790039062 6.523193359375 -13525.6875
v -632.2490844726562 110.648193359375 -13616.017578125
v -444.6319885253906 110.648193359375 -13691.8193359375
v -408.1363525390625 110.648193359375 -13601.490234375
v -595.7534790039062 110.648193359375 -13525.6875
v 17206.306640625 9.577788352966309 5322.89990234375
v 17466.26953125 9.577788352966309 5265.26806640625
v 17512.296875 9.577791213989258 5472.88330078125
v 17252.333984375 9.577791213989258 5530.515625
v 17206.306640625 672.5921630859375 5322.89990234375
v 17466.26953125 672.5921630859375 5265.26806640625
v 17512.296875 672.5922241210938 5472.88330078125
v 17252.333984375 672.5922241210938 5530.515625
v 17236.099609375 9.577880859375 5329.62939453125
v 17431.359375 9.577880859375 5286.34130859375
v 17472.529296875 9.577880859375 5472.04345703125
v 17277.26953125 9.577880859375 5515.33154296875
v 17236.099609375 76.4150390625 5329.62939453125
v 17431.359375 76.4150390625 5286.34130859375
v 17472.529296875 76.4150390625 5472.04345703125
v 17277.26953125 76.4150390625 5515.33154296875
v 17199.658203125 9.577880859375 3935.562744140625
v 17324.162109375 9.577880859375 3779.041015625
v 17473.021484375 9.577880859375 3897.4501953125
v 17348.51953125 9.577880859375 4053.971923828125
v 17199.658203125 76.4150390625 3935.562744140625
v 17324.162109375 76.4150390625 3779.041015625
v 17473.021484375 76.4150390625 3897.4501953125
v 17348.51953125 76.4150390625 4053.971923828125
v 17172.265625 9.57758903503418 3949.0908203125
v 17338.025390625 9.577591896057129 3740.703125
v 17504.451171875 9.577588081359863 3873.084716796875
v 17338.69140625 9.57758617401123 4081.472412109375
v 17172.265625 672.5919799804688 3949.0908203125
v 17338.025390625 672.5919799804688 3740.703125
v 17504.451171875 672.5919799804688 3873.084716796875
v 17338.693359375 672.5919799804688 4081.47265625
v 17232.5 9.577880859375 1703.9169921875
v 17432.2265625 9.577880859375 1714.38427734375
v 17422.271484375 9.577880859375 1904.33447265625
v 17222.546875 9.577880859375 1893.8673095703125
v 17232.5 76.4150390625 1703.9169921875
v 17432.2265625 76.4150390625 1714.38427734375
v 17422.271484375 76.4150390625 1904.33447265625
v 17222.546875 76.4150390625 1893.8673095703125
v 17205.580078125 9.577597618103027 1689.4720458984375
v 17471.48828125 9.577597618103027 1703.40771484375
v 17460.359375 9.577594757080078 1915.7725830078125
v 17194.451171875 9.577594757080078 1901.8369140625
v 17205.580078125 672.5919799804688 1689.4720458984375
v 17471.48828125 672.5919799804688 1703.40771484375
v 17460.359375 672.5919799804688 1915.7725830078125
v 17194.451171875 672.5919799804688 1901.8369140625
v 17401.580078125 9.57763385772705 210.09933471679688
v 17169.828125 9.57763671875 78.9800796508789
v 17274.544921875 9.57763957977295 -106.10652160644531
v 17506.296875 9.57763671875 25.012739181518555
v 17401.580078125 672.592041015625 210.09934997558594
v 17169.828125 672.592041015625 78.98008728027344
v 17274.544921875 672.592041015625 -106.10650634765625
v 17506.296875 672.592041015625 25.01275062561035
v 17383.939453125 9.577880859375 185.1596221923828
v 17209.869140625 9.577880859375 86.67491912841797
v 17303.533203125 9.577880859375 -78.87625885009766
v 17477.603515625 9.577880859375 19.608442306518555
v 17383.939453125 76.4150390625 185.1596221923828
v 17209.869140625 76.4150390625 86.67491912841797
v 17303.533203125 76.4150390625 -78.87625885009766
v 17477.603515625 76.4150390625 19.608442306518555
v 17373.97265625 9.577683448791504 -1815.0283203125
v 17135.67578125 9.57768726348877 -1933.8388671875
v 17230.5625 9.577693939208984 -2124.15234375
v 17468.859375 9.577689170837402 -2005.3416748046875
v 17373.97265625 672.5921020507812 -1815.0281982421875
v 17135.67578125 672.5921020507812 -1933.8388671875
v 17230.5625 672.5921020507812 -2124.15234375
v 17468.859375 672.5921020507812 -2005.3416748046875
v 17355.048828125 9.577880859375 -1839.0107421875
v 17176.0625 9.577880859375 -1928.250244140625
v 17260.93359375 9.577880859375 -2098.4765625
v 17439.921875 9.577880859375 -2009.2369384765625
v 17355.048828125 76.4150390625 -1839.0107421875
v 17176.0625 76.4150390625 -1928.250244140625
v 17260.93359375 76.4150390625 -2098.4765625
v 17439.921875 76.4150390625 -2009.2369384765625
v 17135.83984375 9.577775955200195 -3703.440673828125
v 17299.7734375 9.577778816223145 -3913.26708984375
v 17467.349609375 9.577778816223145 -3782.343017578125
v 17303.4140625 9.577775955200195 -3572.5166015625
v 17135.83984375 672.5921630859375 -3703.440673828125
v 17299.7734375 672.5921630859375 -3913.26708984375
v 17467.349609375 672.5921630859375 -3782.343017578125
v 17303.4140625 672.5921630859375 -3572.5166015625
v 17174.568359375 9.577880859375 -3685.703369140625
v 17254.318359375 9.577880859375 -3869.115478515625
v 17428.751953125 9.577880859375 -3793.26904296875
v 17349.001953125 9.577880859375 -3609.85693359375
v 17174.568359375 76.4150390625 -3685.703369140625
v 17254.318359375 76.4150390625 -3869.115478515625
v 17428.751953125 76.4150390625 -3793.26904296875
v 17349.001953125 76.4150390625 -3609.85693359375
v 17214.748046875 9.577689170837402 -4943.79248046875
v 17168.509765625 9.577691078186035 -5206.02099609375
v 17377.935546875 9.57769775390625 -5242.9482421875
v 17424.173828125 9.577695846557617 -4980.72021484375
v 17214.748046875 672.5921020507812 -4943.79248046875
v 17168.509765625 672.5921020507812 -5206.02099609375
v 17377.935546875 672.5921020507812 -5242.9482421875
v 17424.173828125 672.5921020507812 -4980.72021484375
v 17222.767578125 9.577880859375 -4973.26806640625
v 17188.037109375 9.577880859375 -5170.2294921875
v 17375.359375 9.577880859375 -5203.25927734375
v 17410.087890625 9.577880859375 -5006.2978515625
v 17222.767578125 76.4150390625 -4973.26806640625
v 17188.037109375 76.4150390625 -5170.2294921875
v 17375.359375 76.4150390625 -5203.25927734375
v 17410.087890625 76.4150390625 -5006.2978515625
v 17374.060546875 9.577831268310547 -6330.85107421875
v 17123.05859375 9.57783317565918 -6419.73486328125
v 17194.044921875 9.577836990356445 -6620.193359375
v 17445.046875 9.577834129333496 -6531.3095703125
v 17374.060546875 672.5922241210938 -6330.85107421875
v 17123.05859375 672.5922241210938 -6419.73486328125
v 17194.044921875 672.5922241210938 -6620.193359375
v 17445.046875 672.5922241210938 -6531.3095703125
v 17352.361328125 9.577880859375 -6352.34765625
v 17163.83203125 9.577880859375 -6419.109375
v 17227.326171875 9.577880859375 -6598.41015625
v 17415.85546875 9.577880859375 -6531.6484375
v 17352.361328125 76.4150390625 -6352.34765625
v 17163.83203125 76.4150390625 -6419.109375
v 17227.326171875 76.4150390625 -6598.41015625
v 17415.85546875 76.4150390625 -6531.6484375
v 15570.2763671875 9.577788352966309 3658.31982421875
v 15830.23828125 9.577788352966309 3600.687744140625
v 15876.2646484375 9.577791213989258 3808.30322265625
v 15616.3037109375 9.577791213989258 3865.935302734375
v 15570.2763671875 672.5921630859375 3658.31982421875
v 15830.23828125 672.5921630859375 3600.687744140625
v 15876.2646484375 672.5922241210938 3808.30322265625
v 15616.3037109375 672.5922241210938 3865.935302734375
v 15403.423828125 9.0771484375 -853.1873779296875
v 15961.296875 9.0771484375 -976.8648681640625
v 16082.669921875 9.0771484375 -429.3877868652344
v 15524.796875 9.0771484375 -305.7102966308594
v 15403.423828125 699.081787109375 -853.1873779296875
v 15961.296875 699.081787109375 -976.8648681640625
v 16082.669921875 699.081787109375 -429.3877868652344
v 15524.796875 699.081787109375 -305.7102966308594
v 15301.1767578125 9.0771484375 5662.4404296875
v 15786.27734375 9.0771484375 5554.89599609375
v 15888.265625 9.0771484375 6014.93359375
v 15403.1640625 9.0771484375 6122.47802734375
v 15301.1767578125 666.36962890625 5662.4404296875
v 15786.27734375 666.36962890625 5554.89599609375
v 15888.265625 666.36962890625 6014.93359375
v 15403.1640625 666.36962890625 6122.47802734375
v 15514.5 9.575891494750977 -1445.06591796875
v 15766.76953125 9.575888633728027 -1500.99267578125
v 15810.2548828125 9.57589054107666 -1304.8392333984375
v 15557.9853515625 9.57589340209961 -1248.912353515625
v 15514.5 224.3600616455078 -1445.06591796875
v 15766.76953125 224.3600616455078 -1500.99267578125
v 15810.2548828125 224.3600616455078 -1304.8392333984375
v 15557.9853515625 224.3600616455078 -1248.912353515625
v 15359.994140625 9.0771484375 -7591.71875
v 15917.8671875 9.0771484375 -7715.39599609375
v 16039.240234375 9.0771484375 -7167.9189453125
v 15481.3671875 9.0771484375 -7044.24169921875
v 15359.994140625 699.081787109375 -7591.71875
v 15917.8671875 699.081787109375 -7715.39599609375
v 16039.240234375 699.081787109375 -7167.9189453125
v 15481.3671875 699.081787109375 -7044.24169921875
v -3186.44384765625 4.26904296875 -12882.41015625
v -3224.337158203125 4.26904296875 -12880.4248046875
v -3226.69384765625 4.26904296875 -12925.39453125
v -3188.800537109375 4.26904296875 -12927.3798828125
v -3186.44384765625 298.56689453125 -12882.41015625
v -3224.337158203125 298.56689453125 -12880.4248046875
v -3226.69384765625 298.56689453125 -12925.39453125
v -3188.800537109375 298.56689453125 -12927.3798828125
v 17135.21484375 -4.63818359375 5529.5498046875
v 17137.015625 -4.63818359375 5735.76806640625
v 17033.072265625 -4.63818359375 5736.67529296875
v 17031.271484375 -4.63818359375 5530.45654296875
v 17135.21484375 98.545654296875 5529.5498046875
v 17137.015625 98.545654296875 5735.76806640625
v 17033.072265625 98.545654296875 5736.67529296875
v 17031.271484375 98.545654296875 5530.45654296875
v 17110.30078125 -4.63818359375 4078.862060546875
v 17112.1015625 -4.63818359375 4285.08056640625
v 17008.158203125 -4.63818359375 4285.98779296875
v 17006.357421875 -4.63818359375 4079.769287109375
v 17110.30078125 98.545654296875 4078.862060546875
v 17112.1015625 98.545654296875 4285.08056640625
v 17008.158203125 98.545654296875 4285.98779296875
v 17006.357421875 98.545654296875 4079.769287109375
v 17106.76953125 -4.63818359375 2339.11572265625
v 17104.970703125 -4.63818359375 2545.33447265625
v 17001.02734375 -4.63818359375 2544.42724609375
v 17002.826171875 -4.63818359375 2338.208740234375
v 17106.76953125 98.545654296875 2339.11572265625
v 17104.970703125 98.545654296875 2545.33447265625
v 17001.02734375 98.545654296875 2544.42724609375
v 17002.826171875 98.545654296875 2338.208740234375
v 17108.5390625 -4.63818359375 1471.4962158203125
v 17103.140625 -4.63818359375 1677.652099609375
v 16999.228515625 -4.63818359375 1674.93115234375
v 17004.626953125 -4.63818359375 1468.7752685546875
v 17108.5390625 98.545654296875 1471.4962158203125
v 17103.140625 98.545654296875 1677.652099609375
v 16999.228515625 98.545654296875 1674.93115234375
v 17004.626953125 98.545654296875 1468.7752685546875
v 17561.923828125 -4.63818359375 433.57476806640625
v 17570.91796875 -4.63818359375 227.5444793701172
v 17674.767578125 -4.63818359375 232.07859802246094
v 17665.771484375 -4.63818359375 438.10888671875
v 17561.923828125 98.545654296875 433.57476806640625
v 17570.91796875 98.545654296875 227.5444793701172
v 17674.767578125 98.545654296875 232.07859802246094
v 17665.771484375 98.545654296875 438.10888671875
v 17285.494140625 -0.08056640625 2962.89794921875
v 17332.26953125 -0.08056640625 2964.531494140625
v 17330.63671875 -0.08056640625 3011.3076171875
v 17283.859375 -0.08056640625 3009.67431640625
v 17285.494140625 333.158447265625 2962.89794921875
v 17332.26953125 333.158447265625 2964.531494140625
v 17330.63671875 333.158447265625 3011.3076171875
v 17283.859375 333.158447265625 3009.67431640625
v 17558.818359375 -4.63818359375 -6863.595703125
v 17558.818359375 -4.63818359375 -7069.822265625
v 17662.765625 -4.63818359375 -7069.822265625
v 17662.765625 -4.63818359375 -6863.595703125
v 17558.818359375 98.545654296875 -6863.595703125
v 17558.818359375 98.545654296875 -7069.822265625
v 17662.765625 98.545654296875 -7069.822265625
v 17662.765625 98.545654296875 -6863.595703125
v 17566.83984375 -4.63818359375 -2866.5166015625
v 17570.4375 -4.63818359375 -3072.711669921875
v 17674.369140625 -4.63818359375 -3070.8974609375
v 17670.76953125 -4.63818359375 -2864.702392578125
v 17566.83984375 98.545654296875 -2866.5166015625
v 17570.4375 98.545654296875 -3072.711669921875
v 17674.369140625 98.545654296875 -3070.8974609375
v 17670.76953125 98.545654296875 -2864.702392578125
v 17559.66796875 -4.63818359375 -4695.615234375
v 17565.06640625 -4.63818359375 -4901.771484375
v 17668.978515625 -4.63818359375 -4899.05029296875
v 17663.580078125 -4.63818359375 -4692.89453125
v 17559.66796875 98.545654296875 -4695.615234375
v 17565.06640625 98.545654296875 -4901.771484375
v 17668.978515625 98.545654296875 -4899.05029296875
v 17663.580078125 98.545654296875 -4692.89453125
v 17567.56640625 -4.63818359375 -1552.8790283203125
v 17572.96484375 -4.63818359375 -1759.034912109375
v 17676.876953125 -4.63818359375 -1756.31396484375
v 17671.478515625 -4.63818359375 -1550.1580810546875
v 17567.56640625 98.545654296875 -1552.8790283203125
v 17572.96484375 98.545654296875 -1759.034912109375
v 17676.876953125 98.545654296875 -1756.31396484375
v 17671.478515625 98.545654296875 -1550.1580810546875
v 17301.083984375 -0.08056640625 -3964.89501953125
v 17347.859375 -0.08056640625 -3963.261474609375
v 17346.2265625 -0.08056640625 -3916.4853515625
v 17299.44921875 -0.08056640625 -3918.11865234375
v 17301.083984375 333.158447265625 -3964.89501953125
v 17347.859375 333.158447265625 -3963.261474609375
v 17346.2265625 333.158447265625 -3916.4853515625
v 17299.44921875 333.158447265625 -3918.11865234375
v 17238.650390625 -3.9892578125 5888.78076171875
v 17428.568359375 -3.9892578125 5895.41259765625
v 17426.935546875 -3.9892578125 5942.18896484375
v 17237.015625 -3.9892578125 5935.556640625
v 17238.650390625 328.14404296875 5888.78076171875
v 17428.568359375 328.14404296875 5895.41259765625
v 17426.935546875 328.14404296875 5942.18896484375
v 17237.015625 328.14404296875 5935.556640625
v 17253.087890625 -3.9892578125 -862.7037353515625
v 17443.005859375 -3.9892578125 -856.0715942382812
v 17441.373046875 -3.9892578125 -809.29541015625
v 17251.453125 -3.9892578125 -815.9275512695312
v 17253.087890625 328.14404296875 -862.7037353515625
v 17443.005859375 328.14404296875 -856.0715942382812
v 17441.373046875 328.14404296875 -809.29541015625
v 17251.453125 328.14404296875 -815.9275512695312
v 15345.2978515625 -3.9892578125 -7358.98974609375
v 15343.6396484375 -3.9892578125 -7549.017578125
v 15390.4423828125 -3.9892578125 -7549.42626953125
v 15392.1005859375 -3.9892578125 -7359.3984375
v 15345.2978515625 328.14404296875 -7358.98974609375
v 15343.6396484375 328.14404296875 -7549.017578125
v 15390.4423828125 328.14404296875 -7549.42626953125
v 15392.1005859375 328.14404296875 -7359.3984375
v 15349.7939453125 -3.9892578125 -495.7516174316406
v 15348.1357421875 -3.9892578125 -685.779541015625
v 15394.9384765625 -3.9892578125 -686.18798828125
v 15396.5966796875 -3.9892578125 -496.1600646972656
v 15349.7939453125 328.14404296875 -495.7516174316406
v 15348.1357421875 328.14404296875 -685.779541015625
v 15394.9384765625 328.14404296875 -686.18798828125
v 15396.5966796875 328.14404296875 -496.1600646972656
v -81.96388244628906 6.82373046875 -13923.107421875
v -135.03353881835938 6.82373046875 -14029.548828125
v 49.693504333496094 6.82373046875 -14121.650390625
v 102.76315307617188 6.82373046875 -14015.208984375
v -81.96388244628906 162.369873046875 -13923.107421875
v -135.03353881835938 162.369873046875 -14029.548828125
v 49.693504333496094 162.369873046875 -14121.650390625
v 102.76315307617188 162.369873046875 -14015.208984375
v 10030.037109375 118.58984375 15507.9638671875
v 10030.037109375 118.58984375 15507.9638671875
v 10089.1826171875 118.58984375 15502.7890625
v 10089.1826171875 118.58984375 15502.7890625
v 10030.037109375 227.183349609375 15507.9638671875
v 10030.037109375 227.183349609375 15507.9638671875
v 10089.1826171875 227.183349609375 15502.7890625
v 10089.1826171875 227.183349609375 15502.7890625
v 10032.1611328125 9.57763671875 15584.7236328125
v 10024.9423828125 9.57763671875 15502.2109375
v 10102.1318359375 9.57763671875 15495.45703125
v 10109.3505859375 9.57763671875 15577.970703125
v 10032.1611328125 238.870361328125 15584.7236328125
v 10024.9423828125 238.870361328125 15502.2109375
v 10102.1318359375 238.870361328125 15495.45703125
v 10109.3505859375 238.870361328125 15577.970703125
v 10036.2939453125 118.58984375 15579.474609375
v 10036.2939453125 118.58984375 15579.474609375
v 10095.4384765625 118.58984375 15574.2998046875
v 10095.4384765625 118.58984375 15574.2998046875
v 10036.2939453125 227.183349609375 15579.474609375
v 10036.2939453125 227.183349609375 15579.474609375
v 10095.4384765625 227.183349609375 15574.2998046875
v 10095.4384765625 227.183349609375 15574.2998046875
v 5302.2294921875 9.285916328430176 -10428.7529296875
v 5108.3427734375 9.285916328430176 -10428.7529296875
v 5108.3427734375 9.286003112792969 -10465.0830078125
v 5302.2294921875 9.286003112792969 -10465.0830078125
v 5302.2294921875 740.582763671875 -10428.7509765625
v 5108.3427734375 740.582763671875 -10428.7509765625
v 5108.3427734375 740.5828857421875 -10465.0810546875
v 5302.2294921875 740.5828857421875 -10465.0810546875
v 5340.70654296875 9.285916328430176 -13010.1904296875
v 5148.06591796875 9.285916328430176 -12988.2421875
v 5143.95361328125 9.286003112792969 -13024.337890625
v 5336.59375 9.286003112792969 -13046.287109375
v 5340.70654296875 740.582763671875 -13010.1884765625
v 5148.06640625 740.582763671875 -12988.240234375
v 5143.95361328125 740.5828857421875 -13024.3369140625
v 5336.59375 740.5828857421875 -13046.28515625
v -4058.544189453125 9.285916328430176 -13033.552734375
v -4055.160400390625 9.285916328430176 -12839.6953125
v -4091.48486328125 9.286003112792969 -12839.0615234375
v -4094.86865234375 9.286003112792969 -13032.91796875
v -4058.54248046875 740.582763671875 -13033.552734375
v -4055.15869140625 740.582763671875 -12839.6953125
v -4091.483154296875 740.5828857421875 -12839.0615234375
v -4094.866943359375 740.5828857421875 -13032.91796875
v -7730.3603515625 9.285916328430176 -12873.3046875
v -7705.05322265625 9.285916328430176 -12681.0771484375
v -7741.072265625 9.286003112792969 -12676.3349609375
v -7766.37939453125 9.286003112792969 -12868.5625
v -7730.3583984375 740.582763671875 -12873.3046875
v -7705.05126953125 740.582763671875 -12681.0771484375
v -7741.07080078125 740.5828857421875 -12676.3349609375
v -7766.3779296875 740.5828857421875 -12868.5625
v -8233.3466796875 9.285916328430176 -10578.39453125
v -8039.7255859375 9.285916328430176 -10568.248046875
v -8041.626953125 9.286003112792969 -10531.9677734375
v -8235.248046875 9.286003112792969 -10542.1142578125
v -8233.3466796875 740.582763671875 -10578.396484375
v -8039.7255859375 740.582763671875 -10568.2490234375
v -8041.626953125 740.5828857421875 -10531.96875
v -8235.248046875 740.5828857421875 -10542.1162109375
v 4513.083984375 9.285916328430176 12397.0556640625
v 4706.7861328125 9.285916328430176 12405.5126953125
v 4705.20166015625 9.286003112792969 12441.80859375
v 4511.49951171875 9.286003112792969 12433.3505859375
v 4513.083984375 740.582763671875 12397.0537109375
v 4706.7861328125 740.582763671875 12405.5107421875
v 4705.20166015625 740.5828857421875 12441.806640625
v 4511.49951171875 740.5828857421875 12433.349609375
v 4395.931640625 9.285916328430176 14632.66015625
v 4589.6337890625 9.285916328430176 14641.1171875
v 4588.04931640625 9.286003112792969 14677.4130859375
v 4394.34716796875 9.286003112792969 14668.9560546875
v 4395.931640625 740.582763671875 14632.658203125
v 4589.6337890625 740.582763671875 14641.1162109375
v 4588.04931640625 740.5828857421875 14677.4111328125
v 4394.34716796875 740.5828857421875 14668.9541015625
v 7021.52587890625 9.285916328430176 15347.1171875
v 7068.43115234375 9.285916328430176 15158.9892578125
v 7103.68212890625 9.286003112792969 15167.7783203125
v 7056.77685546875 9.286003112792969 15355.90625
v 7021.52392578125 740.582763671875 15347.1162109375
v 7068.4296875 740.582763671875 15158.9892578125
v 7103.68017578125 740.5828857421875 15167.7783203125
v 7056.77490234375 740.5828857421875 15355.9052734375
v 9978.5234375 9.285916328430176 15881.728515625
v 10025.4287109375 9.285916328430176 15693.6005859375
v 10060.6796875 9.286003112792969 15702.3896484375
v 10013.7744140625 9.286003112792969 15890.517578125
v 9978.521484375 740.582763671875 15881.7275390625
v 10025.4267578125 740.582763671875 15693.6005859375
v 10060.677734375 740.5828857421875 15702.3896484375
v 10013.7724609375 740.5828857421875 15890.5166015625
v 10068.509765625 9.285916328430176 13761.80859375
v 9875.361328125 9.285916328430176 13778.70703125
v 9872.1943359375 9.286003112792969 13742.5146484375
v 10065.34375 9.286003112792969 13725.6162109375
v 10068.509765625 740.582763671875 13761.810546875
v 9875.361328125 740.582763671875 13778.7080078125
v 9872.1943359375 740.5828857421875 13742.5166015625
v 10065.34375 740.5828857421875 13725.6181640625
v -3037.103515625 9.285916328430176 -12480.826171875
v -3230.98291015625 9.285916328430176 -12482.517578125
v -3230.665771484375 9.286003112792969 -12518.8466796875
v -3036.78662109375 9.286003112792969 -12517.154296875
v -3037.103515625 740.582763671875 -12480.82421875
v -3230.98291015625 740.582763671875 -12482.515625
v -3230.666015625 740.5828857421875 -12518.8447265625
v -3036.78662109375 740.5828857421875 -12517.15234375
v -5408.9697265625 9.285916328430176 -9600.3173828125
v -5410.66162109375 9.285916328430176 -9794.1962890625
v -5374.3330078125 9.286003112792969 -9794.513671875
v -5372.64111328125 9.286003112792969 -9600.6337890625
v -5408.9716796875 740.582763671875 -9600.3173828125
v -5410.66357421875 740.582763671875 -9794.1962890625
v -5374.3349609375 740.5828857421875 -9794.513671875
v -5372.64306640625 740.5828857421875 -9600.6337890625
v -1287.352783203125 9.285916328430176 -10014.84375
v -1106.343994140625 9.285916328430176 -10084.326171875
v -1093.324462890625 9.286003112792969 -10050.4091796875
v -1274.333251953125 9.286003112792969 -9980.9267578125
v -1287.3533935546875 740.582763671875 -10014.8447265625
v -1106.3446044921875 740.582763671875 -10084.328125
v -1093.3250732421875 740.5828857421875 -10050.4111328125
v -1274.3338623046875 740.5828857421875 -9980.927734375
v 2130.438232421875 9.285916328430176 -9732.34765625
v 2113.5400390625 9.285916328430176 -9925.4970703125
v 2149.73193359375 9.286003112792969 -9928.6630859375
v 2166.630126953125 9.286003112792969 -9735.5146484375
v 2130.4365234375 740.582763671875 -9732.34765625
v 2113.538330078125 740.582763671875 -9925.4970703125
v 2149.730224609375 740.5828857421875 -9928.6630859375
v 2166.62841796875 740.5828857421875 -9735.513671875
v 4632.5009765625 9.285916328430176 -9739.1494140625
v 4649.3994140625 9.285916328430176 -9932.298828125
v 4685.59130859375 9.286003112792969 -9929.1318359375
v 4668.69287109375 9.286003112792969 -9735.9833984375
v 4632.4990234375 740.582763671875 -9739.1494140625
v 4649.3974609375 740.582763671875 -9932.298828125
v 4685.58935546875 740.5828857421875 -9929.1318359375
v 4668.69091796875 740.5828857421875 -9735.9833984375
v -322.0519104003906 -0.08056640625 -13593.466796875
v -366.5657958984375 -0.08056640625 -13579.00390625
v -381.02923583984375 -0.08056640625 -13623.517578125
v -336.5153503417969 -0.08056640625 -13637.9814453125
v -322.0519104003906 333.158447265625 -13593.466796875
v -366.5657958984375 333.158447265625 -13579.00390625
v -381.02923583984375 333.158447265625 -13623.517578125
v -336.5153503417969 333.158447265625 -13637.9814453125
v -754.1844482421875 2074.7470703125 12709.36328125
v 2445.8623046875 2074.7470703125 12709.36328125
v 2445.8623046875 2074.7470703125 15909.36328125
v -754.1846313476562 2074.7470703125 15909.36328125
v -754.1844482421875 2615.4951171875 12709.36328125
v 2445.8623046875 2615.4951171875 12709.36328125
v 2445.8623046875 2615.4951171875 15909.36328125
v -754.1846313476562 2615.4951171875 15909.36328125
v -754.1844482421875 449.4609375 12709.36328125
v 2445.8623046875 449.4609375 12709.36328125
v 2445.8623046875 449.4609375 15909.36328125
v -754.1846313476562 449.4609375 15909.36328125
v -754.1844482421875 719.505859375 12709.36328125
v 2445.8623046875 719.505859375 12709.36328125
v 2445.8623046875 719.505859375 15909.36328125
v -754.1846313476562 719.505859375 15909.36328125
v -754.1844482421875 723.8193359375 12709.36328125
v 2445.8623046875 723.8193359375 12709.36328125
v 2445.8623046875 723.8193359375 15909.36328125
v -754.1846313476562 723.8193359375 15909.36328125
v -754.1844482421875 1265.06689453125 12709.36328125
v 2445.8623046875 1265.06689453125 12709.36328125
v 2445.8623046875 1265.06689453125 15909.36328125
v -754.1846313476562 1265.06689453125 15909.36328125
v -754.1610107421875 449.4609375 12709.4384765625
v 2445.8388671875 449.4609375 12709.4384765625
v 2445.8388671875 449.4609375 15909.36328125
v -754.1611938476562 449.4609375 15909.36328125
v -754.1610107421875 993.81884765625 12709.4384765625
v 2445.8388671875 993.81884765625 12709.4384765625
v 2445.8388671875 993.81884765625 15909.36328125
v -754.1611938476562 993.81884765625 15909.36328125
v -754.1844482421875 1264.91162109375 12709.36328125
v 2445.8623046875 1264.91162109375 12709.36328125
v 2445.8623046875 1264.91162109375 15909.36328125
v -754.1846313476562 1264.91162109375 15909.36328125
v -754.1844482421875 2074.7470703125 12709.36328125
v 2445.8623046875 2074.7470703125 12709.36328125
v 2445.8623046875 2074.7470703125 15909.36328125
v -754.1846313476562 2074.7470703125 15909.36328125
v 445.8153991699219 4236.69677734375 15109.36328125
v 1245.8154296875 4236.69677734375 15109.36328125
v 1245.8153076171875 4236.69677734375 15909.36328125
v 445.81536865234375 4236.69677734375 15909.36328125
v 445.8153991699219 4910.021484375 15109.36328125
v 1245.8154296875 4910.021484375 15109.36328125
v 1245.8153076171875 4910.021484375 15909.36328125
v 445.81536865234375 4910.021484375 15909.36328125
v -754.1844482421875 2615.49462890625 12709.36328125
v 2445.8623046875 2615.49462890625 12709.36328125
v 2445.8623046875 2615.49462890625 15909.36328125
v -754.1846313476562 2615.49462890625 15909.36328125
v -754.1844482421875 3157.412109375 12709.36328125
v 2445.8623046875 3157.412109375 12709.36328125
v 2445.8623046875 3157.412109375 15909.36328125
v -754.1846313476562 3157.412109375 15909.36328125
v -354.18450927734375 3156.69775390625 13509.36328125
v 2045.8624267578125 3156.69775390625 13509.36328125
v 2045.8621826171875 3156.69775390625 15909.36328125
v -354.18463134765625 3156.69775390625 15909.36328125
v -354.18450927734375 3426.761962890625 13509.36328125
v 2045.8624267578125 3426.761962890625 13509.36328125
v 2045.8621826171875 3426.761962890625 15909.36328125
v -354.18463134765625 3426.761962890625 15909.36328125
v -154.1845245361328 3426.69775390625 13909.36328125
v 1845.8623046875 3426.69775390625 13909.36328125
v 1845.8621826171875 3426.69775390625 15909.36328125
v -154.18463134765625 3426.69775390625 15909.36328125
v -154.1845245361328 3696.89208984375 13909.36328125
v 1845.8623046875 3696.89208984375 13909.36328125
v 1845.8621826171875 3696.89208984375 15909.36328125
v -154.18463134765625 3696.89208984375 15909.36328125
v 45.81545639038086 3696.69775390625 14309.36328125
v 1645.8623046875 3696.69775390625 14309.36328125
v 1645.8621826171875 3696.69775390625 15909.36328125
v 45.81536102294922 3696.69775390625 15909.36328125
v 45.81545639038086 3966.69775390625 14309.36328125
v 1645.8623046875 3966.69775390625 14309.36328125
v 1645.8621826171875 3966.69775390625 15909.36328125
v 45.81536102294922 3966.69775390625 15909.36328125
v 245.8154296875 3966.69775390625 14709.36328125
v 1445.8154296875 3966.69775390625 14709.36328125
v 1445.8153076171875 3966.69775390625 15909.36328125
v 245.81536865234375 3966.69775390625 15909.36328125
v 245.8154296875 4236.69775390625 14709.36328125
v 1445.8154296875 4236.69775390625 14709.36328125
v 1445.8153076171875 4236.69775390625 15909.36328125
v 245.81536865234375 4236.69775390625 15909.36328125
v 49.55810546875 9.577070236206055 12712.005859375
v 849.55810546875 9.577070236206055 12712.005859375
v 849.55810546875 9.577153205871582 13409.78515625
v 49.55808639526367 9.577153205871582 13409.78515625
v 49.55810546875 309.5770568847656 12712.005859375
v 849.55810546875 309.5770568847656 12712.005859375
v 849.55810546875 309.5771484375 13409.78515625
v 49.55808639526367 309.5771484375 13409.78515625
v -750.88916015625 9.577315330505371 12712.5625
v 49.11279296875 9.577315330505371 12712.5625
v 49.112789154052734 9.577326774597168 12812.890625
v -750.88916015625 9.577326774597168 12812.890625
v -750.88916015625 309.5773010253906 12712.5625
v 49.11279296875 309.5773010253906 12712.5625
v 49.112789154052734 309.57733154296875 12812.890625
v -750.88916015625 309.57733154296875 12812.890625
v 2444.77880859375 9.57732105255127 15105.2265625
v 2444.77880859375 9.57732105255127 15905.228515625
v 2344.45068359375 9.577333450317383 15905.228515625
v 2344.45068359375 9.577333450317383 15105.2265625
v 2444.77880859375 309.57733154296875 15105.2265625
v 2444.77880859375 309.57733154296875 15905.228515625
v 2344.45068359375 309.57733154296875 15905.228515625
v 2344.45068359375 309.57733154296875 15105.2265625
v 2442.139892578125 9.577041625976562 12710.5234375
v 2442.139892578125 9.577041625976562 13510.525390625
v 2341.811767578125 9.577058792114258 13510.525390625
v 2341.811767578125 9.577058792114258 12710.5234375
v 2442.14013671875 309.5770263671875 12710.5234375
v 2442.14013671875 309.5770263671875 13510.525390625
v 2341.81201171875 309.5770568847656 13510.525390625
v 2341.81201171875 309.5770568847656 12710.5234375
v -753.3734741210938 9.577425003051758 15903.212890625
v -753.3735961914062 9.577425003051758 15103.2109375
v -653.0454711914062 9.57744026184082 15103.2109375
v -653.0453491210938 9.57744026184082 15903.212890625
v -753.37353515625 309.5774230957031 15903.212890625
v -753.3735961914062 309.5774230957031 15103.2109375
v -653.0454711914062 309.57745361328125 15103.2109375
v -653.04541015625 309.57745361328125 15903.212890625
v 2444.12060546875 9.57707691192627 14303.88671875
v 2444.12060546875 9.57707691192627 15103.88671875
v 2343.79248046875 9.577089309692383 15103.88671875
v 2343.79248046875 9.577089309692383 14303.88671875
v 2444.120849609375 309.57708740234375 14303.88671875
v 2444.120849609375 309.57708740234375 15103.88671875
v 2343.792724609375 309.57708740234375 15103.88671875
v 2343.792724609375 309.57708740234375 14303.88671875
v 2442.96826171875 9.57707691192627 13505.345703125
v 2442.96826171875 9.57707691192627 14305.345703125
v 2412.96826171875 9.577080726623535 14305.345703125
v 2412.96826171875 9.577080726623535 13505.345703125
v 2442.96826171875 309.64862060546875 13505.345703125
v 2442.96826171875 309.64862060546875 14305.345703125
v 2412.96826171875 309.64862060546875 14305.345703125
v 2412.96826171875 309.64862060546875 13505.345703125
v 846.48583984375 9.577071189880371 12711.0908203125
v 1646.48583984375 9.577071189880371 12711.0908203125
v 1646.48583984375 9.577075004577637 12741.0908203125
v 846.48583984375 9.57707405090332 12741.0908203125
v 846.48583984375 309.6485900878906 12711.08984375
v 1646.48583984375 309.6485900878906 12711.0908203125
v 1646.48583984375 309.64862060546875 12741.0908203125
v 846.48583984375 309.64862060546875 12741.08984375
v 1645.1240234375 9.577147483825684 12710.38671875
v 2445.1240234375 9.57717227935791 12710.38671875
v 2445.1240234375 9.577166557312012 12740.130859375
v 1645.1240234375 9.577141761779785 12740.130859375
v 1645.1240234375 309.594970703125 12710.38671875
v 2445.1240234375 309.5950012207031 12710.38671875
v 2445.1240234375 309.5950012207031 12740.130859375
v 1645.1240234375 309.594970703125 12740.130859375
v -751.6749267578125 9.57712173461914 15102.0732421875
v -751.6749267578125 9.577094078063965 14302.0732421875
v -721.9307861328125 9.577089309692383 14302.0732421875
v -721.9307861328125 9.577116966247559 15102.0732421875
v -751.6748657226562 309.5949401855469 15102.0732421875
v -751.6748657226562 309.59490966796875 14302.0732421875
v -721.9307250976562 309.59490966796875 14302.0732421875
v -721.9307250976562 309.5949401855469 15102.0732421875
v -751.6793823242188 9.57730484008789 14309.4091796875
v -751.679443359375 9.5773286819458 13509.4091796875
v -53.900123596191406 9.577433586120605 13509.4091796875
v -53.900089263916016 9.577409744262695 14309.4091796875
v -751.679443359375 309.5773010253906 14309.4091796875
v -751.679443359375 309.57733154296875 13509.4091796875
v -53.900169372558594 309.5774230957031 13509.4091796875
v -53.9001350402832 309.5774230957031 14309.4091796875
v -752.3807983398438 9.57714557647705 13514.0361328125
v -752.380859375 9.577169418334961 12714.0361328125
v -652.052734375 9.577183723449707 12714.0361328125
v -652.0526733398438 9.577159881591797 13514.0361328125
v -752.380859375 309.5771484375 13514.0361328125
v -752.380859375 309.5771789550781 12714.0361328125
v -652.052734375 309.5771789550781 12714.0361328125
v -652.052734375 309.5771484375 13514.0361328125
v 2444.354248046875 9.577113151550293 15905.7607421875
v 1644.354248046875 9.577113151550293 15905.76171875
v 1644.354248046875 9.577118873596191 15805.43359375
v 2444.354248046875 9.577118873596191 15805.4326171875
v 2444.354248046875 309.5771179199219 15905.76171875
v 1644.354248046875 309.5771179199219 15905.76171875
v 1644.354248046875 309.5771179199219 15805.43359375
v 2444.354248046875 309.5771179199219 15805.43359375
v 1647.807373046875 9.577113151550293 15906.2490234375
v 847.8074340820312 9.577113151550293 15906.2490234375
v 847.807373046875 9.577154159545898 15208.6904296875
v 1647.807373046875 9.577154159545898 15208.6904296875
v 1647.807373046875 309.5771179199219 15906.2490234375
v 847.8074340820312 309.5771179199219 15906.2490234375
v 847.807373046875 309.5771484375 15208.6904296875
v 1647.807373046875 309.5771484375 15208.6904296875
v 848.7351684570312 9.577357292175293 15907.4609375
v 48.735164642333984 9.577357292175293 15907.4609375
v 48.735164642333984 9.57735824584961 15877.4609375
v 848.7351684570312 9.57735824584961 15877.4609375
v 848.7351684570312 309.6486511230469 15907.4609375
v 48.735164642333984 309.6486511230469 15907.4609375
v 48.735164642333984 309.6486511230469 15877.4609375
v 848.7351684570312 309.6486511230469 15877.4609375
v 48.72219467163086 9.577347755432129 15907.671875
v -751.27783203125 9.577381134033203 15907.671875
v -751.27783203125 9.577381134033203 15877.927734375
v 48.72219467163086 9.577347755432129 15877.927734375
v 48.722206115722656 309.5951843261719 15907.671875
v -751.2777709960938 309.59521484375 15907.671875
v -751.2777709960938 309.59521484375 15877.927734375
v 48.722206115722656 309.5951843261719 15877.927734375
v 8853.2431640625 9.57763671875 -12739.0390625
v 8874.640625 9.57763671875 -12718.01171875
v 8853.4619140625 9.57763671875 -12696.4599609375
v 8832.064453125 9.57763671875 -12717.4873046875
v 8853.2431640625 319.57763671875 -12739.0390625
v 8874.640625 319.57763671875 -12718.01171875
v 8853.4619140625 319.57763671875 -12696.4599609375
v 8832.064453125 319.57763671875 -12717.4873046875
v 8854.80078125 9.57763671875 -10457.595703125
v 8833.5869140625 9.57763671875 -10478.80859375
v 8854.9541015625 9.57763671875 -10500.1748046875
v 8876.1669921875 9.57763671875 -10478.9619140625
v 8854.80078125 319.57763671875 -10457.595703125
v 8833.5869140625 319.57763671875 -10478.80859375
v 8854.9541015625 319.57763671875 -10500.1748046875
v 8876.1669921875 319.57763671875 -10478.9619140625
v 10002.0390625 9.57763671875 -11596.43359375
v 9980.826171875 9.57763671875 -11575.2197265625
v 9959.458984375 9.57763671875 -11596.5869140625
v 9980.6728515625 9.57763671875 -11617.7998046875
v 10002.0390625 319.57763671875 -11596.43359375
v 9980.826171875 319.57763671875 -11575.2197265625
v 9959.458984375 319.57763671875 -11596.5869140625
v 9980.6728515625 319.57763671875 -11617.7998046875
v -767.1519165039062 9.57763671875 12698.4345703125
v -737.153076171875 9.57763671875 12698.171875
v -736.889404296875 9.57763671875 12728.3876953125
v -766.8882446289062 9.57763671875 12728.6494140625
v -767.1519165039062 319.57763671875 12698.4345703125
v -737.153076171875 319.57763671875 12698.171875
v -736.889404296875 319.57763671875 12728.3876953125
v -766.8882446289062 319.57763671875 12728.6494140625
v 2457.584716796875 9.57763671875 12695.8623046875
v 2457.846435546875 9.57763671875 12725.861328125
v 2427.630859375 9.57763671875 12726.125
v 2427.369140625 9.57763671875 12696.1259765625
v 2457.584716796875 319.57763671875 12695.8623046875
v 2457.846435546875 319.57763671875 12725.861328125
v 2427.630859375 319.57763671875 12726.125
v 2427.369140625 319.57763671875 12696.1259765625
v 2458.81787109375 9.57763671875 15920.4443359375
v 2428.819091796875 9.57763671875 15920.7060546875
v 2428.555419921875 9.57763671875 15890.490234375
v 2458.55419921875 9.57763671875 15890.228515625
v 2458.81787109375 319.57763671875 15920.4443359375
v 2428.819091796875 319.57763671875 15920.7060546875
v 2428.555419921875 319.57763671875 15890.490234375
v 2458.55419921875 319.57763671875 15890.228515625
v -766.8984985351562 9.57763671875 15918.6865234375
v -766.8984985351562 9.57763671875 15888.6865234375
v -736.6817016601562 9.57763671875 15888.6865234375
v -736.6817016601562 9.57763671875 15918.6865234375
v -766.8984985351562 319.57763671875 15918.6865234375
v -766.8984985351562 319.57763671875 15888.6865234375
v -736.6817016601562 319.57763671875 15888.6865234375
v -736.6817016601562 319.57763671875 15918.6865234375
v -766.6561889648438 9.57763671875 15117.421875
v -766.9180297851562 9.57763671875 15087.4228515625
v -748.719482421875 9.57763671875 15087.2646484375
v -748.4577026367188 9.57763671875 15117.263671875
v -766.6561889648438 319.57763671875 15117.421875
v -766.9180297851562 319.57763671875 15087.4228515625
v -748.719482421875 319.57763671875 15087.2646484375
v -748.4577026367188 319.57763671875 15117.263671875
v -767.1991577148438 9.57763671875 14323.822265625
v -767.4609985351562 9.57763671875 14293.8232421875
v -749.262451171875 9.57763671875 14293.6650390625
v -749.0006713867188 9.57763671875 14323.6640625
v -767.1991577148438 319.57763671875 14323.822265625
v -767.4609985351562 319.57763671875 14293.8232421875
v -749.262451171875 319.57763671875 14293.6650390625
v -749.0006713867188 319.57763671875 14323.6640625
v -766.8749389648438 9.57763671875 13527.107421875
v -767.1367797851562 9.57763671875 13497.1083984375
v -748.938232421875 9.57763671875 13496.9501953125
v -748.6764526367188 9.57763671875 13526.94921875
v -766.8749389648438 319.57763671875 13527.107421875
v -767.1367797851562 319.57763671875 13497.1083984375
v -748.938232421875 319.57763671875 13496.9501953125
v -748.6764526367188 319.57763671875 13526.94921875
v 40.10616683959961 9.57763671875 12699.248046875
v 70.10502624511719 9.57763671875 12698.986328125
v 70.26383972167969 9.57763671875 12717.1845703125
v 40.264984130859375 9.57763671875 12717.4462890625
v 40.10616683959961 319.57763671875 12699.248046875
v 70.10502624511719 319.57763671875 12698.986328125
v 70.26383972167969 319.57763671875 12717.1845703125
v 40.264984130859375 319.57763671875 12717.4462890625
v 833.1842651367188 9.57763671875 12698.0498046875
v 863.1831665039062 9.57763671875 12697.7880859375
v 863.3419799804688 9.57763671875 12715.986328125
v 833.3431396484375 9.57763671875 12716.248046875
v 833.1842651367188 319.57763671875 12698.0498046875
v 863.1831665039062 319.57763671875 12697.7880859375
v 863.3419799804688 319.57763671875 12715.986328125
v 833.3431396484375 319.57763671875 12716.248046875
v 1630.239013671875 9.57763671875 12697.3212890625
v 1660.23779296875 9.57763671875 12697.0595703125
v 1660.3966064453125 9.57763671875 12715.2578125
v 1630.3978271484375 9.57763671875 12715.51953125
v 1630.239013671875 319.57763671875 12697.3212890625
v 1660.23779296875 319.57763671875 12697.0595703125
v 1660.3966064453125 319.57763671875 12715.2578125
v 1630.3978271484375 319.57763671875 12715.51953125
v 2456.642578125 9.57763671875 13490.046875
v 2456.904296875 9.57763671875 13520.0458984375
v 2438.705810546875 9.57763671875 13520.2041015625
v 2438.444091796875 9.57763671875 13490.205078125
v 2456.642578125 319.57763671875 13490.046875
v 2456.904296875 319.57763671875 13520.0458984375
v 2438.705810546875 319.57763671875 13520.2041015625
v 2438.444091796875 319.57763671875 13490.205078125
v 2458.466796875 9.57763671875 14288.7734375
v 2458.728515625 9.57763671875 14318.7724609375
v 2440.530029296875 9.57763671875 14318.9306640625
v 2440.268310546875 9.57763671875 14288.931640625
v 2458.466796875 319.57763671875 14288.7734375
v 2458.728515625 319.57763671875 14318.7724609375
v 2440.530029296875 319.57763671875 14318.9306640625
v 2440.268310546875 319.57763671875 14288.931640625
v 2458.208984375 9.57763671875 15091.421875
v 2458.470703125 9.57763671875 15121.4208984375
v 2440.272216796875 9.57763671875 15121.5791015625
v 2440.010498046875 9.57763671875 15091.580078125
v 2458.208984375 319.57763671875 15091.421875
v 2458.470703125 319.57763671875 15121.4208984375
v 2440.272216796875 319.57763671875 15121.5791015625
v 2440.010498046875 319.57763671875 15091.580078125
v 1660.518798828125 9.57763671875 15919.189453125
v 1630.52001953125 9.57763671875 15919.451171875
v 1630.3612060546875 9.57763671875 15901.2529296875
v 1660.3599853515625 9.57763671875 15900.9912109375
v 1660.518798828125 319.57763671875 15919.189453125
v 1630.52001953125 319.57763671875 15919.451171875
v 1630.3612060546875 319.57763671875 15901.2529296875
v 1660.3599853515625 319.57763671875 15900.9912109375
v 862.5188598632812 9.57763671875 15918.755859375
v 832.5199584960938 9.57763671875 15919.017578125
v 832.3611450195312 9.57763671875 15900.8193359375
v 862.3599853515625 9.57763671875 15900.5576171875
v 862.5188598632812 319.57763671875 15918.755859375
v 832.5199584960938 319.57763671875 15919.017578125
v 832.3611450195312 319.57763671875 15900.8193359375
v 862.3599853515625 319.57763671875 15900.5576171875
v 63.22195816040039 9.57763671875 15918.490234375
v 33.22310256958008 9.57763671875 15918.751953125
v 33.06428146362305 9.57763671875 15900.5537109375
v 63.063140869140625 9.57763671875 15900.2919921875
v 63.22195816040039 319.57763671875 15918.490234375
v 33.22310256958008 319.57763671875 15918.751953125
v 33.06428146362305 319.57763671875 15900.5537109375
v 63.063140869140625 319.57763671875 15900.2919921875
v 8891.134765625 9.57763671875 12438.8232421875
v 8891.919921875 9.57763671875 12468.8134765625
v 8861.7138671875 9.57763671875 12469.6044921875
v 8860.9287109375 9.57763671875 12439.6142578125
v 8891.134765625 319.57763671875 12438.8232421875
v 8891.919921875 319.57763671875 12468.8134765625
v 8861.7138671875 319.57763671875 12469.6044921875
v 8860.9287109375 319.57763671875 12439.6142578125
v 6458.5400390625 9.57763671875 12467.5703125
v 6488.51123046875 9.57763671875 12466.26171875
v 6489.30517578125 9.57763671875 12484.443359375
v 6459.333984375 9.57763671875 12485.751953125
v 6458.5400390625 319.57763671875 12467.5703125
v 6488.51123046875 319.57763671875 12466.26171875
v 6489.30517578125 319.57763671875 12484.443359375
v 6459.333984375 319.57763671875 12485.751953125
v -3885.436767578125 9.57763671875 -12250.818359375
v -3894.707275390625 9.57763671875 -12222.287109375
v -3923.445068359375 9.57763671875 -12231.625
v -3914.174560546875 9.57763671875 -12260.15625
v -3885.436767578125 319.57763671875 -12250.818359375
v -3894.707275390625 319.57763671875 -12222.287109375
v -3923.445068359375 319.57763671875 -12231.625
v -3914.174560546875 319.57763671875 -12260.15625
v -6180.60302734375 9.57763671875 -10138.44921875
v -6210.5302734375 9.57763671875 -10136.3564453125
v -6211.7998046875 9.57763671875 -10154.51171875
v -6181.87255859375 9.57763671875 -10156.6044921875
v -6180.60302734375 319.57763671875 -10138.44921875
v -6210.5302734375 319.57763671875 -10136.3564453125
v -6211.7998046875 319.57763671875 -10154.51171875
v -6181.87255859375 319.57763671875 -10156.6044921875
v -5381.29052734375 9.57763671875 -10181.1953125
v -5411.2177734375 9.57763671875 -10179.1025390625
v -5412.4873046875 9.57763671875 -10197.2578125
v -5382.56005859375 9.57763671875 -10199.3505859375
v -5381.29052734375 319.57763671875 -10181.1953125
v -5411.2177734375 319.57763671875 -10179.1025390625
v -5412.4873046875 319.57763671875 -10197.2578125
v -5382.56005859375 319.57763671875 -10199.3505859375
v 5173.66650390625 4.26904296875 -10490.001953125
v 5135.734375 4.26904296875 -10489.0087890625
v 5134.5556640625 4.26904296875 -10534.0244140625
v 5172.48779296875 4.26904296875 -10535.017578125
v 5173.66650390625 298.56689453125 -10490.001953125
v 5135.734375 298.56689453125 -10489.0087890625
v 5134.5556640625 298.56689453125 -10534.0244140625
v 5172.48779296875 298.56689453125 -10535.017578125
v -3186.44384765625 4.26904296875 -12882.41015625
v -3224.337158203125 4.26904296875 -12880.4248046875
v -3226.69384765625 4.26904296875 -12925.39453125
v -3188.800537109375 4.26904296875 -12927.3798828125
v -3186.44384765625 298.56689453125 -12882.41015625
v -3224.337158203125 298.56689453125 -12880.4248046875
v -3226.69384765625 298.56689453125 -12925.39453125
v -3188.800537109375 298.56689453125 -12927.3798828125
v -9810.5654296875 4.26904296875 -368.2196960449219
v -9848.4873046875 4.26904296875 -366.8954162597656
v -9850.05859375 4.26904296875 -411.89923095703125
v -9812.13671875 4.26904296875 -413.2235107421875
v -9810.5654296875 298.56689453125 -368.2196960449219
v -9848.4873046875 298.56689453125 -366.8954162597656
v -9850.05859375 298.56689453125 -411.89923095703125
v -9812.13671875 298.56689453125 -413.2235107421875
v -9859.9677734375 4.26904296875 -8920.3212890625
v -9822.197265625 4.26904296875 -8916.6845703125
v -9826.5126953125 4.26904296875 -8871.8603515625
v -9864.283203125 4.26904296875 -8875.4970703125
v -9859.9677734375 298.56689453125 -8920.3212890625
v -9822.197265625 298.56689453125 -8916.6845703125
v -9826.5126953125 298.56689453125 -8871.8603515625
v -9864.283203125 298.56689453125 -8875.4970703125
v -14093.619140625 4.26904296875 -8486.8583984375
v -14089.3232421875 4.26904296875 -8449.1572265625
v -14134.0654296875 4.26904296875 -8444.0595703125
v -14138.361328125 4.26904296875 -8481.7607421875
v -14093.619140625 298.56689453125 -8486.8583984375
v -14089.3232421875 298.56689453125 -8449.1572265625
v -14134.0654296875 298.56689453125 -8444.0595703125
v -14138.361328125 298.56689453125 -8481.7607421875
v -10963.2646484375 8.353515625 -7579.6298828125
v -11023.744140625 8.353515625 -4114.79052734375
v -12824.9814453125 8.353515625 -4146.2314453125
v -12764.501953125 8.353515625 -7611.07080078125
v -10963.2646484375 822.3349609375 -7579.6298828125
v -11023.744140625 822.3349609375 -4114.79052734375
v -12824.9814453125 822.3349609375 -4146.2314453125
v -12764.501953125 822.3349609375 -7611.07080078125
v -12804.0224609375 9.50830078125 -7471.09716796875
v -12799.0478515625 9.50830078125 -7281.126953125
v -12845.8369140625 9.50830078125 -7279.90185546875
v -12850.8115234375 9.50830078125 -7469.8720703125
v -12804.0224609375 341.6416015625 -7471.09716796875
v -12799.0478515625 341.6416015625 -7281.126953125
v -12845.8369140625 341.6416015625 -7279.90185546875
v -12850.8115234375 341.6416015625 -7469.8720703125
v -12794.220703125 9.50830078125 -4502.92529296875
v -12789.24609375 9.50830078125 -4312.955078125
v -12836.03515625 9.50830078125 -4311.72998046875
v -12841.009765625 9.50830078125 -4501.7001953125
v -12794.220703125 341.6416015625 -4502.92529296875
v -12789.24609375 341.6416015625 -4312.955078125
v -12836.03515625 341.6416015625 -4311.72998046875
v -12841.009765625 341.6416015625 -4501.7001953125
v -11513.1337890625 9.50830078125 -4584.08935546875
v -11508.1591796875 9.50830078125 -4394.119140625
v -11554.9482421875 9.50830078125 -4392.89404296875
v -11559.9228515625 9.50830078125 -4582.8642578125
v -11513.1337890625 341.6416015625 -4584.08935546875
v -11508.1591796875 341.6416015625 -4394.119140625
v -11554.9482421875 341.6416015625 -4392.89404296875
v -11559.9228515625 341.6416015625 -4582.8642578125
v -10179.0517578125 10.458251953125 -4493.7421875
v -10296.9716796875 10.458251953125 -4478.2177734375
v -10323.9140625 10.458251953125 -4682.8662109375
v -10205.994140625 10.458251953125 -4698.390625
v -10179.0517578125 166.00439453125 -4493.7421875
v -10296.9716796875 166.00439453125 -4478.2177734375
v -10323.9140625 166.00439453125 -4682.8662109375
v -10205.994140625 166.00439453125 -4698.390625
v -9928.0693359375 30.205810546875 -8004.14306640625
v -9928.0693359375 30.205810546875 -8004.14306640625
v -9995.1953125 30.205810546875 -8002.97119140625
v -9995.1953125 30.205810546875 -8002.97119140625
v -9928.0693359375 221.483154296875 -8004.14306640625
v -9928.0693359375 221.483154296875 -8004.14306640625
v -9995.1953125 221.483154296875 -8002.97119140625
v -9995.1953125 221.483154296875 -8002.97119140625
v -9883.0283203125 9.75537109375 -8033.97900390625
v -9876.431640625 9.75537109375 -7656.03662109375
v -10033.7080078125 9.75537109375 -7653.29150390625
v -10040.3046875 9.75537109375 -8031.23388671875
v -9883.0283203125 280.16748046875 -8033.97900390625
v -9876.431640625 280.16748046875 -7656.03662109375
v -10033.7080078125 280.16748046875 -7653.29150390625
v -10040.3046875 280.16748046875 -8031.23388671875
v -9922.474609375 30.205810546875 -7683.65283203125
v -9922.474609375 30.205810546875 -7683.65283203125
v -9989.6015625 30.205810546875 -7682.48095703125
v -9989.6015625 30.205810546875 -7682.48095703125
v -9922.474609375 221.483154296875 -7683.65283203125
v -9922.474609375 221.483154296875 -7683.65283203125
v -9989.6015625 221.483154296875 -7682.48095703125
v -9989.6015625 221.483154296875 -7682.48095703125
v -10023.0654296875 30.205810546875 -7969.29443359375
v -10018.626953125 30.205810546875 -7715.00146484375
v -10018.626953125 30.205810546875 -7715.00146484375
v -10023.0654296875 30.205810546875 -7969.29443359375
v -10023.0654296875 221.483154296875 -7969.29443359375
v -10018.626953125 221.483154296875 -7715.00146484375
v -10018.626953125 221.483154296875 -7715.00146484375
v -10023.0654296875 221.483154296875 -7969.29443359375
v -11293.595703125 9.285843849182129 -8922.15625
v -11263.265625 9.285843849182129 -8730.65625
v -11299.1484375 9.28596019744873 -8724.9736328125
v -11329.478515625 9.28596019744873 -8916.47265625
v -11293.59375 740.5827026367188 -8922.15625
v -11263.2626953125 740.5827026367188 -8730.6572265625
v -11299.1455078125 740.5828247070312 -8724.9736328125
v -11329.4765625 740.5828247070312 -8916.4736328125
v -12996.666015625 9.285843849182129 -8746.107421875
v -12966.3359375 9.285843849182129 -8554.607421875
v -13002.21875 9.28596019744873 -8548.9248046875
v -13032.548828125 9.28596019744873 -8740.423828125
v -12996.6640625 740.5827026367188 -8746.107421875
v -12966.3330078125 740.5827026367188 -8554.6083984375
v -13002.2158203125 740.5828247070312 -8548.9248046875
v -13032.546875 740.5828247070312 -8740.4248046875
v -12411.56640625 9.285843849182129 311.1106872558594
v -12398.041015625 9.285843849182129 117.69627380371094
v -12361.7998046875 9.28596019744873 120.23052978515625
v -12375.32421875 9.28596019744873 313.64495849609375
v -12411.568359375 740.5827026367188 311.11053466796875
v -12398.0439453125 740.5827026367188 117.69611358642578
v -12361.8017578125 740.5828247070312 120.2303695678711
v -12375.3271484375 740.5828247070312 313.6448059082031
v -14809.0693359375 9.285843849182129 -3024.69775390625
v -14615.30078125 9.285843849182129 -3017.93115234375
v -14616.5693359375 9.28596019744873 -2981.623291015625
v -14810.337890625 9.28596019744873 -2988.389892578125
v -14809.0693359375 740.5827026367188 -3024.7001953125
v -14615.30078125 740.5827026367188 -3017.93359375
v -14616.5693359375 740.5828247070312 -2981.62548828125
v -14810.337890625 740.5828247070312 -2988.39208984375
v -14597.1748046875 9.285843849182129 -6151.01611328125
v -14403.40625 9.285843849182129 -6144.24951171875
v -14404.6748046875 9.28596019744873 -6107.94140625
v -14598.443359375 9.28596019744873 -6114.7080078125
v -14597.1748046875 740.5827026367188 -6151.0185546875
v -14403.40625 740.5827026367188 -6144.251953125
v -14404.6748046875 740.5828247070312 -6107.94384765625
v -14598.443359375 740.5828247070312 -6114.71044921875
v -14424.5625 9.285843849182129 -8538.650390625
v -14255.8125 9.285843849182129 -8443.17578125
v -14273.7021484375 9.28596019744873 -8411.5556640625
v -14442.453125 9.28596019744873 -8507.0302734375
v -14424.5615234375 740.5827026367188 -8538.65234375
v -14255.8115234375 740.5827026367188 -8443.177734375
v -14273.701171875 740.5828247070312 -8411.55859375
v -14442.451171875 740.5828247070312 -8507.0322265625
v -9707.2724609375 9.285843849182129 -6811.74072265625
v -9900.4208984375 9.285843849182129 -6794.84228515625
v -9903.5869140625 9.28596019744873 -6831.0341796875
v -9710.4384765625 9.28596019744873 -6847.93212890625
v -9707.271484375 740.5827026367188 -6811.73828125
v -9900.4208984375 740.5827026367188 -6794.83984375
v -9903.5869140625 740.5828247070312 -6831.03173828125
v -9710.4384765625 740.5828247070312 -6847.93017578125
v -9691.1435546875 9.285843849182129 -1665.076416015625
v -9884.2919921875 9.285843849182129 -1648.1781005859375
v -9887.4580078125 9.28596019744873 -1684.369873046875
v -9694.3095703125 9.28596019744873 -1701.2681884765625
v -9691.142578125 740.5827026367188 -1665.0740966796875
v -9884.2919921875 740.5827026367188 -1648.17578125
v -9887.4580078125 740.5828247070312 -1684.3675537109375
v -9694.3095703125 740.5828247070312 -1701.265869140625
v -13346.5849609375 9.577880859375 -3454.2734375
v -13322.2109375 9.577880859375 -3652.78271484375
v -13133.41796875 9.577880859375 -3629.601806640625
v -13157.791015625 9.577880859375 -3431.092529296875
v -13346.5849609375 76.4150390625 -3454.2734375
v -13322.2109375 76.4150390625 -3652.78271484375
v -13133.41796875 76.4150390625 -3629.601806640625
v -13157.791015625 76.4150390625 -3431.092529296875
v -13266.95703125 35.248836517333984 -3716.646240234375
v -13072.216796875 35.24883270263672 -3535.04833984375
v -13217.248046875 35.248836517333984 -3379.521240234375
v -13411.98828125 35.248836517333984 -3561.119384765625
v -13266.95703125 698.2632446289062 -3716.646240234375
v -13072.216796875 698.2632446289062 -3535.04833984375
v -13217.248046875 698.2632446289062 -3379.521240234375
v -13411.98828125 698.2632446289062 -3561.119384765625
v -10984.98046875 35.248836517333984 -3801.485107421875
v -10790.240234375 35.24883270263672 -3619.88720703125
v -10935.271484375 35.248836517333984 -3464.360107421875
v -11130.01171875 35.248836517333984 -3645.958251953125
v -10984.98046875 698.2632446289062 -3801.485107421875
v -10790.240234375 698.2632446289062 -3619.88720703125
v -10935.271484375 698.2632446289062 -3464.360107421875
v -11130.01171875 698.2632446289062 -3645.958251953125
v -11064.6103515625 9.577880859375 -3539.11328125
v -11040.236328125 9.577880859375 -3737.62255859375
v -10851.443359375 9.577880859375 -3714.441650390625
v -10875.81640625 9.577880859375 -3515.932373046875
v -11064.6103515625 76.4150390625 -3539.11328125
v -11040.236328125 76.4150390625 -3737.62255859375
v -10851.443359375 76.4150390625 -3714.441650390625
v -10875.81640625 76.4150390625 -3515.932373046875
v -11130.3037109375 26.116455078125 -7845.97216796875
v -10919.96484375 26.116455078125 -7771.48779296875
v -10997.1201171875 26.116455078125 -7553.6103515625
v -11207.4580078125 26.116455078125 -7628.0947265625
v -11130.3037109375 126.751220703125 -7845.97216796875
v -10919.96484375 126.751220703125 -7771.48779296875
v -10997.1201171875 126.751220703125 -7553.6103515625
v -11207.4580078125 126.751220703125 -7628.0947265625
v -10676.5576171875 32.84130859375 -7808.76904296875
v -11111.0673828125 32.84130859375 -7437.66259765625
v -11475.2587890625 32.84130859375 -7864.0751953125
v -11040.7490234375 32.84130859375 -8235.181640625
v -10676.5576171875 722.845947265625 -7808.76904296875
v -11111.0673828125 722.845947265625 -7437.66259765625
v -11475.2587890625 722.845947265625 -7864.0751953125
v -11040.7490234375 722.845947265625 -8235.181640625
v -10937.623046875 9.577880859375 -8311.4853515625
v -10611.6572265625 9.577880859375 -7671.74267578125
v -11220.08984375 9.577880859375 -7361.73095703125
v -11546.0546875 9.577880859375 -8001.4736328125
v -10937.623046875 76.4150390625 -8311.4853515625
v -10611.6572265625 76.4150390625 -7671.74267578125
v -11220.08984375 76.4150390625 -7361.73095703125
v -11546.0546875 76.4150390625 -8001.4736328125
v -11184.0478515625 26.821533203125 -7871.96142578125
v -11120.6728515625 26.821533203125 -7658.01318359375
v -11342.2900390625 26.821533203125 -7592.36767578125
v -11405.6640625 26.821533203125 -7806.3154296875
v -11184.0478515625 127.456298828125 -7871.96142578125
v -11120.6728515625 127.456298828125 -7658.01318359375
v -11342.2900390625 127.456298828125 -7592.36767578125
v -11405.6640625 127.456298828125 -7806.3154296875
v -10900.837890625 27.749267578125 -7978.14501953125
v -11069.2412109375 27.749267578125 -7831.75439453125
v -11220.8798828125 27.749267578125 -8006.19384765625
v -11052.4755859375 27.749267578125 -8152.5849609375
v -10900.837890625 128.384033203125 -7978.14501953125
v -11069.2412109375 128.384033203125 -7831.75439453125
v -11220.8798828125 128.384033203125 -8006.19384765625
v -11052.4755859375 128.384033203125 -8152.5849609375
v -10467.533203125 10.119140625 -8410.2939453125
v -10558.9033203125 10.119140625 -3175.755615234375
v -13568.048828125 10.119140625 -3228.28076171875
v -13476.6796875 10.119140625 -8462.8193359375
v -10467.533203125 360.4814453125 -8410.2939453125
v -10558.9033203125 360.4814453125 -3175.755615234375
v -13568.048828125 360.4814453125 -3228.28076171875
v -13476.6796875 360.4814453125 -8462.8193359375
v -13918.21484375 9.57763671875 -331.8631591796875
v -13917.16796875 9.57763671875 -361.8448791503906
v -13886.9697265625 9.57763671875 -360.7903137207031
v -13888.0166015625 9.57763671875 -330.80859375
v -13918.21484375 319.57763671875 -331.8631591796875
v -13917.16796875 319.57763671875 -361.8448791503906
v -13886.9697265625 319.57763671875 -360.7903137207031
v -13888.0166015625 319.57763671875 -330.80859375
v -11468.1474609375 9.57763671875 -2662.185546875
v -11438.1474609375 9.57763671875 -2662.185546875
v -11438.1474609375 9.57763671875 -2643.986328125
v -11468.1474609375 9.57763671875 -2643.986328125
v -11468.1474609375 319.57763671875 -2662.185546875
v -11438.1474609375 319.57763671875 -2662.185546875
v -11438.1474609375 319.57763671875 -2643.986328125
v -11468.1474609375 319.57763671875 -2643.986328125
v -10668.515625 9.57763671875 -1846.7464599609375
v -10670.0859375 9.57763671875 -1816.78759765625
v -10688.259765625 9.57763671875 -1817.7401123046875
v -10686.689453125 9.57763671875 -1847.698974609375
v -10668.515625 319.57763671875 -1846.7464599609375
v -10670.0859375 319.57763671875 -1816.78759765625
v -10688.259765625 319.57763671875 -1817.7401123046875
v -10686.689453125 319.57763671875 -1847.698974609375
v 690.9623413085938 47.74225616455078 7295.99609375
v 539.081787109375 47.742252349853516 7086.95068359375
v 701.6262817382812 47.74225616455078 6968.85498046875
v 853.5067749023438 47.74225997924805 7177.90087890625
v 690.9623413085938 262.52642822265625 7295.99609375
v 539.081787109375 262.52642822265625 7086.95068359375
v 701.6262817382812 262.52642822265625 6968.85498046875
v 853.5067749023438 262.52642822265625 7177.90087890625
v 674.5006713867188 9.085205078125 7279.11865234375
v 556.943603515625 9.085205078125 7117.3154296875
v 710.8275146484375 9.085205078125 7005.51220703125
v 828.3845825195312 9.085205078125 7167.3154296875
v 674.5006713867188 75.92236328125 7279.11865234375
v 556.943603515625 75.92236328125 7117.3154296875
v 710.8275146484375 75.92236328125 7005.51220703125
v 828.3845825195312 75.92236328125 7167.3154296875
v 4176.6728515625 52.000732421875 7328.32861328125
v 4000.892333984375 52.000732421875 7253.7138671875
v 4078.79833984375 52.000732421875 7070.17919921875
v 4254.57861328125 52.000732421875 7144.7939453125
v 4176.6728515625 223.458740234375 7328.32861328125
v 4000.892333984375 223.458740234375 7253.7138671875
v 4078.79833984375 223.458740234375 7070.17919921875
v 4254.57861328125 223.458740234375 7144.7939453125
v 4190.05859375 9.085205078125 7300.23583984375
v 4005.95751953125 9.085205078125 7222.08984375
v 4080.27880859375 9.085205078125 7046.99951171875
v 4264.3798828125 9.085205078125 7125.14599609375
v 4190.05859375 75.92236328125 7300.23583984375
v 4005.95751953125 75.92236328125 7222.08984375
v 4080.27880859375 75.92236328125 7046.99951171875
v 4264.3798828125 75.92236328125 7125.14599609375
v -1260.6363525390625 10.9931640625 8221.5537109375
v -1260.2279052734375 10.9931640625 8174.7509765625
v -1213.425048828125 10.9931640625 8175.15966796875
v -1213.83349609375 10.9931640625 8221.962890625
v -1260.6363525390625 344.232177734375 8221.5537109375
v -1260.2279052734375 344.232177734375 8174.7509765625
v -1213.425048828125 344.232177734375 8175.15966796875
v -1213.83349609375 344.232177734375 8221.962890625
v -2084.615234375 7.838623046875 8029.99365234375
v -1518.823486328125 7.838623046875 7587.94873046875
v -1098.413330078125 7.838623046875 8126.04931640625
v -1664.205078125 7.838623046875 8568.0947265625
v -2084.615234375 74.67578125 8029.99365234375
v -1518.823486328125 74.67578125 7587.94873046875
v -1098.413330078125 74.67578125 8126.04931640625
v -1664.205078125 74.67578125 8568.0947265625
v -1473.2110595703125 7.27978515625 8527.4228515625
v -1679.3118896484375 7.27978515625 8534.6201171875
v -1682.939697265625 7.27978515625 8430.736328125
v -1476.8387451171875 7.27978515625 8423.5390625
v -1473.2110595703125 110.463623046875 8527.4228515625
v -1679.3118896484375 110.463623046875 8534.6201171875
v -1682.939697265625 110.463623046875 8430.736328125
v -1476.8387451171875 110.463623046875 8423.5390625
v -1944.5009765625 10.5615234375 7989.44775390625
v -1494.217529296875 10.5615234375 7637.64794921875
v -1148.9732666015625 10.5615234375 8079.5400390625
v -1599.2567138671875 10.5615234375 8431.33984375
v -1944.5009765625 700.566162109375 7989.44775390625
v -1494.217529296875 700.566162109375 7637.64794921875
v -1148.9732666015625 700.566162109375 8079.5400390625
v -1599.2567138671875 700.566162109375 8431.33984375
v -2080.566162109375 10.5615234375 8180.78076171875
v -1689.0201416015625 10.5615234375 7874.87158203125
v -1398.9161376953125 10.5615234375 8246.1875
v -1790.4620361328125 10.5615234375 8552.09765625
v -2080.566162109375 667.85400390625 8180.78076171875
v -1689.0201416015625 667.85400390625 7874.87158203125
v -1398.9161376953125 667.85400390625 8246.1875
v -1790.4620361328125 667.85400390625 8552.09765625
v -1426.1524658203125 7.27978515625 7643.1650390625
v -1256.19580078125 7.27978515625 7759.97265625
v -1315.0721435546875 7.27978515625 7845.638671875
v -1485.02880859375 7.27978515625 7728.83056640625
v -1426.1524658203125 110.463623046875 7643.1650390625
v -1256.19580078125 110.463623046875 7759.97265625
v -1315.0721435546875 110.463623046875 7845.638671875
v -1485.02880859375 110.463623046875 7728.83056640625
v -1610.115966796875 60.974853515625 8064.84619140625
v -1486.9586181640625 60.974853515625 7878.775390625
v -1294.2186279296875 60.974853515625 8006.34716796875
v -1417.3759765625 60.974853515625 8192.41796875
v -1610.115966796875 161.609619140625 8064.84619140625
v -1486.9586181640625 161.609619140625 7878.775390625
v -1294.2186279296875 161.609619140625 8006.34716796875
v -1417.3759765625 161.609619140625 8192.41796875
v -2044.5255126953125 7.27978515625 8051.8046875
v -1987.6817626953125 7.27978515625 7853.56689453125
v -1887.76123046875 7.27978515625 7882.21875
v -1944.60498046875 7.27978515625 8080.45654296875
v -2044.5255126953125 110.463623046875 8051.8046875
v -1987.6817626953125 110.463623046875 7853.56689453125
v -1887.76123046875 110.463623046875 7882.21875
v -1944.60498046875 110.463623046875 8080.45654296875
v -1844.273681640625 10.9931640625 8408.056640625
v -1873.0894775390625 10.9931640625 8371.1748046875
v -1836.2069091796875 10.9931640625 8342.3583984375
v -1807.3909912109375 10.9931640625 8379.2412109375
v -1844.273681640625 344.232177734375 8408.056640625
v -1873.0894775390625 344.232177734375 8371.1748046875
v -1836.2069091796875 344.232177734375 8342.3583984375
v -1807.3909912109375 344.232177734375 8379.2412109375
v -1857.734130859375 60.144775390625 8007.29541015625
v -1734.5767822265625 60.144775390625 7821.224609375
v -1541.8367919921875 60.144775390625 7948.79638671875
v -1664.994140625 60.144775390625 8134.8671875
v -1857.734130859375 160.779541015625 8007.29541015625
v -1734.5767822265625 160.779541015625 7821.224609375
v -1541.8367919921875 160.779541015625 7948.79638671875
v -1664.994140625 160.779541015625 8134.8671875
v -1771.676513671875 61.127685546875 8256.568359375
v -1648.5191650390625 61.127685546875 8070.498046875
v -1455.7791748046875 61.127685546875 8198.0703125
v -1578.9365234375 61.127685546875 8384.140625
v -1771.676513671875 161.762451171875 8256.568359375
v -1648.5191650390625 161.762451171875 8070.498046875
v -1455.7791748046875 161.762451171875 8198.0703125
v -1578.9365234375 161.762451171875 8384.140625
v -1640.1031494140625 10.9931640625 7719.30419921875
v -1639.6947021484375 10.9931640625 7672.5009765625
v -1592.891845703125 10.9931640625 7672.90966796875
v -1593.30029296875 10.9931640625 7719.71240234375
v -1640.1031494140625 344.232177734375 7719.30419921875
v -1639.6947021484375 344.232177734375 7672.5009765625
v -1592.891845703125 344.232177734375 7672.90966796875
v -1593.30029296875 344.232177734375 7719.71240234375
v -1193.6624755859375 11.178009986877441 8834.0791015625
v -928.40234375 11.178010940551758 8857.2861328125
v -946.9365844726562 11.178016662597656 9069.1328125
v -1212.19677734375 11.17801570892334 9045.92578125
v -1193.6624755859375 674.1924438476562 8834.0791015625
v -928.40234375 674.1924438476562 8857.2861328125
v -946.9365844726562 674.1924438476562 9069.1328125
v -1212.19677734375 674.1924438476562 9045.92578125
v -3045.698486328125 11.178232192993164 8783.57421875
v -2892.97021484375 11.178230285644531 9001.6923828125
v -3067.168212890625 11.17823314666748 9123.6669921875
v -3219.896240234375 11.178235054016113 8905.548828125
v -3045.698486328125 674.192626953125 8783.57421875
v -2892.97021484375 674.192626953125 9001.6923828125
v -3067.168212890625 674.192626953125 9123.6669921875
v -3219.896240234375 674.192626953125 8905.548828125
v -1375.17431640625 18.61376953125 8897.208984375
v -1284.17822265625 18.61376953125 8938.677734375
v -1320.09130859375 18.61376953125 9017.482421875
v -1411.08740234375 18.61376953125 8976.0126953125
v -1375.17431640625 138.61376953125 8897.208984375
v -1284.17822265625 138.61376953125 8938.677734375
v -1320.09130859375 138.61376953125 9017.482421875
v -1411.08740234375 138.61376953125 8976.0126953125
v -2845.73291015625 18.61376953125 8896.3369140625
v -2754.73681640625 18.61376953125 8937.8056640625
v -2790.64990234375 18.61376953125 9016.6103515625
v -2881.64599609375 18.61376953125 8975.140625
v -2845.73291015625 138.61376953125 8896.3369140625
v -2754.73681640625 138.61376953125 8937.8056640625
v -2790.64990234375 138.61376953125 9016.6103515625
v -2881.64599609375 138.61376953125 8975.140625
v -2009.502197265625 11.177985191345215 7055.68310546875
v -1804.0390625 11.177986145019531 6886.3125
v -1668.7730712890625 11.17799186706543 7050.4033203125
v -1874.2362060546875 11.177990913391113 7219.77392578125
v -2009.502197265625 674.1923828125 7055.68310546875
v -1804.0390625 674.1923828125 6886.3125
v -1668.7730712890625 674.1923828125 7050.4033203125
v -1874.2362060546875 674.1923828125 7219.77392578125
v -3371.78955078125 11.178084373474121 8334.96875
v -3109.974853515625 11.178082466125488 8383.4931640625
v -3148.728271484375 11.178086280822754 8592.587890625
v -3410.54296875 11.17808723449707 8544.0634765625
v -3371.78955078125 674.1925048828125 8334.96875
v -3109.974853515625 674.1925048828125 8383.4931640625
v -3148.728271484375 674.1925048828125 8592.587890625
v -3410.54296875 674.1925048828125 8544.0634765625
v -2085.37109375 18.61376953125 7231.943359375
v -1991.40185546875 18.61376953125 7197.7412109375
v -1961.782470703125 18.61376953125 7279.1201171875
v -2055.751708984375 18.61376953125 7313.322265625
v -2085.37109375 138.61376953125 7231.943359375
v -1991.40185546875 138.61376953125 7197.7412109375
v -1961.782470703125 138.61376953125 7279.1201171875
v -2055.751708984375 138.61376953125 7313.322265625
v -3155.9921875 18.61376953125 8265.494140625
v -3062.02294921875 18.61376953125 8231.2919921875
v -3032.403564453125 18.61376953125 8312.6708984375
v -3126.372802734375 18.61376953125 8346.873046875
v -3155.9921875 138.61376953125 8265.494140625
v -3062.02294921875 138.61376953125 8231.2919921875
v -3032.403564453125 138.61376953125 8312.6708984375
v -3126.372802734375 138.61376953125 8346.873046875
v -584.6318969726562 9.01611328125 5540.2685546875
v -537.8343505859375 9.01611328125 5539.45166015625
v -537.0174560546875 9.01611328125 5586.2490234375
v -583.8150024414062 9.01611328125 5587.06591796875
v -584.6318969726562 342.255126953125 5540.2685546875
v -537.8343505859375 342.255126953125 5539.45166015625
v -537.0174560546875 342.255126953125 5586.2490234375
v -583.8150024414062 342.255126953125 5587.06591796875
v -652.2528686523438 18.61376953125 7551.6865234375
v -692.1277465820312 18.61376953125 7643.392578125
v -771.5465698242188 18.61376953125 7608.85986328125
v -731.6716918945312 18.61376953125 7517.154296875
v -652.2528686523438 138.61376953125 7551.6865234375
v -692.1277465820312 138.61376953125 7643.392578125
v -771.5465698242188 138.61376953125 7608.85986328125
v -731.6716918945312 138.61376953125 7517.154296875
v -678.2921752929688 18.61376953125 6009.8310546875
v -718.1670532226562 18.61376953125 6101.537109375
v -797.5858764648438 18.61376953125 6067.00439453125
v -757.7109985351562 18.61376953125 5975.298828125
v -678.2921752929688 138.61376953125 6009.8310546875
v -718.1670532226562 138.61376953125 6101.537109375
v -797.5858764648438 138.61376953125 6067.00439453125
v -757.7109985351562 138.61376953125 5975.298828125
v -1082.4627685546875 9.085205078125 6290.9072265625
v -1036.746826171875 9.085205078125 6221.83837890625
v -972.1337280273438 9.085205078125 6264.6044921875
v -1017.849609375 9.085205078125 6333.673828125
v -1082.4627685546875 238.3779296875 6290.9072265625
v -1036.746826171875 238.3779296875 6221.83837890625
v -972.1337280273438 238.3779296875 6264.6044921875
v -1017.849609375 238.3779296875 6333.673828125
v -891.2359619140625 16.533447265625 6834.2529296875
v -967.3814086914062 16.533447265625 7009.37548828125
v -1150.229248046875 16.533447265625 6929.87109375
v -1074.083740234375 16.533447265625 6754.74853515625
v -891.2359619140625 187.991455078125 6834.2529296875
v -967.3814086914062 187.991455078125 7009.37548828125
v -1150.229248046875 187.991455078125 6929.87109375
v -1074.083740234375 187.991455078125 6754.74853515625
v -720.4552612304688 16.533447265625 6528.4912109375
v -905.7438354492188 16.533447265625 6574.6884765625
v -953.9793701171875 16.533447265625 6381.2265625
v -768.6907958984375 16.533447265625 6335.02880859375
v -720.4552612304688 187.991455078125 6528.4912109375
v -905.7438354492188 187.991455078125 6574.6884765625
v -953.9793701171875 187.991455078125 6381.2265625
v -768.6907958984375 187.991455078125 6335.02880859375
v -657.6381225585938 9.08544921875 6428.59033203125
v -658.4318237304688 9.08544921875 6383.11669921875
v -628.4364013671875 9.08544921875 6382.59326171875
v -627.6426391601562 9.08544921875 6428.06689453125
v -657.6381225585938 110.18603515625 6428.59033203125
v -658.4318237304688 110.18603515625 6383.11669921875
v -628.4364013671875 110.18603515625 6382.59326171875
v -627.6426391601562 110.18603515625 6428.06689453125
v -777.8191528320312 13.757184982299805 7130.17529296875
v -880.8536987304688 13.757184982299805 7367.138671875
v -1065.105712890625 13.757184982299805 7287.02392578125
v -962.0711669921875 13.757184982299805 7050.060546875
v -777.8191528320312 228.54135131835938 7130.17529296875
v -880.8536987304688 228.54135131835938 7367.138671875
v -1065.1058349609375 228.54135131835938 7287.02392578125
v -962.0711669921875 228.54135131835938 7050.060546875
v -378.93359375 9.01611328125 7277.66552734375
v -332.15740966796875 9.01611328125 7276.03173828125
v -330.52392578125 9.01611328125 7322.80810546875
v -377.30010986328125 9.01611328125 7324.44140625
v -378.93359375 342.255126953125 7277.66552734375
v -332.15740966796875 342.255126953125 7276.03173828125
v -330.52392578125 342.255126953125 7322.80810546875
v -377.30010986328125 342.255126953125 7324.44140625
v -1407.2852783203125 18.61376953125 7120.4560546875
v -1447.1602783203125 18.61376953125 7212.162109375
v -1526.5791015625 18.61376953125 7177.62939453125
v -1486.7041015625 18.61376953125 7085.923828125
v -1407.2852783203125 138.61376953125 7120.4560546875
v -1447.1602783203125 138.61376953125 7212.162109375
v -1526.5791015625 138.61376953125 7177.62939453125
v -1486.7041015625 138.61376953125 7085.923828125
v -512.6697387695312 8.58447265625 6925.779296875
v -710.7997436523438 8.58447265625 7381.447265625
v -1142.9249267578125 8.58447265625 7193.5537109375
v -944.794921875 8.58447265625 6737.8857421875
v -512.6697387695312 665.876953125 6925.779296875
v -710.7997436523438 665.876953125 7381.447265625
v -1142.9249267578125 665.876953125 7193.5537109375
v -944.794921875 665.876953125 6737.8857421875
v -1036.33642578125 118.097412109375 6229.5166015625
v -1036.33642578125 118.097412109375 6229.5166015625
v -986.8276977539062 118.097412109375 6262.2861328125
v -986.8276977539062 118.097412109375 6262.2861328125
v -1036.33642578125 226.69091796875 6229.5166015625
v -1036.33642578125 226.69091796875 6229.5166015625
v -986.8276977539062 226.69091796875 6262.2861328125
v -986.8276977539062 226.69091796875 6262.2861328125
v -1075.956298828125 118.097412109375 6289.373046875
v -1075.956298828125 118.097412109375 6289.373046875
v -1026.4476318359375 118.097412109375 6322.14208984375
v -1026.4476318359375 118.097412109375 6322.14208984375
v -1075.956298828125 226.69091796875 6289.373046875
v -1075.956298828125 226.69091796875 6289.373046875
v -1026.4476318359375 226.69091796875 6322.14208984375
v -1026.4476318359375 226.69091796875 6322.14208984375
v -821.8161010742188 8.58447265625 6974.59375
v -1049.66845703125 8.58447265625 7498.6181640625
v -1563.9278564453125 8.58447265625 7275.01171875
v -1336.075439453125 8.58447265625 6750.9873046875
v -821.8161010742188 698.589111328125 6974.59375
v -1049.66845703125 698.589111328125 7498.6181640625
v -1563.9278564453125 698.589111328125 7275.01171875
v -1336.075439453125 698.589111328125 6750.9873046875
v -775.273193359375 8.58447265625 6324.55078125
v -585.1258544921875 8.58447265625 6783.60693359375
v -1020.46435546875 8.58447265625 6963.93017578125
v -1210.6116943359375 8.58447265625 6504.8740234375
v -775.273193359375 665.876953125 6324.55078125
v -585.1258544921875 665.876953125 6783.60693359375
v -1020.46435546875 665.876953125 6963.93017578125
v -1210.6116943359375 665.876953125 6504.8740234375
v 401.8678894042969 5.878173828125 4919.67529296875
v 284.3108215332031 5.878173828125 4757.8720703125
v 438.1946716308594 5.878173828125 4646.06884765625
v 555.7517700195312 5.878173828125 4807.8720703125
v 401.8678894042969 72.71533203125 4919.67529296875
v 284.3108215332031 72.71533203125 4757.8720703125
v 438.1946716308594 72.71533203125 4646.06884765625
v 555.7517700195312 72.71533203125 4807.8720703125
v 247.35263061523438 -3.2072689533233643 4789.1845703125
v 443.66998291015625 -3.2072677612304688 4609.29296875
v 587.3385009765625 -3.207261562347412 4766.07958984375
v 391.0211181640625 -3.2072625160217285 4945.97119140625
v 247.3526153564453 659.80712890625 4789.1845703125
v 443.6699523925781 659.80712890625 4609.29296875
v 587.3384399414062 659.80712890625 4766.07958984375
v 391.0211181640625 659.80712890625 4945.97119140625
v 5916.27490234375 8.58447265625 7527.9326171875
v 5469.07861328125 8.58447265625 7172.216796875
v 5818.166015625 8.58447265625 6733.35400390625
v 6265.3623046875 8.58447265625 7089.06982421875
v 5916.27490234375 698.589111328125 7527.9326171875
v 5469.07861328125 698.589111328125 7172.216796875
v 5818.166015625 698.589111328125 6733.35400390625
v 6265.3623046875 698.589111328125 7089.06982421875
v 5896.55029296875 9.085205078125 7276.4541015625
v 5740.0283203125 9.085205078125 7151.951171875
v 5858.4375 9.085205078125 7003.0908203125
v 6014.958984375 9.085205078125 7127.59375
v 5896.55029296875 75.92236328125 7276.4541015625
v 5740.0283203125 75.92236328125 7151.951171875
v 5858.4375 75.92236328125 7003.0908203125
v 6014.958984375 75.92236328125 7127.59375
v 10480.841796875 6.030517578125 7878.06494140625
v 10283.6767578125 6.030517578125 7832.5458984375
v 10305.591796875 6.030517578125 7737.61865234375
v 10502.7578125 6.030517578125 7783.13818359375
v 10480.841796875 110.155517578125 7878.06494140625
v 10283.6767578125 110.155517578125 7832.5458984375
v 10305.591796875 110.155517578125 7737.61865234375
v 10502.7578125 110.155517578125 7783.13818359375
v 10331.353515625 6.030517578125 7629.734375
v 10528.5185546875 6.030517578125 7675.25341796875
v 10506.603515625 6.030517578125 7770.18017578125
v 10309.4375 6.030517578125 7724.6611328125
v 10331.353515625 110.155517578125 7629.734375
v 10528.5185546875 110.155517578125 7675.25341796875
v 10506.603515625 110.155517578125 7770.18017578125
v 10309.4375 110.155517578125 7724.6611328125
v 10564.8740234375 9.01611328125 7827.09619140625
v 10519.2685546875 9.01611328125 7816.5673828125
v 10529.7978515625 9.01611328125 7770.96240234375
v 10575.40234375 9.01611328125 7781.4912109375
v 10564.8740234375 342.255126953125 7827.09619140625
v 10519.2685546875 342.255126953125 7816.5673828125
v 10529.7978515625 342.255126953125 7770.96240234375
v 10575.40234375 342.255126953125 7781.4912109375
v 10242.818359375 9.08544921875 7706.47021484375
v 10286.64453125 9.08544921875 7718.62451171875
v 10278.6279296875 9.08544921875 7747.53369140625
v 10234.80078125 9.08544921875 7735.37939453125
v 10242.818359375 110.18603515625 7706.47021484375
v 10286.64453125 110.18603515625 7718.62451171875
v 10278.6279296875 110.18603515625 7747.53369140625
v 10234.80078125 110.18603515625 7735.37939453125
v 10263.1455078125 6.030517578125 3560.60107421875
v 10463.98828125 6.030517578125 3585.261474609375
v 10452.115234375 6.030517578125 3681.959228515625
v 10251.2724609375 6.030517578125 3657.298828125
v 10263.1455078125 110.155517578125 3560.60107421875
v 10463.98828125 110.155517578125 3585.261474609375
v 10452.115234375 110.155517578125 3681.959228515625
v 10251.2724609375 110.155517578125 3657.298828125
v 10490.26171875 9.01611328125 3732.47314453125
v 10443.8056640625 9.01611328125 3726.769287109375
v 10449.509765625 9.01611328125 3680.3134765625
v 10495.9658203125 9.01611328125 3686.017333984375
v 10490.26171875 342.255126953125 3732.47314453125
v 10443.8056640625 342.255126953125 3726.769287109375
v 10449.509765625 342.255126953125 3680.3134765625
v 10495.9658203125 342.255126953125 3686.017333984375
v 10237.1953125 9.08544921875 3631.79296875
v 10229.689453125 9.08544921875 3676.64990234375
v 10200.1005859375 9.08544921875 3671.6982421875
v 10207.607421875 9.08544921875 3626.841552734375
v 10237.1953125 110.18603515625 3631.79296875
v 10229.689453125 110.18603515625 3676.64990234375
v 10200.1005859375 110.18603515625 3671.6982421875
v 10207.607421875 110.18603515625 3626.841552734375
v 10437.7685546875 6.030517578125 3791.94580078125
v 10236.92578125 6.030517578125 3767.285400390625
v 10248.798828125 6.030517578125 3670.587646484375
v 10449.6416015625 6.030517578125 3695.248046875
v 10437.7685546875 110.155517578125 3791.94580078125
v 10236.92578125 110.155517578125 3767.285400390625
v 10248.798828125 110.155517578125 3670.587646484375
v 10449.6416015625 110.155517578125 3695.248046875
v 7753.0888671875 11.8388671875 7174.37255859375
v 7871.26171875 11.8388671875 7187.8369140625
v 7847.89501953125 11.8388671875 7392.92431640625
v 7729.72216796875 11.8388671875 7379.4599609375
v 7753.0888671875 167.385009765625 7174.37255859375
v 7871.26171875 167.385009765625 7187.8369140625
v 7847.89501953125 167.385009765625 7392.92431640625
v 7729.72216796875 167.385009765625 7379.4599609375
v 8859.1787109375 9.085205078125 7934.9296875
v 8702.6572265625 9.085205078125 7810.4267578125
v 8821.06640625 9.085205078125 7661.56640625
v 8977.587890625 9.085205078125 7786.0693359375
v 8859.1787109375 75.92236328125 7934.9296875
v 8702.6572265625 75.92236328125 7810.4267578125
v 8821.06640625 75.92236328125 7661.56640625
v 8977.587890625 75.92236328125 7786.0693359375
v 8878.904296875 8.58447265625 8186.408203125
v 8431.7080078125 8.58447265625 7830.6923828125
v 8780.794921875 8.58447265625 7391.82958984375
v 9227.9912109375 8.58447265625 7747.54541015625
v 8878.904296875 698.589111328125 8186.408203125
v 8431.7080078125 698.589111328125 7830.6923828125
v 8780.794921875 698.589111328125 7391.82958984375
v 9227.9912109375 698.589111328125 7747.54541015625
v 10846.0673828125 -3.2072689533233643 8618.6025390625
v 11042.384765625 -3.2072677612304688 8438.7109375
v 11186.0537109375 -3.207261562347412 8595.498046875
v 10989.736328125 -3.2072625160217285 8775.3896484375
v 10846.0673828125 659.80712890625 8618.6025390625
v 11042.384765625 659.80712890625 8438.7109375
v 11186.0537109375 659.80712890625 8595.498046875
v 10989.736328125 659.80712890625 8775.3896484375
v 11000.5830078125 5.878173828125 8749.091796875
v 10883.025390625 5.878173828125 8587.2880859375
v 11036.9091796875 5.878173828125 8475.484375
v 11154.466796875 5.878173828125 8637.2880859375
v 11000.5830078125 72.71533203125 8749.091796875
v 10883.025390625 72.71533203125 8587.2880859375
v 11036.9091796875 72.71533203125 8475.484375
v 11154.466796875 72.71533203125 8637.2880859375
v 11661.0908203125 -3.2072689533233643 3564.622314453125
v 11857.408203125 -3.2072677612304688 3384.73046875
v 12001.0771484375 -3.207261562347412 3541.51708984375
v 11804.759765625 -3.2072625160217285 3721.408935546875
v 11661.0908203125 659.80712890625 3564.622314453125
v 11857.408203125 659.80712890625 3384.73046875
v 12001.0771484375 659.80712890625 3541.51708984375
v 11804.759765625 659.80712890625 3721.408935546875
v 11815.6064453125 5.878173828125 3695.11279296875
v 11698.048828125 5.878173828125 3533.309326171875
v 11851.9326171875 5.878173828125 3421.50634765625
v 11969.490234375 5.878173828125 3583.3095703125
v 11815.6064453125 72.71533203125 3695.11279296875
v 11698.048828125 72.71533203125 3533.309326171875
v 11851.9326171875 72.71533203125 3421.50634765625
v 11969.490234375 72.71533203125 3583.3095703125
v 7289.1826171875 -3.2072689533233643 7055.8876953125
v 7485.5 -3.2072677612304688 6875.99609375
v 7629.16845703125 -3.207261562347412 7032.78271484375
v 7432.85107421875 -3.2072625160217285 7212.67431640625
v 7289.1826171875 659.80712890625 7055.8876953125
v 7485.5 659.80712890625 6875.99609375
v 7629.16845703125 659.80712890625 7032.78271484375
v 7432.85107421875 659.80712890625 7212.67431640625
v 7443.69580078125 5.878173828125 7186.37646484375
v 7326.13916015625 5.878173828125 7024.5732421875
v 7480.02294921875 5.878173828125 6912.77001953125
v 7597.580078125 5.878173828125 7074.5732421875
v 7443.69580078125 72.71533203125 7186.37646484375
v 7326.13916015625 72.71533203125 7024.5732421875
v 7480.02294921875 72.71533203125 6912.77001953125
v 7597.580078125 72.71533203125 7074.5732421875
v 9122.9052734375 -3.2072689533233643 3222.290283203125
v 9319.22265625 -3.2072677612304688 3042.3984375
v 9462.8916015625 -3.207261562347412 3199.18505859375
v 9266.57421875 -3.2072625160217285 3379.076904296875
v 9122.9052734375 659.80712890625 3222.290283203125
v 9319.22265625 659.80712890625 3042.3984375
v 9462.8916015625 659.80712890625 3199.18505859375
v 9266.57421875 659.80712890625 3379.076904296875
v 9277.4189453125 5.878173828125 3352.77880859375
v 9159.861328125 5.878173828125 3190.975341796875
v 9313.7451171875 5.878173828125 3079.17236328125
v 9431.302734375 5.878173828125 3240.9755859375
v 9277.4189453125 72.71533203125 3352.77880859375
v 9159.861328125 72.71533203125 3190.975341796875
v 9313.7451171875 72.71533203125 3079.17236328125
v 9431.302734375 72.71533203125 3240.9755859375
v 6372.36279296875 9.085205078125 3712.9052734375
v 7025.71484375 9.085205078125 3415.155517578125
v 7308.89208984375 9.085205078125 4036.531005859375
v 6655.53955078125 9.085205078125 4334.28076171875
v 6372.36279296875 75.92236328125 3712.9052734375
v 7025.71484375 75.92236328125 3415.155517578125
v 7308.89208984375 75.92236328125 4036.531005859375
v 6655.53955078125 75.92236328125 4334.28076171875
v 6825.61328125 58.997802734375 3857.559326171875
v 6988.80517578125 58.997802734375 3705.38037109375
v 7146.4384765625 58.997802734375 3874.421630859375
v 6983.24658203125 58.997802734375 4026.6005859375
v 6825.61328125 159.632568359375 3857.559326171875
v 6988.80517578125 159.632568359375 3705.38037109375
v 7146.4384765625 159.632568359375 3874.421630859375
v 6983.24658203125 159.632568359375 4026.6005859375
v 6341.09765625 8.58447265625 3860.46826171875
v 6793.23779296875 8.58447265625 3654.415771484375
v 6988.64453125 8.58447265625 4083.196044921875
v 6536.50390625 8.58447265625 4289.24853515625
v 6341.09765625 665.876953125 3860.46826171875
v 6793.23779296875 665.876953125 3654.415771484375
v 6988.64453125 665.876953125 4083.196044921875
v 6536.50390625 665.876953125 4289.24853515625
v 6518.0693359375 8.58447265625 3706.187255859375
v 7038.03759765625 8.58447265625 3469.22412109375
v 7270.5849609375 8.58447265625 3979.502685546875
v 6750.61669921875 8.58447265625 4216.4658203125
v 6518.0693359375 698.589111328125 3706.187255859375
v 7038.03759765625 698.589111328125 3469.22412109375
v 7270.5849609375 698.589111328125 3979.502685546875
v 6750.61669921875 698.589111328125 4216.4658203125
v 6598.271484375 58.167724609375 3743.793701171875
v 6761.46337890625 58.167724609375 3591.61474609375
v 6919.0966796875 58.167724609375 3760.656005859375
v 6755.90478515625 58.167724609375 3912.8349609375
v 6598.271484375 158.802490234375 3743.793701171875
v 6761.46337890625 158.802490234375 3591.61474609375
v 6919.0966796875 158.802490234375 3760.656005859375
v 6755.90478515625 158.802490234375 3912.8349609375
v 6623.759765625 59.150634765625 4006.270263671875
v 6786.95166015625 59.150634765625 3854.09130859375
v 6944.5849609375 59.150634765625 4023.132568359375
v 6781.39306640625 59.150634765625 4175.3115234375
v 6623.759765625 159.785400390625 4006.270263671875
v 6786.95166015625 159.785400390625 3854.09130859375
v 6944.5849609375 159.785400390625 4023.132568359375
v 6781.39306640625 159.785400390625 4175.3115234375
v -5079.8671875 9.085205078125 4078.152099609375
v -5263.96826171875 9.085205078125 4000.005859375
v -5189.64697265625 9.085205078125 3824.915771484375
v -5005.5458984375 9.085205078125 3903.06201171875
v -5079.8671875 75.92236328125 4078.152099609375
v -5263.96826171875 75.92236328125 4000.005859375
v -5189.64697265625 75.92236328125 3824.915771484375
v -5005.5458984375 75.92236328125 3903.06201171875
v -5010.16455078125 8.58447265625 4273.076171875
v -5467.5439453125 8.58447265625 4078.93017578125
v -5283.4287109375 8.58447265625 3645.181884765625
v -4826.04931640625 8.58447265625 3839.327880859375
v -5010.16455078125 665.876953125 4273.076171875
v -5467.5439453125 665.876953125 4078.93017578125
v -5283.4287109375 665.876953125 3645.181884765625
v -4826.04931640625 665.876953125 3839.327880859375
v -5688.38037109375 11.8388671875 4401.7978515625
v -5605.75927734375 11.8388671875 4487.3544921875
v -5754.2412109375 11.8388671875 4630.74169921875
v -5836.8623046875 11.8388671875 4545.18505859375
v -5688.38037109375 167.385009765625 4401.7978515625
v -5605.75927734375 167.385009765625 4487.3544921875
v -5754.2412109375 167.385009765625 4630.74169921875
v -5836.8623046875 167.385009765625 4545.18505859375
v -5732.27392578125 11.8388671875 4642.88720703125
v -5643.88623046875 11.8388671875 4563.30224609375
v -5505.7685546875 11.8388671875 4716.6982421875
v -5594.15625 11.8388671875 4796.28271484375
v -5732.27392578125 167.385009765625 4642.88720703125
v -5643.88623046875 167.385009765625 4563.30224609375
v -5505.7685546875 167.385009765625 4716.6982421875
v -5594.15625 167.385009765625 4796.28271484375
v -5958.6845703125 18.61376953125 4965.4169921875
v -5979.4755859375 18.61376953125 4867.60205078125
v -5894.7666015625 18.61376953125 4849.5966796875
v -5873.9755859375 18.61376953125 4947.41162109375
v -5958.6845703125 138.61376953125 4965.4169921875
v -5979.4755859375 138.61376953125 4867.60205078125
v -5894.7666015625 138.61376953125 4849.5966796875
v -5873.9755859375 138.61376953125 4947.41162109375
v -6117.828125 11.178182601928711 4873.91650390625
v -6256.95556640625 11.178182601928711 4646.88134765625
v -6075.63623046875 11.178189277648926 4535.7685546875
v -5936.5087890625 11.178189277648926 4762.80419921875
v -6117.828125 674.1925659179688 4873.91650390625
v -6256.95556640625 674.1925659179688 4646.88134765625
v -6075.63623046875 674.1925659179688 4535.7685546875
v -5936.5087890625 674.1925659179688 4762.80419921875
v -5084.2001953125 18.61376953125 6166.9091796875
v -5104.9912109375 18.61376953125 6069.09423828125
v -5020.2822265625 18.61376953125 6051.0888671875
v -4999.4912109375 18.61376953125 6148.90380859375
v -5084.2001953125 138.61376953125 6166.9091796875
v -5104.9912109375 138.61376953125 6069.09423828125
v -5020.2822265625 138.61376953125 6051.0888671875
v -4999.4912109375 138.61376953125 6148.90380859375
v -5059.6806640625 11.177892684936523 6386.15185546875
v -4975.19091796875 11.177891731262207 6133.63818359375
v -4773.52392578125 11.177897453308105 6201.115234375
v -4858.013671875 11.177898406982422 6453.62841796875
v -5059.6806640625 674.1923217773438 6386.15185546875
v -4975.19091796875 674.1923217773438 6133.63818359375
v -4773.52392578125 674.1923217773438 6201.115234375
v -4858.013671875 674.1923217773438 6453.62841796875
v -5197.32568359375 18.61376953125 2941.572265625
v -5100.96240234375 18.61376953125 2914.848388671875
v -5077.8193359375 18.61376953125 2998.30029296875
v -5174.1826171875 18.61376953125 3025.024169921875
v -5197.32568359375 138.61376953125 2941.572265625
v -5100.96240234375 138.61376953125 2914.848388671875
v -5077.8193359375 138.61376953125 2998.30029296875
v -5174.1826171875 138.61376953125 3025.024169921875
v -5100.1865234375 11.178034782409668 2780.104736328125
v -4882.06787109375 11.178033828735352 2627.37646484375
v -4760.09326171875 11.1780366897583 2801.574462890625
v -4978.2119140625 11.178037643432617 2954.302490234375
v -5100.1865234375 674.1924438476562 2780.104736328125
v -4882.06787109375 674.1924438476562 2627.37646484375
v -4760.09326171875 674.1924438476562 2801.574462890625
v -4978.2119140625 674.1924438476562 2954.302490234375
v -6556.84326171875 11.17822551727295 3928.946533203125
v -6299.642578125 11.178226470947266 3997.86328125
v -6354.68212890625 11.178229331970215 4203.2734375
v -6611.8828125 11.178229331970215 4134.35693359375
v -6556.84326171875 674.192626953125 3928.946533203125
v -6299.642578125 674.192626953125 3997.86328125
v -6354.68212890625 674.192626953125 4203.2734375
v -6611.8828125 674.192626953125 4134.35693359375
v -6332.73974609375 18.61376953125 3885.55859375
v -6236.37646484375 18.61376953125 3858.834716796875
v -6213.2333984375 18.61376953125 3942.28662109375
v -6309.5966796875 18.61376953125 3969.010498046875
v -6332.73974609375 138.61376953125 3885.55859375
v -6236.37646484375 138.61376953125 3858.834716796875
v -6213.2333984375 138.61376953125 3942.28662109375
v -6309.5966796875 138.61376953125 3969.010498046875
v 3529.656005859375 11.982421875 9288.421875
v 3651.059326171875 11.982421875 9286.302734375
v 3652.7421875 11.982421875 9382.7177734375
v 3531.3388671875 11.982421875 9384.8369140625
v 3529.656005859375 204.6376953125 9288.421875
v 3651.059326171875 204.6376953125 9286.302734375
v 3652.7421875 204.6376953125 9382.7177734375
v 3531.3388671875 204.6376953125 9384.8369140625
v 3373.879638671875 8.42333984375 9306.259765625
v 3495.301513671875 8.42333984375 9306.259765625
v 3495.301513671875 8.42333984375 9387.755859375
v 3373.879638671875 8.42333984375 9387.755859375
v 3373.879638671875 201.07861328125 9306.259765625
v 3495.301513671875 201.07861328125 9306.259765625
v 3495.301513671875 201.07861328125 9387.755859375
v 3373.879638671875 201.07861328125 9387.755859375
v -5388.54443359375 118.097412109375 4415.91357421875
v -5388.54443359375 118.097412109375 4415.91357421875
v -5367.751953125 118.097412109375 4471.52490234375
v -5367.751953125 118.097412109375 4471.52490234375
v -5388.54443359375 226.69091796875 4415.91357421875
v -5388.54443359375 226.69091796875 4415.91357421875
v -5367.751953125 226.69091796875 4471.52490234375
v -5367.751953125 226.69091796875 4471.52490234375
v -5455.7822265625 118.097412109375 4441.05224609375
v -5455.7822265625 118.097412109375 4441.05224609375
v -5434.98974609375 118.097412109375 4496.66357421875
v -5434.98974609375 118.097412109375 4496.66357421875
v -5455.7822265625 226.69091796875 4441.05224609375
v -5455.7822265625 226.69091796875 4441.05224609375
v -5434.98974609375 226.69091796875 4496.66357421875
v -5434.98974609375 226.69091796875 4496.66357421875
v -5461.94775390625 9.085205078125 4438.46923828125
v -5384.36474609375 9.085205078125 4409.46240234375
v -5357.2294921875 9.085205078125 4482.0400390625
v -5434.81201171875 9.085205078125 4511.046875
v -5461.94775390625 238.3779296875 4438.46923828125
v -5384.36474609375 238.3779296875 4409.46240234375
v -5357.2294921875 238.3779296875 4482.0400390625
v -5434.81201171875 238.3779296875 4511.046875
v -5401.3798828125 118.097412109375 4580.95849609375
v -5401.3798828125 118.097412109375 4580.95849609375
v -5422.171875 118.097412109375 4525.34765625
v -5422.171875 118.097412109375 4525.34765625
v -5401.3798828125 226.69091796875 4580.95849609375
v -5401.3798828125 226.69091796875 4580.95849609375
v -5422.171875 226.69091796875 4525.34765625
v -5422.171875 226.69091796875 4525.34765625
v -5334.142578125 118.097412109375 4555.8212890625
v -5334.142578125 118.097412109375 4555.8212890625
v -5354.9345703125 118.097412109375 4500.2099609375
v -5354.9345703125 118.097412109375 4500.2099609375
v -5334.142578125 226.69091796875 4555.8212890625
v -5334.142578125 226.69091796875 4555.8212890625
v -5354.9345703125 226.69091796875 4500.2099609375
v -5354.9345703125 226.69091796875 4500.2099609375
v -5327.978515625 9.085205078125 4558.40478515625
v -5405.56103515625 9.085205078125 4587.412109375
v -5432.69677734375 9.085205078125 4514.83447265625
v -5355.1142578125 9.085205078125 4485.82763671875
v -5327.978515625 238.3779296875 4558.40478515625
v -5405.56103515625 238.3779296875 4587.412109375
v -5432.69677734375 238.3779296875 4514.83447265625
v -5355.1142578125 238.3779296875 4485.82763671875
v 5303.89453125 11.8388671875 8352.7724609375
v 5330.6494140625 11.8388671875 8468.662109375
v 5129.52587890625 11.8388671875 8515.0947265625
v 5102.77099609375 11.8388671875 8399.205078125
v 5303.89453125 167.385009765625 8352.7724609375
v 5330.6494140625 167.385009765625 8468.662109375
v 5129.52587890625 167.385009765625 8515.0947265625
v 5102.77099609375 167.385009765625 8399.205078125
v 2256.34423828125 11.8388671875 8351.43359375
v 2218.604736328125 11.8388671875 8464.224609375
v 2022.8575439453125 11.8388671875 8398.728515625
v 2060.596923828125 11.8388671875 8285.9375
v 2256.34423828125 167.385009765625 8351.43359375
v 2218.604736328125 167.385009765625 8464.224609375
v 2022.8575439453125 167.385009765625 8398.728515625
v 2060.596923828125 167.385009765625 8285.9375
v 5775.73681640625 9.01611328125 8895.9921875
v 5798.42822265625 9.01611328125 8855.0556640625
v 5839.3642578125 9.01611328125 8877.7470703125
v 5816.67333984375 9.01611328125 8918.68359375
v 5775.73681640625 342.255126953125 8895.9921875
v 5798.42822265625 342.255126953125 8855.0556640625
v 5839.3642578125 342.255126953125 8877.7470703125
v 5816.67333984375 342.255126953125 8918.68359375
v 4610.34228515625 9.01611328125 8879.345703125
v 4655.2197265625 9.01611328125 8866.052734375
v 4668.5126953125 9.01611328125 8910.9296875
v 4623.6357421875 9.01611328125 8924.2236328125
v 4610.34228515625 342.255126953125 8879.345703125
v 4655.2197265625 342.255126953125 8866.052734375
v 4668.5126953125 342.255126953125 8910.9296875
v 4623.6357421875 342.255126953125 8924.2236328125
v 2534.873291015625 9.01611328125 8842.3408203125
v 2581.0361328125 9.01611328125 8850.0654296875
v 2573.31103515625 9.01611328125 8896.228515625
v 2527.148193359375 9.01611328125 8888.50390625
v 2534.873291015625 342.255126953125 8842.3408203125
v 2581.0361328125 342.255126953125 8850.0654296875
v 2573.31103515625 342.255126953125 8896.228515625
v 2527.148193359375 342.255126953125 8888.50390625
v 1462.49072265625 9.01611328125 8853.5078125
v 1507.367919921875 9.01611328125 8840.21484375
v 1520.6612548828125 9.01611328125 8885.091796875
v 1475.783935546875 9.01611328125 8898.3857421875
v 1462.49072265625 342.255126953125 8853.5078125
v 1507.367919921875 342.255126953125 8840.21484375
v 1520.6612548828125 342.255126953125 8885.091796875
v 1475.783935546875 342.255126953125 8898.3857421875
v 6999.59130859375 8.793484687805176 8201.7373046875
v 7004.6669921875 8.793484687805176 8395.5576171875
v 6968.34912109375 8.793571472167969 8396.5087890625
v 6963.27392578125 8.793571472167969 8202.6884765625
v 6999.59326171875 740.09033203125 8201.7373046875
v 7004.66845703125 740.09033203125 8395.5576171875
v 6968.35107421875 740.0904541015625 8396.5087890625
v 6963.27587890625 740.0904541015625 8202.6884765625
v 2872.546630859375 8.793484687805176 8151.77685546875
v 2877.621826171875 8.793484687805176 8345.5966796875
v 2841.30419921875 8.793571472167969 8346.5478515625
v 2836.22900390625 8.793571472167969 8152.7275390625
v 2872.54833984375 740.09033203125 8151.77685546875
v 2877.623779296875 740.09033203125 8345.5966796875
v 2841.30615234375 740.0904541015625 8346.5478515625
v 2836.230712890625 740.0904541015625 8152.7275390625
v 668.9235229492188 8.793484687805176 8108.36669921875
v 673.9989013671875 8.793484687805176 8302.1865234375
v 637.6812133789062 8.793571472167969 8303.1376953125
v 632.6058959960938 8.793571472167969 8109.3173828125
v 668.92529296875 740.09033203125 8108.36669921875
v 674.0006103515625 740.09033203125 8302.1865234375
v 637.6829833984375 740.0904541015625 8303.1376953125
v 632.607666015625 740.0904541015625 8109.3173828125
v 3481.496337890625 9.262939453125 8315.509765625
v 3859.496337890625 9.262939453125 8315.509765625
v 3859.496337890625 9.262939453125 8472.810546875
v 3481.496337890625 9.262939453125 8472.810546875
v 3481.496337890625 279.675048828125 8315.509765625
v 3859.496337890625 279.675048828125 8315.509765625
v 3859.496337890625 279.675048828125 8472.810546875
v 3481.496337890625 279.675048828125 8472.810546875
v 3831.082275390625 29.71337890625 8361.064453125
v 3831.082275390625 29.71337890625 8361.064453125
v 3831.082275390625 29.71337890625 8428.201171875
v 3831.082275390625 29.71337890625 8428.201171875
v 3831.082275390625 220.99072265625 8361.064453125
v 3831.082275390625 220.99072265625 8361.064453125
v 3831.082275390625 220.99072265625 8428.201171875
v 3831.082275390625 220.99072265625 8428.201171875
v 3510.543212890625 29.71337890625 8361.064453125
v 3510.543212890625 29.71337890625 8361.064453125
v 3510.543212890625 29.71337890625 8428.201171875
v 3510.543212890625 29.71337890625 8428.201171875
v 3510.543212890625 220.99072265625 8361.064453125
v 3510.543212890625 220.99072265625 8361.064453125
v 3510.543212890625 220.99072265625 8428.201171875
v 3510.543212890625 220.99072265625 8428.201171875
v 3543.726806640625 29.71337890625 8456.654296875
v 3798.058837890625 29.71337890625 8456.654296875
v 3798.058837890625 29.71337890625 8456.654296875
v 3543.726806640625 29.71337890625 8456.654296875
v 3543.726806640625 220.99072265625 8456.654296875
v 3798.058837890625 220.99072265625 8456.654296875
v 3798.058837890625 220.99072265625 8456.654296875
v 3543.726806640625 220.99072265625 8456.654296875
v 7250.7578125 11.8388671875 8738.6796875
v 7228.0634765625 11.8388671875 8855.4326171875
v 7025.44140625 11.8388671875 8816.046875
v 7048.1357421875 11.8388671875 8699.2939453125
v 7250.7578125 167.385009765625 8738.6796875
v 7228.0634765625 167.385009765625 8855.4326171875
v 7025.44140625 167.385009765625 8816.046875
v 7048.1357421875 167.385009765625 8699.2939453125
v 7186.154296875 11.8388671875 8875.6376953125
v 7300.484375 11.8388671875 8908.4208984375
v 7243.5888671875 11.8388671875 9106.8388671875
v 7129.2587890625 11.8388671875 9074.0556640625
v 7186.154296875 167.385009765625 8875.6376953125
v 7300.484375 167.385009765625 8908.4208984375
v 7243.5888671875 167.385009765625 9106.8388671875
v 7129.2587890625 167.385009765625 9074.0556640625
v 946.9825439453125 11.8388671875 8537.7236328125
v 1061.3126220703125 11.8388671875 8570.5068359375
v 1004.4170532226562 11.8388671875 8768.9248046875
v 890.0870361328125 11.8388671875 8736.1416015625
v 946.9825439453125 167.385009765625 8537.7236328125
v 1061.3126220703125 167.385009765625 8570.5068359375
v 1004.4170532226562 167.385009765625 8768.9248046875
v 890.0870361328125 167.385009765625 8736.1416015625
v 1023.5911254882812 11.8388671875 8781.2314453125
v 1070.0635986328125 11.8388671875 8890.7138671875
v 880.0584716796875 11.8388671875 8971.3662109375
v 833.5859375 11.8388671875 8861.8837890625
v 1023.5911254882812 167.385009765625 8781.2314453125
v 1070.0635986328125 167.385009765625 8890.7138671875
v 880.0584716796875 167.385009765625 8971.3662109375
v 833.5859375 167.385009765625 8861.8837890625
v 5935.28857421875 18.61376953125 8566.9228515625
v 6026.28466796875 18.61376953125 8608.3916015625
v 5990.37158203125 18.61376953125 8687.1953125
v 5899.37548828125 18.61376953125 8645.7265625
v 5935.28857421875 138.61376953125 8566.9228515625
v 6026.28466796875 138.61376953125 8608.3916015625
v 5990.37158203125 138.61376953125 8687.1953125
v 5899.37548828125 138.61376953125 8645.7265625
v 6096.1826171875 11.17822551727295 8499.66796875
v 6361.44287109375 11.178226470947266 8522.875
v 6342.90869140625 11.178229331970215 8734.72265625
v 6077.6484375 11.178229331970215 8711.5146484375
v 6096.1826171875 674.192626953125 8499.66796875
v 6361.44287109375 674.192626953125 8522.875
v 6342.90869140625 674.192626953125 8734.72265625
v 6077.6484375 674.192626953125 8711.5146484375
v 4256.5107421875 11.17812728881836 8445.0400390625
v 4409.23876953125 11.178128242492676 8663.158203125
v 4235.041015625 11.178131103515625 8785.1328125
v 4082.31298828125 11.178130149841309 8567.0146484375
v 4256.5107421875 674.1925048828125 8445.0400390625
v 4409.23876953125 674.1925048828125 8663.158203125
v 4235.041015625 674.1925659179688 8785.1328125
v 4082.31298828125 674.1925048828125 8567.0146484375
v 4460.60498046875 18.61376953125 8557.8037109375
v 4551.60107421875 18.61376953125 8599.2724609375
v 4515.68798828125 18.61376953125 8678.076171875
v 4424.69189453125 18.61376953125 8636.607421875
v 4460.60498046875 138.61376953125 8557.8037109375
v 4551.60107421875 138.61376953125 8599.2724609375
v 4515.68798828125 138.61376953125 8678.076171875
v 4424.69189453125 138.61376953125 8636.607421875
v 2829.730224609375 18.61376953125 8504.2412109375
v 2920.726318359375 18.61376953125 8545.7099609375
v 2884.813232421875 18.61376953125 8624.513671875
v 2793.817138671875 18.61376953125 8583.044921875
v 2829.730224609375 138.61376953125 8504.2412109375
v 2920.726318359375 138.61376953125 8545.7099609375
v 2884.813232421875 138.61376953125 8624.513671875
v 2793.817138671875 138.61376953125 8583.044921875
v 3002.9951171875 11.17822551727295 8449.3564453125
v 3268.25537109375 11.178226470947266 8472.5634765625
v 3249.72119140625 11.178229331970215 8684.4111328125
v 2984.4609375 11.178229331970215 8661.203125
v 3002.9951171875 674.192626953125 8449.3564453125
v 3268.25537109375 674.192626953125 8472.5634765625
v 3249.72119140625 674.192626953125 8684.4111328125
v 2984.4609375 674.192626953125 8661.203125
v 1159.2021484375 11.17812728881836 8386.4814453125
v 1311.9302978515625 11.178128242492676 8604.599609375
v 1137.7325439453125 11.178131103515625 8726.57421875
v 985.0043334960938 11.178130149841309 8508.4560546875
v 1159.2021484375 674.1925048828125 8386.4814453125
v 1311.9302978515625 674.1925048828125 8604.599609375
v 1137.7325439453125 674.1925659179688 8726.57421875
v 985.0043334960938 674.1925048828125 8508.4560546875
v 1346.8004150390625 18.61376953125 8499.2451171875
v 1437.7965087890625 18.61376953125 8540.7138671875
v 1401.8834228515625 18.61376953125 8619.517578125
v 1310.8873291015625 18.61376953125 8578.048828125
v 1346.8004150390625 138.61376953125 8499.2451171875
v 1437.7965087890625 138.61376953125 8540.7138671875
v 1401.8834228515625 138.61376953125 8619.517578125
v 1310.8873291015625 138.61376953125 8578.048828125
v -6938.48388671875 9.01611328125 5588.35595703125
v -6900.37939453125 9.01611328125 5561.17626953125
v -6873.19970703125 9.01611328125 5599.28076171875
v -6911.30419921875 9.01611328125 5626.46044921875
v -6938.48388671875 342.255126953125 5588.35595703125
v -6900.37939453125 342.255126953125 5561.17626953125
v -6873.19970703125 342.255126953125 5599.28076171875
v -6911.30419921875 342.255126953125 5626.46044921875
v -5518.50341796875 9.01611328125 7743.57470703125
v -5480.39892578125 9.01611328125 7716.39501953125
v -5453.21923828125 9.01611328125 7754.49951171875
v -5491.32373046875 9.01611328125 7781.67919921875
v -5518.50341796875 342.255126953125 7743.57470703125
v -5480.39892578125 342.255126953125 7716.39501953125
v -5453.21923828125 342.255126953125 7754.49951171875
v -5491.32373046875 342.255126953125 7781.67919921875
v -6465.9970703125 -3.2072689533233643 6747.9736328125
v -6269.6796875 -3.2072677612304688 6568.08203125
v -6126.01123046875 -3.207261562347412 6724.86865234375
v -6322.32861328125 -3.2072625160217285 6904.76025390625
v -6465.9970703125 659.80712890625 6747.9736328125
v -6269.6796875 659.80712890625 6568.08203125
v -6126.01123046875 659.80712890625 6724.86865234375
v -6322.32861328125 659.80712890625 6904.76025390625
v -6311.48388671875 5.878173828125 6878.46240234375
v -6429.04052734375 5.878173828125 6716.6591796875
v -6275.15673828125 5.878173828125 6604.85595703125
v -6157.599609375 5.878173828125 6766.6591796875
v -6311.48388671875 72.71533203125 6878.46240234375
v -6429.04052734375 72.71533203125 6716.6591796875
v -6275.15673828125 72.71533203125 6604.85595703125
v -6157.599609375 72.71533203125 6766.6591796875
v -6734.94970703125 8.58447265625 6255.51025390625
v -7192.3291015625 8.58447265625 6061.3642578125
v -7008.2138671875 8.58447265625 5627.61572265625
v -6550.83447265625 8.58447265625 5821.76171875
v -6734.94970703125 665.876953125 6255.51025390625
v -7192.3291015625 665.876953125 6061.3642578125
v -7008.2138671875 665.876953125 5627.61572265625
v -6550.83447265625 665.876953125 5821.76171875
v -6804.65625 9.085205078125 6060.5859375
v -6988.75732421875 9.085205078125 5982.43994140625
v -6914.43603515625 9.085205078125 5807.349609375
v -6730.3349609375 9.085205078125 5885.49609375
v -6804.65625 75.92236328125 6060.5859375
v -6988.75732421875 75.92236328125 5982.43994140625
v -6914.43603515625 75.92236328125 5807.349609375
v -6730.3349609375 75.92236328125 5885.49609375
v -5279.7421875 9.085205078125 8248.9912109375
v -5463.84326171875 9.085205078125 8170.8447265625
v -5389.52197265625 9.085205078125 7995.75439453125
v -5205.4208984375 9.085205078125 8073.90087890625
v -5279.7421875 75.92236328125 8248.9912109375
v -5463.84326171875 75.92236328125 8170.8447265625
v -5389.52197265625 75.92236328125 7995.75439453125
v -5205.4208984375 75.92236328125 8073.90087890625
v -5210.03564453125 8.58447265625 8443.9150390625
v -5667.4150390625 8.58447265625 8249.7685546875
v -5483.2998046875 8.58447265625 7816.0205078125
v -5025.92041015625 8.58447265625 8010.16650390625
v -5210.03564453125 665.876953125 8443.9150390625
v -5667.4150390625 665.876953125 8249.7685546875
v -5483.2998046875 665.876953125 7816.0205078125
v -5025.92041015625 665.876953125 8010.16650390625
v -4786.56982421875 5.878173828125 9066.869140625
v -4904.12646484375 5.878173828125 8905.0654296875
v -4750.24267578125 5.878173828125 8793.26171875
v -4632.685546875 5.878173828125 8955.0654296875
v -4786.56982421875 72.71533203125 9066.869140625
v -4904.12646484375 72.71533203125 8905.0654296875
v -4750.24267578125 72.71533203125 8793.26171875
v -4632.685546875 72.71533203125 8955.0654296875
v -4941.0830078125 -3.2072689533233643 8936.3759765625
v -4744.765625 -3.2072677612304688 8756.484375
v -4601.09716796875 -3.207261562347412 8913.271484375
v -4797.41455078125 -3.2072625160217285 9093.1630859375
v -4941.0830078125 659.80712890625 8936.3759765625
v -4744.765625 659.80712890625 8756.484375
v -4601.09716796875 659.80712890625 8913.271484375
v -4797.41455078125 659.80712890625 9093.1630859375
v -5805.2958984375 9.262939453125 7149.890625
v -5593.92138671875 9.262939453125 7463.2666015625
v -5724.32958984375 9.262939453125 7551.228515625
v -5935.7041015625 9.262939453125 7237.85205078125
v -5805.2958984375 279.675048828125 7149.890625
v -5593.92138671875 279.675048828125 7463.2666015625
v -5724.32958984375 279.675048828125 7551.228515625
v -5935.7041015625 279.675048828125 7237.85205078125
v -5887.51123046875 29.71337890625 7280.4091796875
v -5745.29052734375 29.71337890625 7491.259765625
v -5745.29052734375 29.71337890625 7491.259765625
v -5887.51123046875 29.71337890625 7280.4091796875
v -5887.51123046875 220.99072265625 7280.4091796875
v -5745.29052734375 220.99072265625 7491.259765625
v -5745.29052734375 220.99072265625 7491.259765625
v -5887.51123046875 220.99072265625 7280.4091796875
v -5826.82177734375 29.71337890625 7199.443359375
v -5826.82177734375 29.71337890625 7199.443359375
v -5882.48046875 29.71337890625 7236.98583984375
v -5882.48046875 29.71337890625 7236.98583984375
v -5826.82177734375 220.99072265625 7199.443359375
v -5826.82177734375 220.99072265625 7199.443359375
v -5882.48046875 220.99072265625 7236.98583984375
v -5882.48046875 220.99072265625 7236.98583984375
v -5647.57861328125 29.71337890625 7465.18212890625
v -5647.57861328125 29.71337890625 7465.18212890625
v -5703.2373046875 29.71337890625 7502.724609375
v -5703.2373046875 29.71337890625 7502.724609375
v -5647.57861328125 220.99072265625 7465.18212890625
v -5647.57861328125 220.99072265625 7465.18212890625
v -5703.2373046875 220.99072265625 7502.724609375
v -5703.2373046875 220.99072265625 7502.724609375
v 7805.2333984375 -3.2072689533233643 -3922.655029296875
v 8001.55078125 -3.2072677612304688 -4102.546875
v 8145.21923828125 -3.207261562347412 -3945.76025390625
v 7948.90185546875 -3.2072625160217285 -3765.868408203125
v 7805.2333984375 659.80712890625 -3922.655029296875
v 8001.55078125 659.80712890625 -4102.546875
v 8145.21923828125 659.80712890625 -3945.76025390625
v 7948.90185546875 659.80712890625 -3765.868408203125
v 7959.74658203125 5.878173828125 -3792.16650390625
v 7842.18994140625 5.878173828125 -3953.969970703125
v 7996.07373046875 5.878173828125 -4065.77294921875
v 8113.630859375 5.878173828125 -3903.9697265625
v 7959.74658203125 72.71533203125 -3792.16650390625
v 7842.18994140625 72.71533203125 -3953.969970703125
v 7996.07373046875 72.71533203125 -4065.77294921875
v 8113.630859375 72.71533203125 -3903.9697265625
v 10617.9853515625 5.878173828125 -3743.71337890625
v 10500.427734375 5.878173828125 -3905.516845703125
v 10654.3115234375 5.878173828125 -4017.31982421875
v 10771.869140625 5.878173828125 -3855.5166015625
v 10617.9853515625 72.71533203125 -3743.71337890625
v 10500.427734375 72.71533203125 -3905.516845703125
v 10654.3115234375 72.71533203125 -4017.31982421875
v 10771.869140625 72.71533203125 -3855.5166015625
v 10463.4697265625 -3.2072689533233643 -3874.201904296875
v 10659.787109375 -3.2072677612304688 -4054.09375
v 10803.4560546875 -3.207261562347412 -3897.30712890625
v 10607.138671875 -3.2072625160217285 -3717.415283203125
v 10463.4697265625 659.80712890625 -3874.201904296875
v 10659.787109375 659.80712890625 -4054.09375
v 10803.4560546875 659.80712890625 -3897.30712890625
v 10607.138671875 659.80712890625 -3717.415283203125
v 8335.208984375 8.58447265625 -6362.43310546875
v 7888.01220703125 8.58447265625 -6718.14892578125
v 8237.099609375 8.58447265625 -7157.01171875
v 8684.2958984375 8.58447265625 -6801.2958984375
v 8335.208984375 698.589111328125 -6362.43310546875
v 7888.01220703125 698.589111328125 -6718.14892578125
v 8237.099609375 698.589111328125 -7157.01171875
v 8684.2958984375 698.589111328125 -6801.2958984375
v 8315.4833984375 9.085205078125 -6613.91162109375
v 8158.9619140625 9.085205078125 -6738.41455078125
v 8277.37109375 9.085205078125 -6887.27490234375
v 8433.892578125 9.085205078125 -6762.77197265625
v 8315.4833984375 75.92236328125 -6613.91162109375
v 8158.9619140625 75.92236328125 -6738.41455078125
v 8277.37109375 75.92236328125 -6887.27490234375
v 8433.892578125 75.92236328125 -6762.77197265625
v 10678.2021484375 9.085205078125 -6613.91162109375
v 10521.6806640625 9.085205078125 -6738.41455078125
v 10640.08984375 9.085205078125 -6887.27490234375
v 10796.611328125 9.085205078125 -6762.77197265625
v 10678.2021484375 75.92236328125 -6613.91162109375
v 10521.6806640625 75.92236328125 -6738.41455078125
v 10640.08984375 75.92236328125 -6887.27490234375
v 10796.611328125 75.92236328125 -6762.77197265625
v 10697.927734375 8.58447265625 -6362.43310546875
v 10250.7314453125 8.58447265625 -6718.14892578125
v 10599.818359375 8.58447265625 -7157.01171875
v 11047.0146484375 8.58447265625 -6801.2958984375
v 10697.927734375 698.589111328125 -6362.43310546875
v 10250.7314453125 698.589111328125 -6718.14892578125
v 10599.818359375 698.589111328125 -7157.01171875
v 11047.0146484375 698.589111328125 -6801.2958984375
v 11378.705078125 11.177928924560547 -6160.630859375
v 11401.912109375 11.17793083190918 -6425.89111328125
v 11613.759765625 11.177934646606445 -6407.35693359375
v 11590.5517578125 11.177931785583496 -6142.0966796875
v 11378.705078125 674.1923217773438 -6160.630859375
v 11401.912109375 674.1923217773438 -6425.89111328125
v 11613.759765625 674.1923217773438 -6407.35693359375
v 11590.5517578125 674.1923217773438 -6142.0966796875
v 11440.9677734375 18.61376953125 -4521.46435546875
v 11482.4375 18.61376953125 -4612.46044921875
v 11561.2412109375 18.61376953125 -4576.54736328125
v 11519.7724609375 18.61376953125 -4485.55126953125
v 11440.9677734375 138.61376953125 -4521.46435546875
v 11482.4375 138.61376953125 -4612.46044921875
v 11561.2412109375 138.61376953125 -4576.54736328125
v 11519.7724609375 138.61376953125 -4485.55126953125
v 11324.0791015625 11.17812728881836 -4317.4189453125
v 11542.1982421875 11.178128242492676 -4470.1474609375
v 11664.1728515625 11.178131103515625 -4295.94970703125
v 11446.0537109375 11.178130149841309 -4143.22119140625
v 11324.0791015625 674.1925048828125 -4317.4189453125
v 11542.1982421875 674.1925048828125 -4470.1474609375
v 11664.1728515625 674.1925659179688 -4295.94970703125
v 11446.0537109375 674.1925048828125 -4143.22119140625
v 11445.96484375 18.61376953125 -5987.42529296875
v 11487.4345703125 18.61376953125 -6078.42138671875
v 11566.23828125 18.61376953125 -6042.50830078125
v 11524.76953125 18.61376953125 -5951.51220703125
v 11445.96484375 138.61376953125 -5987.42529296875
v 11487.4345703125 138.61376953125 -6078.42138671875
v 11566.23828125 138.61376953125 -6042.50830078125
v 11524.76953125 138.61376953125 -5951.51220703125
v 7036.474609375 11.177836418151855 -6132.07763671875
v 7098.634765625 11.177836418151855 -6390.994140625
v 7305.4150390625 11.177839279174805 -6341.3505859375
v 7243.2548828125 11.177839279174805 -6082.43408203125
v 7036.474609375 674.1922607421875 -6132.07763671875
v 7098.634765625 674.1922607421875 -6390.994140625
v 7305.4150390625 674.1922607421875 -6341.3505859375
v 7243.2548828125 674.1922607421875 -6082.43408203125
v 6720.63134765625 11.178028106689453 -4388.294921875
v 6958.9287109375 11.178030014038086 -4507.10546875
v 7053.8154296875 11.178032875061035 -4316.7919921875
v 6815.51806640625 11.178030967712402 -4197.9814453125
v 6720.63134765625 674.1924438476562 -4388.294921875
v 6958.9287109375 674.1924438476562 -4507.10546875
v 7053.8154296875 674.1924438476562 -4316.7919921875
v 6815.51806640625 674.1924438476562 -4197.9814453125
v 6855.47607421875 18.61376953125 -4544.01611328125
v 6909.93994140625 18.61376953125 -4627.88330078125
v 6982.5703125 18.61376953125 -4580.716796875
v 6928.1064453125 18.61376953125 -4496.849609375
v 6855.47607421875 138.61376953125 -4544.01611328125
v 6909.93994140625 138.61376953125 -4627.88330078125
v 6982.5703125 138.61376953125 -4580.716796875
v 6928.1064453125 138.61376953125 -4496.849609375
v 7078.32568359375 18.61376953125 -5992.05517578125
v 7132.78955078125 18.61376953125 -6075.92236328125
v 7205.419921875 18.61376953125 -6028.755859375
v 7150.9560546875 18.61376953125 -5944.888671875
v 7078.32568359375 138.61376953125 -5992.05517578125
v 7132.78955078125 138.61376953125 -6075.92236328125
v 7205.419921875 138.61376953125 -6028.755859375
v 7150.9560546875 138.61376953125 -5944.888671875
v 9867.255859375 8.793484687805176 -6967.755859375
v 9848.6728515625 8.793484687805176 -6774.76171875
v 9812.509765625 8.793571472167969 -6778.24365234375
v 9831.0927734375 8.793571472167969 -6971.23779296875
v 9867.2578125 740.09033203125 -6967.75537109375
v 9848.6748046875 740.09033203125 -6774.76123046875
v 9812.51171875 740.0904541015625 -6778.24365234375
v 9831.0947265625 740.0904541015625 -6971.23779296875
v 6730.2568359375 8.793484687805176 -5462.11572265625
v 6921.7568359375 8.793484687805176 -5431.78515625
v 6916.0732421875 8.793571472167969 -5395.90234375
v 6724.57373046875 8.793571472167969 -5426.23291015625
v 6730.25732421875 740.09033203125 -5462.1171875
v 6921.7568359375 740.09033203125 -5431.78662109375
v 6916.07373046875 740.0904541015625 -5395.90380859375
v 6724.57373046875 740.0904541015625 -5426.234375
v 9173.75 8.793484687805176 -3622.4833984375
v 9190.6484375 8.793484687805176 -3815.63232421875
v 9226.8408203125 8.793571472167969 -3812.466064453125
v 9209.9423828125 8.793571472167969 -3619.317138671875
v 9173.748046875 740.09033203125 -3622.483642578125
v 9190.646484375 740.09033203125 -3815.632568359375
v 9226.8388671875 740.0904541015625 -3812.466064453125
v 9209.9404296875 740.0904541015625 -3619.317138671875
v 11882.6337890625 8.793484687805176 -5256.63623046875
v 11688.865234375 8.793484687805176 -5249.86962890625
v 11687.59765625 8.793571472167969 -5286.177734375
v 11881.3662109375 8.793571472167969 -5292.9443359375
v 11882.6337890625 740.09033203125 -5256.63427734375
v 11688.865234375 740.09033203125 -5249.8681640625
v 11687.59765625 740.0904541015625 -5286.17578125
v 11881.3662109375 740.0904541015625 -5292.9423828125
v 11845.337890625 8.793484687805176 -6930.90234375
v 11705.8671875 8.793484687805176 -6796.21728515625
v 11680.630859375 8.793571472167969 -6822.35107421875
v 11820.1015625 8.793571472167969 -6957.0361328125
v 11845.3388671875 740.09033203125 -6930.90087890625
v 11705.869140625 740.09033203125 -6796.2158203125
v 11680.6318359375 740.0904541015625 -6822.349609375
v 11820.1025390625 740.0904541015625 -6957.03466796875
v 7001.99169921875 8.793484687805176 -6963.3525390625
v 7126.61962890625 8.793484687805176 -6814.82666015625
v 7098.7890625 8.793571472167969 -6791.47412109375
v 6974.1611328125 8.793571472167969 -6940
v 7001.9931640625 740.09033203125 -6963.35400390625
v 7126.62109375 740.09033203125 -6814.828125
v 7098.79052734375 740.0904541015625 -6791.4755859375
v 6974.16259765625 740.0904541015625 -6940.00146484375
v 11805.7177734375 8.793484687805176 -3521.049560546875
v 11707.3125 8.793484687805176 -3688.10791015625
v 11738.6162109375 8.793571472167969 -3706.546875
v 11837.0205078125 8.793571472167969 -3539.48828125
v 11805.7158203125 740.09033203125 -3521.048583984375
v 11707.3115234375 740.09033203125 -3688.107177734375
v 11738.6142578125 740.0904541015625 -3706.5458984375
v 11837.01953125 740.0904541015625 -3539.487548828125
v 6542.78564453125 8.793484687805176 -3820.951904296875
v 6687.998046875 8.793484687805176 -3949.425048828125
v 6712.0712890625 8.793571472167969 -3922.215576171875
v 6566.85888671875 8.793571472167969 -3793.742431640625
v 6542.78466796875 740.09033203125 -3820.953369140625
v 6687.9970703125 740.09033203125 -3949.426513671875
v 6712.0703125 740.0904541015625 -3922.216796875
v 6566.857421875 740.0904541015625 -3793.74365234375
v 9289.2724609375 -3.2072689533233643 -6744.2880859375
v 9485.58984375 -3.2072677612304688 -6924.1796875
v 9629.2587890625 -3.207261562347412 -6767.39306640625
v 9432.94140625 -3.2072625160217285 -6587.50146484375
v 9289.2724609375 659.80712890625 -6744.2880859375
v 9485.58984375 659.80712890625 -6924.1796875
v 9629.2587890625 659.80712890625 -6767.39306640625
v 9432.94140625 659.80712890625 -6587.50146484375
v 9443.7861328125 5.878173828125 -6613.79541015625
v 9326.228515625 5.878173828125 -6775.5986328125
v 9480.1123046875 5.878173828125 -6887.40185546875
v 9597.669921875 5.878173828125 -6725.5986328125
v 9443.7861328125 72.71533203125 -6613.79541015625
v 9326.228515625 72.71533203125 -6775.5986328125
v 9480.1123046875 72.71533203125 -6887.40185546875
v 9597.669921875 72.71533203125 -6725.5986328125
v 9550.771484375 8.58447265625 -3473.151611328125
v 9103.5751953125 8.58447265625 -3828.86767578125
v 9452.662109375 8.58447265625 -4267.73046875
v 9899.8583984375 8.58447265625 -3912.014404296875
v 9550.771484375 698.589111328125 -3473.151611328125
v 9103.5751953125 698.589111328125 -3828.86767578125
v 9452.662109375 698.589111328125 -4267.73046875
v 9899.8583984375 698.589111328125 -3912.014404296875
v 9531.0458984375 9.085205078125 -3724.63037109375
v 9374.5244140625 9.085205078125 -3849.13330078125
v 9492.93359375 9.085205078125 -3997.993896484375
v 9649.455078125 9.085205078125 -3873.490966796875
v 9531.0458984375 75.92236328125 -3724.63037109375
v 9374.5244140625 75.92236328125 -3849.13330078125
v 9492.93359375 75.92236328125 -3997.993896484375
v 9649.455078125 75.92236328125 -3873.490966796875
v 11746.5087890625 52.000732421875 -3932.0888671875
v 11597.060546875 52.000732421875 -3813.212890625
v 11472.94140625 52.000732421875 -3969.2529296875
v 11622.388671875 52.000732421875 -4088.12890625
v 11746.5087890625 223.458740234375 -3932.0888671875
v 11597.060546875 223.458740234375 -3813.212890625
v 11472.94140625 223.458740234375 -3969.2529296875
v 11622.388671875 223.458740234375 -4088.12890625
v 11728.20703125 9.085205078125 -3957.25439453125
v 11571.685546875 9.085205078125 -3832.75146484375
v 11453.2763671875 9.085205078125 -3981.612060546875
v 11609.7978515625 9.085205078125 -4106.115234375
v 11728.20703125 75.92236328125 -3957.25439453125
v 11571.685546875 75.92236328125 -3832.75146484375
v 11453.2763671875 75.92236328125 -3981.612060546875
v 11609.7978515625 75.92236328125 -4106.115234375
v 11539.3525390625 47.742286682128906 -6603.27880859375
v 11283.1689453125 47.74228286743164 -6569.55126953125
v 11256.9443359375 47.74228286743164 -6768.74853515625
v 11513.1279296875 47.74229049682617 -6802.47607421875
v 11539.3525390625 262.5264587402344 -6603.27880859375
v 11283.1689453125 262.5264587402344 -6569.55126953125
v 11256.9443359375 262.5264587402344 -6768.74853515625
v 11513.1279296875 262.5264587402344 -6802.47607421875
v 11516.6689453125 9.085205078125 -6596.86572265625
v 11318.380859375 9.085205078125 -6570.76025390625
v 11293.552734375 9.085205078125 -6759.34423828125
v 11491.841796875 9.085205078125 -6785.44921875
v 11516.6689453125 75.92236328125 -6596.86572265625
v 11318.380859375 75.92236328125 -6570.76025390625
v 11293.552734375 75.92236328125 -6759.34423828125
v 11491.841796875 75.92236328125 -6785.44921875
v 6458.11279296875 9.01611328125 -1069.5267333984375
v 6503.4267578125 9.01611328125 -1081.24560546875
v 6515.1455078125 9.01611328125 -1035.9317626953125
v 6469.83154296875 9.01611328125 -1024.212890625
v 6458.11279296875 342.255126953125 -1069.5267333984375
v 6503.4267578125 342.255126953125 -1081.24560546875
v 6515.1455078125 342.255126953125 -1035.9317626953125
v 6469.83154296875 342.255126953125 -1024.212890625
v 6509.11279296875 6.030517578125 -1153.54052734375
v 6705.01904296875 6.030517578125 -1204.205322265625
v 6729.412109375 6.030517578125 -1109.8846435546875
v 6533.505859375 6.030517578125 -1059.2198486328125
v 6509.11279296875 110.155517578125 -1153.54052734375
v 6705.01904296875 110.155517578125 -1204.205322265625
v 6729.412109375 110.155517578125 -1109.8846435546875
v 6533.505859375 110.155517578125 -1059.2198486328125
v 6756.37548828125 6.030517578125 -1002.2915649414062
v 6560.46923828125 6.030517578125 -951.6267700195312
v 6536.076171875 6.030517578125 -1045.9473876953125
v 6731.982421875 6.030517578125 -1096.6121826171875
v 6756.37548828125 110.155517578125 -1002.2915649414062
v 6560.46923828125 110.155517578125 -951.6267700195312
v 6536.076171875 110.155517578125 -1045.9473876953125
v 6731.982421875 110.155517578125 -1096.6121826171875
v 4987.96435546875 9.01611328125 -696.1087036132812
v 5033.2783203125 9.01611328125 -707.8276977539062
v 5044.9970703125 9.01611328125 -662.5138549804688
v 4999.68310546875 9.01611328125 -650.7948608398438
v 4987.96435546875 342.255126953125 -696.1087036132812
v 5033.2783203125 342.255126953125 -707.8276977539062
v 5044.9970703125 342.255126953125 -662.5138549804688
v 4999.68310546875 342.255126953125 -650.7948608398438
v 5038.96826171875 6.030517578125 -780.1224975585938
v 5234.87451171875 6.030517578125 -830.7872924804688
v 5259.267578125 6.030517578125 -736.4666748046875
v 5063.361328125 6.030517578125 -685.8018798828125
v 5038.96826171875 110.155517578125 -780.1224975585938
v 5234.87451171875 110.155517578125 -830.7872924804688
v 5259.267578125 110.155517578125 -736.4666748046875
v 5063.361328125 110.155517578125 -685.8018798828125
v 5286.22705078125 6.030517578125 -628.8735961914062
v 5090.32080078125 6.030517578125 -578.2088012695312
v 5065.927734375 6.030517578125 -672.5294189453125
v 5261.833984375 6.030517578125 -723.1942138671875
v 5286.22705078125 110.155517578125 -628.8735961914062
v 5090.32080078125 110.155517578125 -578.2088012695312
v 5065.927734375 110.155517578125 -672.5294189453125
v 5261.833984375 110.155517578125 -723.1942138671875
v 5322.92431640625 9.08544921875 -725.3419799804688
v 5278.4375 9.08544921875 -715.8861083984375
v 5272.2001953125 9.08544921875 -745.2305297851562
v 5316.68701171875 9.08544921875 -754.6864624023438
v 5322.92431640625 110.18603515625 -725.3419799804688
v 5278.4375 110.18603515625 -715.8861083984375
v 5272.2001953125 110.18603515625 -745.2305297851562
v 5316.68701171875 110.18603515625 -754.6864624023438
v -4300.24267578125 6.030517578125 -7041.341796875
v -4174.27587890625 6.030517578125 -6882.97998046875
v -4250.5205078125 6.030517578125 -6822.33203125
v -4376.4873046875 6.030517578125 -6980.69384765625
v -4300.24267578125 110.155517578125 -7041.341796875
v -4174.27587890625 110.155517578125 -6882.97998046875
v -4250.5205078125 110.155517578125 -6822.33203125
v -4376.4873046875 110.155517578125 -6980.69384765625
v -4337.84765625 6.030517578125 -6753.9384765625
v -4463.814453125 6.030517578125 -6912.30078125
v -4387.56982421875 6.030517578125 -6972.9482421875
v -4261.60302734375 6.030517578125 -6814.58642578125
v -4337.84765625 110.155517578125 -6753.9384765625
v -4463.814453125 110.155517578125 -6912.30078125
v -4387.56982421875 110.155517578125 -6972.9482421875
v -4261.60302734375 110.155517578125 -6814.58642578125
v -1394.149169921875 11.982421875 -7515.83837890625
v -1515.56640625 11.982421875 -7514.7783203125
v -1516.4078369140625 11.982421875 -7611.20458984375
v -1394.9906005859375 11.982421875 -7612.26416015625
v -1394.149169921875 204.6376953125 -7515.83837890625
v -1515.56640625 204.6376953125 -7514.7783203125
v -1516.4078369140625 204.6376953125 -7611.20458984375
v -1394.9906005859375 204.6376953125 -7612.26416015625
v -1238.2213134765625 8.42333984375 -7532.3154296875
v -1359.6385498046875 8.42333984375 -7533.375
v -1358.9273681640625 8.42333984375 -7614.8681640625
v -1237.5101318359375 8.42333984375 -7613.80859375
v -1238.2213134765625 201.07861328125 -7532.3154296875
v -1359.6385498046875 201.07861328125 -7533.375
v -1358.9273681640625 201.07861328125 -7614.8681640625
v -1237.5101318359375 201.07861328125 -7613.80859375
v 5639.7978515625 11.982421875 1417.4859619140625
v 5613.517578125 11.982421875 1298.9422607421875
v 5707.66162109375 11.982421875 1278.0711669921875
v 5733.94189453125 11.982421875 1396.6148681640625
v 5639.7978515625 204.6376953125 1417.4859619140625
v 5613.517578125 204.6376953125 1298.9422607421875
v 5707.66162109375 204.6376953125 1278.0711669921875
v 5733.94189453125 204.6376953125 1396.6148681640625
v 5688.33447265625 8.42333984375 1566.5787353515625
v 5664.12646484375 8.42333984375 1447.5943603515625
v 5743.98681640625 8.42333984375 1431.3466796875
v 5768.1943359375 8.42333984375 1550.3309326171875
v 5688.33447265625 201.07861328125 1566.5787353515625
v 5664.12646484375 201.07861328125 1447.5943603515625
v 5743.98681640625 201.07861328125 1431.3466796875
v 5768.1943359375 201.07861328125 1550.3309326171875
v 5545.93212890625 9.01611328125 -6770.58935546875
v 5591.62744140625 9.01611328125 -6780.7197265625
v 5601.7578125 9.01611328125 -6735.02490234375
v 5556.0625 9.01611328125 -6724.89404296875
v 5545.93212890625 342.255126953125 -6770.58935546875
v 5591.62744140625 342.255126953125 -6780.7197265625
v 5601.7578125 342.255126953125 -6735.02490234375
v 5556.0625 342.255126953125 -6724.89404296875
v 2496.80322265625 9.01611328125 -7435.51123046875
v 2542.49853515625 9.01611328125 -7445.6416015625
v 2552.62890625 9.01611328125 -7399.94677734375
v 2506.93359375 9.01611328125 -7389.81591796875
v 2496.80322265625 342.255126953125 -7435.51123046875
v 2542.49853515625 342.255126953125 -7445.6416015625
v 2552.62890625 342.255126953125 -7399.94677734375
v 2506.93359375 342.255126953125 -7389.81591796875
v 3198.36572265625 9.01611328125 -6449.87451171875
v 3244.06103515625 9.01611328125 -6460.0048828125
v 3254.19140625 9.01611328125 -6414.31005859375
v 3208.49609375 9.01611328125 -6404.17919921875
v 3198.36572265625 342.255126953125 -6449.87451171875
v 3244.06103515625 342.255126953125 -6460.0048828125
v 3254.19140625 342.255126953125 -6414.31005859375
v 3208.49609375 342.255126953125 -6404.17919921875
v 4858.5107421875 8.793484687805176 -4318.1728515625
v 4672.13525390625 8.793484687805176 -4264.73046875
v 4662.12109375 8.793571472167969 -4299.6533203125
v 4848.4970703125 8.793571472167969 -4353.095703125
v 4858.51123046875 740.09033203125 -4318.17138671875
v 4672.1357421875 740.09033203125 -4264.72900390625
v 4662.12158203125 740.0904541015625 -4299.6513671875
v 4848.49755859375 740.0904541015625 -4353.09375
v -4805.32177734375 11.8388671875 -3939.881591796875
v -4860.24072265625 11.8388671875 -3834.3828125
v -5043.33251953125 11.8388671875 -3929.6943359375
v -4988.4130859375 11.8388671875 -4035.193115234375
v -4805.32177734375 167.385009765625 -3939.881591796875
v -4860.24072265625 167.385009765625 -3834.3828125
v -5043.33251953125 167.385009765625 -3929.6943359375
v -4988.4130859375 167.385009765625 -4035.193115234375
v -4734.87841796875 11.8388671875 -3875.311279296875
v -4805.625 11.8388671875 -3970.920166015625
v -4639.69775390625 11.8388671875 -4093.69970703125
v -4568.95068359375 11.8388671875 -3998.091064453125
v -4734.87841796875 167.385009765625 -3875.311279296875
v -4805.625 167.385009765625 -3970.920166015625
v -4639.69775390625 167.385009765625 -4093.69970703125
v -4568.95068359375 167.385009765625 -3998.091064453125
v -3968.497802734375 9.262939453125 -5107.43408203125
v -4008.009521484375 9.262939453125 -4731.5048828125
v -4164.44873046875 9.262939453125 -4747.947265625
v -4124.93701171875 9.262939453125 -5123.876953125
v -3968.497802734375 279.675048828125 -5107.43408203125
v -4008.009521484375 279.675048828125 -4731.5048828125
v -4164.44873046875 279.675048828125 -4747.947265625
v -4124.93701171875 279.675048828125 -5123.876953125
v -4016.839599609375 29.71337890625 -5083.31103515625
v -4016.839599609375 29.71337890625 -5083.31103515625
v -4083.608642578125 29.71337890625 -5090.32861328125
v -4083.608642578125 29.71337890625 -5090.32861328125
v -4016.839599609375 220.99072265625 -5083.31103515625
v -4016.839599609375 220.99072265625 -5083.31103515625
v -4083.608642578125 220.99072265625 -5090.32861328125
v -4083.608642578125 220.99072265625 -5090.32861328125
v -4115.3740234375 29.71337890625 -5060.29833984375
v -4141.958984375 29.71337890625 -4807.359375
v -4141.958984375 29.71337890625 -4807.359375
v -4115.3740234375 29.71337890625 -5060.29833984375
v -4115.3740234375 220.99072265625 -5060.29833984375
v -4141.958984375 220.99072265625 -4807.359375
v -4141.958984375 220.99072265625 -4807.359375
v -4115.3740234375 220.99072265625 -5060.29833984375
v -4050.34521484375 29.71337890625 -4764.52783203125
v -4050.34521484375 29.71337890625 -4764.52783203125
v -4117.1142578125 29.71337890625 -4771.54541015625
v -4117.1142578125 29.71337890625 -4771.54541015625
v -4050.34521484375 220.99072265625 -4764.52783203125
v -4050.34521484375 220.99072265625 -4764.52783203125
v -4117.1142578125 220.99072265625 -4771.54541015625
v -4117.1142578125 220.99072265625 -4771.54541015625
v -3736.740966796875 8.793484687805176 -5899.62255859375
v -3929.38134765625 8.793484687805176 -5921.5712890625
v -3925.2685546875 8.793571472167969 -5957.66796875
v -3732.628173828125 8.793571472167969 -5935.71923828125
v -3736.740966796875 740.09033203125 -5899.62109375
v -3929.38134765625 740.09033203125 -5921.5693359375
v -3925.268798828125 740.0904541015625 -5957.666015625
v -3732.62841796875 740.0904541015625 -5935.71728515625
v -6307.16015625 8.793484687805176 -3607.9794921875
v -6330.7890625 8.793484687805176 -3800.421142578125
v -6294.7294921875 8.793571472167969 -3804.8486328125
v -6271.10107421875 8.793571472167969 -3612.406982421875
v -6307.162109375 740.09033203125 -3607.979248046875
v -6330.79052734375 740.09033203125 -3800.4208984375
v -6294.7314453125 740.0904541015625 -3804.848388671875
v -6271.1025390625 740.0904541015625 -3612.40673828125
v -4011.455810546875 8.793484687805176 -3777.53564453125
v -4132.1533203125 8.793484687805176 -3929.27294921875
v -4103.72119140625 8.793571472167969 -3951.888916015625
v -3983.023681640625 8.793571472167969 -3800.151611328125
v -4011.457275390625 740.09033203125 -3777.534423828125
v -4132.15478515625 740.09033203125 -3929.271728515625
v -4103.72216796875 740.0904541015625 -3951.887939453125
v -3983.025146484375 740.0904541015625 -3800.150390625
v -7035.23486328125 9.085205078125 -7127.50341796875
v -7191.7568359375 9.085205078125 -7252.00634765625
v -7073.34765625 9.085205078125 -7400.86669921875
v -6916.826171875 9.085205078125 -7276.36376953125
v -7035.23486328125 75.92236328125 -7127.50341796875
v -7191.7568359375 75.92236328125 -7252.00634765625
v -7073.34765625 75.92236328125 -7400.86669921875
v -6916.826171875 75.92236328125 -7276.36376953125
v -7015.50634765625 8.58447265625 -6876.02490234375
v -7462.70263671875 8.58447265625 -7231.74072265625
v -7113.615234375 8.58447265625 -7670.603515625
v -6666.4189453125 8.58447265625 -7314.8876953125
v -7015.50634765625 698.589111328125 -6876.02490234375
v -7462.70263671875 698.589111328125 -7231.74072265625
v -7113.615234375 698.589111328125 -7670.603515625
v -6666.4189453125 698.589111328125 -7314.8876953125
v -5495.64794921875 5.878173828125 -7192.85791015625
v -5613.20458984375 5.878173828125 -7354.6611328125
v -5459.32080078125 5.878173828125 -7466.46435546875
v -5341.763671875 5.878173828125 -7304.6611328125
v -5495.64794921875 72.71533203125 -7192.85791015625
v -5613.20458984375 72.71533203125 -7354.6611328125
v -5459.32080078125 72.71533203125 -7466.46435546875
v -5341.763671875 72.71533203125 -7304.6611328125
v -5650.1630859375 -3.2072689533233643 -7323.3505859375
v -5453.845703125 -3.2072677612304688 -7503.2421875
v -5310.17724609375 -3.207261562347412 -7346.45556640625
v -5506.49462890625 -3.2072625160217285 -7166.56396484375
v -5650.1630859375 659.80712890625 -7323.3505859375
v -5453.845703125 659.80712890625 -7503.2421875
v -5310.17724609375 659.80712890625 -7346.45556640625
v -5506.49462890625 659.80712890625 -7166.56396484375
v -5909.3095703125 -3.2072689533233643 -3889.408935546875
v -5712.9921875 -3.2072677612304688 -4069.30078125
v -5569.32373046875 -3.207261562347412 -3912.51416015625
v -5765.64111328125 -3.2072625160217285 -3732.622314453125
v -5909.3095703125 659.80712890625 -3889.408935546875
v -5712.9921875 659.80712890625 -4069.30078125
v -5569.32373046875 659.80712890625 -3912.51416015625
v -5765.64111328125 659.80712890625 -3732.622314453125
v -5754.79638671875 5.878173828125 -3758.91650390625
v -5872.35302734375 5.878173828125 -3920.719970703125
v -5718.46923828125 5.878173828125 -4032.52294921875
v -5600.912109375 5.878173828125 -3870.7197265625
v -5754.79638671875 72.71533203125 -3758.91650390625
v -5872.35302734375 72.71533203125 -3920.719970703125
v -5718.46923828125 72.71533203125 -4032.52294921875
v -5600.912109375 72.71533203125 -3870.7197265625
v -4062.139892578125 5.878173828125 -5486.88916015625
v -4179.69677734375 5.878173828125 -5648.6923828125
v -4025.813232421875 5.878173828125 -5760.49560546875
v -3908.256103515625 5.878173828125 -5598.6923828125
v -4062.139892578125 72.71533203125 -5486.88916015625
v -4179.69677734375 72.71533203125 -5648.6923828125
v -4025.813232421875 72.71533203125 -5760.49560546875
v -3908.256103515625 72.71533203125 -5598.6923828125
v -4216.6552734375 -3.2072689533233643 -5617.3818359375
v -4020.337890625 -3.2072677612304688 -5797.2734375
v -3876.66943359375 -3.207261562347412 -5640.48681640625
v -4072.986572265625 -3.2072625160217285 -5460.59521484375
v -4216.6552734375 659.80712890625 -5617.3818359375
v -4020.337890625 659.80712890625 -5797.2734375
v -3876.66943359375 659.80712890625 -5640.48681640625
v -4072.98681640625 659.80712890625 -5460.59521484375
v -7050.37158203125 9.085205078125 -3695.06591796875
v -7206.8935546875 9.085205078125 -3819.56884765625
v -7088.484375 9.085205078125 -3968.429443359375
v -6931.962890625 9.085205078125 -3843.926513671875
v -7050.37158203125 75.92236328125 -3695.06591796875
v -7206.8935546875 75.92236328125 -3819.56884765625
v -7088.484375 75.92236328125 -3968.429443359375
v -6931.962890625 75.92236328125 -3843.926513671875
v -7030.64697265625 8.58447265625 -3443.587158203125
v -7477.84326171875 8.58447265625 -3799.30322265625
v -7128.755859375 8.58447265625 -4238.166015625
v -6681.5595703125 8.58447265625 -3882.449951171875
v -7030.64697265625 698.589111328125 -3443.587158203125
v -7477.84326171875 698.589111328125 -3799.30322265625
v -7128.755859375 698.589111328125 -4238.166015625
v -6681.5595703125 698.589111328125 -3882.449951171875
v -3953.469482421875 9.085205078125 -7063.16943359375
v -4109.9912109375 9.085205078125 -7187.67236328125
v -3991.58203125 9.085205078125 -7336.53271484375
v -3835.060302734375 9.085205078125 -7212.02978515625
v -3953.469482421875 75.92236328125 -7063.16943359375
v -4109.9912109375 75.92236328125 -7187.67236328125
v -3991.58203125 75.92236328125 -7336.53271484375
v -3835.060302734375 75.92236328125 -7212.02978515625
v -3933.744384765625 8.58447265625 -6811.69091796875
v -4380.94091796875 8.58447265625 -7167.40673828125
v -4031.853759765625 8.58447265625 -7606.26953125
v -3584.6572265625 8.58447265625 -7250.5537109375
v -3933.744384765625 698.589111328125 -6811.69091796875
v -4380.94091796875 698.589111328125 -7167.40673828125
v -4031.853759765625 698.589111328125 -7606.26953125
v -3584.6572265625 698.589111328125 -7250.5537109375
v -3807.2529296875 8.58447265625 -4239.95166015625
v -4294.466796875 8.58447265625 -3941.386474609375
v -4587.46826171875 8.58447265625 -4419.52099609375
v -4100.25439453125 8.58447265625 -4718.08642578125
v -3807.2529296875 698.589111328125 -4239.95166015625
v -4294.466796875 698.589111328125 -3941.386474609375
v -4587.46826171875 698.589111328125 -4419.52099609375
v -4100.25439453125 698.589111328125 -4718.08642578125
v -4166.82080078125 9.085205078125 -4196.89599609375
v -4323.3427734375 9.085205078125 -4321.39892578125
v -4204.93359375 9.085205078125 -4470.25927734375
v -4048.411865234375 9.085205078125 -4345.75634765625
v -4166.82080078125 75.92236328125 -4196.89599609375
v -4323.3427734375 75.92236328125 -4321.39892578125
v -4204.93359375 75.92236328125 -4470.25927734375
v -4048.411865234375 75.92236328125 -4345.75634765625
v -5983.10595703125 11.8388671875 1790.5657958984375
v -5866.15966796875 11.8388671875 1812.240478515625
v -5903.77587890625 11.8388671875 2015.1981201171875
v -6020.7216796875 11.8388671875 1993.5234375
v -5983.10595703125 167.385009765625 1790.5657958984375
v -5866.15966796875 167.385009765625 1812.240478515625
v -5903.77587890625 167.385009765625 2015.1981201171875
v -6020.7216796875 167.385009765625 1993.5234375
v -6569.978515625 6.030517578125 1480.3040771484375
v -6772.32275390625 6.030517578125 1482.0699462890625
v -6773.1728515625 6.030517578125 1384.64990234375
v -6570.82861328125 6.030517578125 1382.884033203125
v -6569.978515625 110.155517578125 1480.3040771484375
v -6772.32275390625 110.155517578125 1482.0699462890625
v -6773.1728515625 110.155517578125 1384.64990234375
v -6570.82861328125 110.155517578125 1382.884033203125
v -6773.30322265625 6.030517578125 1273.7288818359375
v -6570.958984375 6.030517578125 1271.9630126953125
v -6570.10888671875 6.030517578125 1369.3831787109375
v -6772.453125 6.030517578125 1371.1490478515625
v -6773.30322265625 110.155517578125 1273.7288818359375
v -6570.958984375 110.155517578125 1271.9630126953125
v -6570.10888671875 110.155517578125 1369.3831787109375
v -6772.453125 110.155517578125 1371.1490478515625
v -6557.2099609375 9.08544921875 1379.760986328125
v -6558.400390625 9.08544921875 1334.296142578125
v -6528.41064453125 9.08544921875 1333.5108642578125
v -6527.22021484375 9.08544921875 1378.9757080078125
v -6557.2099609375 110.18603515625 1379.760986328125
v -6558.400390625 110.18603515625 1334.296142578125
v -6528.41064453125 110.18603515625 1333.5108642578125
v -6527.22021484375 110.18603515625 1378.9757080078125
v -6569.978515625 6.030517578125 2110.58154296875
v -6772.32275390625 6.030517578125 2112.347412109375
v -6773.1728515625 6.030517578125 2014.92724609375
v -6570.82861328125 6.030517578125 2013.161376953125
v -6569.978515625 110.155517578125 2110.58154296875
v -6772.32275390625 110.155517578125 2112.347412109375
v -6773.1728515625 110.155517578125 2014.92724609375
v -6570.82861328125 110.155517578125 2013.161376953125
v -6773.30322265625 6.030517578125 1904.0042724609375
v -6570.958984375 6.030517578125 1902.2384033203125
v -6570.10888671875 6.030517578125 1999.6585693359375
v -6772.453125 6.030517578125 2001.4244384765625
v -6773.30322265625 110.155517578125 1904.0042724609375
v -6570.958984375 110.155517578125 1902.2384033203125
v -6570.10888671875 110.155517578125 1999.6585693359375
v -6772.453125 110.155517578125 2001.4244384765625
v -6780.5546875 7.838623046875 594.1038208007812
v -6619.03955078125 7.838623046875 -105.49388885498047
v -5953.68212890625 7.838623046875 48.11602020263672
v -6115.19677734375 7.838623046875 747.7137451171875
v -6780.5546875 74.67578125 594.1038208007812
v -6619.03955078125 74.67578125 -105.49388885498047
v -5953.68212890625 74.67578125 48.11602020263672
v -6115.19677734375 74.67578125 747.7137451171875
v -6389.865234375 60.974853515625 322.5767822265625
v -6411.251953125 60.974853515625 100.46734619140625
v -6181.181640625 60.974853515625 78.31404876708984
v -6159.794921875 60.974853515625 300.4234924316406
v -6389.865234375 161.609619140625 322.5767822265625
v -6411.251953125 161.609619140625 100.46734619140625
v -6181.181640625 161.609619140625 78.31404876708984
v -6159.794921875 161.609619140625 300.4234924316406
v -6512.2705078125 7.27978515625 -120.90310668945312
v -6306.6796875 7.27978515625 -137.0834503173828
v -6298.52392578125 7.27978515625 -33.45662307739258
v -6504.11474609375 7.27978515625 -17.276277542114258
v -6512.2705078125 110.463623046875 -120.90310668945312
v -6306.6796875 110.463623046875 -137.0834503173828
v -6298.52392578125 110.463623046875 -33.45662307739258
v -6504.11474609375 110.463623046875 -17.276277542114258
v -6682.513671875 10.5615234375 708.73876953125
v -6570.740234375 10.5615234375 224.5948486328125
v -6111.6103515625 10.5615234375 330.5933532714844
v -6223.3837890625 10.5615234375 814.7373046875
v -6682.513671875 667.85400390625 708.73876953125
v -6570.740234375 667.85400390625 224.5948486328125
v -6111.6103515625 667.85400390625 330.5933532714844
v -6223.3837890625 667.85400390625 814.7373046875
v -6697.18115234375 10.5615234375 474.4173889160156
v -6568.64013671875 10.5615234375 -82.35517120361328
v -6022.2431640625 10.5615234375 43.790496826171875
v -6150.7841796875 10.5615234375 600.5630493164062
v -6697.18115234375 700.566162109375 474.4173889160156
v -6568.64013671875 700.566162109375 -82.35517120361328
v -6022.2431640625 700.566162109375 43.790496826171875
v -6150.7841796875 700.566162109375 600.5630493164062
v -6321.728515625 10.9931640625 728.4656982421875
v -6367.33349609375 10.9931640625 717.9369506835938
v -6356.8046875 10.9931640625 672.3318481445312
v -6311.19970703125 10.9931640625 682.860595703125
v -6321.728515625 344.232177734375 728.4656982421875
v -6367.33349609375 344.232177734375 717.9369506835938
v -6356.8046875 344.232177734375 672.3318481445312
v -6311.19970703125 344.232177734375 682.860595703125
v -6394.767578125 61.127685546875 573.2486572265625
v -6416.154296875 61.127685546875 351.13922119140625
v -6186.083984375 61.127685546875 328.9859313964844
v -6164.697265625 61.127685546875 551.0953369140625
v -6394.767578125 161.762451171875 573.2486572265625
v -6416.154296875 161.762451171875 351.13922119140625
v -6186.083984375 161.762451171875 328.9859313964844
v -6164.697265625 161.762451171875 551.0953369140625
v -5992.36376953125 7.27978515625 595.9096069335938
v -6148.0048828125 7.27978515625 731.2064208984375
v -6216.20068359375 7.27978515625 652.7564086914062
v -6060.5595703125 7.27978515625 517.4596557617188
v -5992.36376953125 110.463623046875 595.9096069335938
v -6148.0048828125 110.463623046875 731.2064208984375
v -6216.20068359375 110.463623046875 652.7564086914062
v -6060.5595703125 110.463623046875 517.4596557617188
v -6735.6748046875 7.27978515625 585.82373046875
v -6816.25390625 7.27978515625 395.9912109375
v -6720.56982421875 7.27978515625 355.3757629394531
v -6639.99072265625 7.27978515625 545.2083129882812
v -6735.6748046875 110.463623046875 585.82373046875
v -6816.25390625 110.463623046875 395.9912109375
v -6720.56982421875 110.463623046875 355.3757629394531
v -6639.99072265625 110.463623046875 545.2083129882812
v -6618.521484375 60.144775390625 433.6822509765625
v -6639.908203125 60.144775390625 211.57281494140625
v -6409.837890625 60.144775390625 189.41952514648438
v -6388.451171875 60.144775390625 411.5289611816406
v -6618.521484375 160.779541015625 433.6822509765625
v -6639.908203125 160.779541015625 211.57281494140625
v -6409.837890625 160.779541015625 189.41952514648438
v -6388.451171875 160.779541015625 411.5289611816406
v -6569.34326171875 9.01611328125 2630.91455078125
v -6524.4658203125 9.01611328125 2617.621337890625
v -6511.1728515625 9.01611328125 2662.49853515625
v -6556.0498046875 9.01611328125 2675.791748046875
v -6569.34326171875 342.255126953125 2630.91455078125
v -6524.4658203125 342.255126953125 2617.621337890625
v -6511.1728515625 342.255126953125 2662.49853515625
v -6556.0498046875 342.255126953125 2675.791748046875
v -6717.59716796875 9.01611328125 -491.29638671875
v -6672.7197265625 9.01611328125 -504.58966064453125
v -6659.4267578125 9.01611328125 -459.71240234375
v -6704.3037109375 9.01611328125 -446.4191589355469
v -6717.59716796875 342.255126953125 -491.29638671875
v -6672.7197265625 342.255126953125 -504.58966064453125
v -6659.4267578125 342.255126953125 -459.71240234375
v -6704.3037109375 342.255126953125 -446.4191589355469
v -5862.08349609375 9.01611328125 -247.63233947753906
v -5817.2060546875 9.01611328125 -260.92559814453125
v -5803.9130859375 9.01611328125 -216.04833984375
v -5848.7900390625 9.01611328125 -202.7550811767578
v -5862.08349609375 342.255126953125 -247.63233947753906
v -5817.2060546875 342.255126953125 -260.92559814453125
v -5803.9130859375 342.255126953125 -216.04833984375
v -5848.7900390625 342.255126953125 -202.7550811767578
v -5262.33740234375 9.01611328125 1268.32861328125
v -5217.4599609375 9.01611328125 1255.0352783203125
v -5204.1669921875 9.01611328125 1299.91259765625
v -5249.0439453125 9.01611328125 1313.205810546875
v -5262.33740234375 342.255126953125 1268.32861328125
v -5217.4599609375 342.255126953125 1255.0352783203125
v -5204.1669921875 342.255126953125 1299.91259765625
v -5249.0439453125 342.255126953125 1313.205810546875
v -5580.29931640625 11.8388671875 1476.0220947265625
v -5533.8271484375 11.8388671875 1585.504638671875
v -5723.83203125 11.8388671875 1666.156982421875
v -5770.3046875 11.8388671875 1556.6744384765625
v -5580.29931640625 167.385009765625 1476.0220947265625
v -5533.8271484375 167.385009765625 1585.504638671875
v -5723.83203125 167.385009765625 1666.156982421875
v -5770.3046875 167.385009765625 1556.6744384765625
v -5514.462890625 11.8388671875 1322.321044921875
v -5397.15673828125 11.8388671875 1341.951416015625
v -5431.224609375 11.8388671875 1545.53466796875
v -5548.53125 11.8388671875 1525.904296875
v -5514.462890625 167.385009765625 1322.321044921875
v -5397.15673828125 167.385009765625 1341.951416015625
v -5431.224609375 167.385009765625 1545.53466796875
v -5548.53125 167.385009765625 1525.904296875
v -5554.6162109375 9.08544921875 877.8118896484375
v -5573.47705078125 9.08544921875 836.4264526367188
v -5546.177734375 9.08544921875 823.985595703125
v -5527.3173828125 9.08544921875 865.37109375
v -5554.6162109375 110.18603515625 877.8118896484375
v -5573.47705078125 110.18603515625 836.4264526367188
v -5546.177734375 110.18603515625 823.985595703125
v -5527.3173828125 110.18603515625 865.37109375
v -5727.28662109375 7.681640625 1251.1807861328125
v -5820.71435546875 7.681640625 994.4905395507812
v -5466.06103515625 7.681640625 865.4073486328125
v -5372.63330078125 7.681640625 1122.09765625
v -5727.28662109375 318.2001953125 1251.1807861328125
v -5820.71435546875 318.2001953125 994.4905395507812
v -5466.06103515625 318.2001953125 865.4073486328125
v -5372.63330078125 318.2001953125 1122.09765625
v -2948.726806640625 9.085205078125 1898.506591796875
v -3132.82763671875 9.085205078125 1820.3603515625
v -3058.50634765625 9.085205078125 1645.270263671875
v -2874.405517578125 9.085205078125 1723.41650390625
v -2948.726806640625 75.92236328125 1898.506591796875
v -3132.82763671875 75.92236328125 1820.3603515625
v -3058.50634765625 75.92236328125 1645.270263671875
v -2874.405517578125 75.92236328125 1723.41650390625
v -2879.02392578125 8.58447265625 2093.430908203125
v -3336.4033203125 8.58447265625 1899.284912109375
v -3152.2880859375 8.58447265625 1465.5364990234375
v -2694.90869140625 8.58447265625 1659.6824951171875
v -2879.02392578125 665.876953125 2093.430908203125
v -3336.4033203125 665.876953125 1899.284912109375
v -3152.2880859375 665.876953125 1465.5364990234375
v -2694.90869140625 665.876953125 1659.6824951171875
v -2515.346923828125 5.878173828125 2692.69873046875
v -2632.904052734375 5.878173828125 2530.895263671875
v -2479.020263671875 5.878173828125 2419.09228515625
v -2361.463134765625 5.878173828125 2580.8955078125
v -2515.346923828125 72.71533203125 2692.69873046875
v -2632.904052734375 72.71533203125 2530.895263671875
v -2479.020263671875 72.71533203125 2419.09228515625
v -2361.463134765625 72.71533203125 2580.8955078125
v -2669.8623046875 -3.2072689533233643 2562.208251953125
v -2473.544921875 -3.2072677612304688 2382.31640625
v -2329.87646484375 -3.207261562347412 2539.10302734375
v -2526.193603515625 -3.2072625160217285 2718.994873046875
v -2669.8623046875 659.80712890625 2562.208251953125
v -2473.544921875 659.80712890625 2382.31640625
v -2329.87646484375 659.80712890625 2539.10302734375
v -2526.19384765625 659.80712890625 2718.994873046875
v -865.7059936523438 -3.2072689533233643 3878.575439453125
v -669.3886108398438 -3.2072677612304688 3698.68359375
v -525.7200927734375 -3.207261562347412 3855.47021484375
v -722.0374755859375 -3.2072625160217285 4035.362060546875
v -865.7059936523438 659.80712890625 3878.575439453125
v -669.3886108398438 659.80712890625 3698.68359375
v -525.7201538085938 659.80712890625 3855.47021484375
v -722.0374755859375 659.80712890625 4035.362060546875
v -711.1907348632812 5.878173828125 4009.06396484375
v -828.747802734375 5.878173828125 3847.260498046875
v -674.8638916015625 5.878173828125 3735.45751953125
v -557.3068237304688 5.878173828125 3897.2607421875
v -711.1907348632812 72.71533203125 4009.06396484375
v -828.747802734375 72.71533203125 3847.260498046875
v -674.8638916015625 72.71533203125 3735.45751953125
v -557.3068237304688 72.71533203125 3897.2607421875
v -1198.4337158203125 9.085205078125 417.4104919433594
v -1382.53466796875 9.085205078125 339.2642822265625
v -1308.21337890625 9.085205078125 164.17417907714844
v -1124.1124267578125 9.085205078125 242.3203887939453
v -1198.4337158203125 75.92236328125 417.4104919433594
v -1382.53466796875 75.92236328125 339.2642822265625
v -1308.21337890625 75.92236328125 164.17417907714844
v -1124.1124267578125 75.92236328125 242.3203887939453
v -1128.73095703125 8.58447265625 612.334716796875
v -1586.1104736328125 8.58447265625 418.1886901855469
v -1401.9952392578125 8.58447265625 -15.55966567993164
v -944.6157836914062 8.58447265625 178.5863494873047
v -1128.73095703125 665.876953125 612.334716796875
v -1586.1104736328125 665.876953125 418.1886901855469
v -1401.9952392578125 665.876953125 -15.55966567993164
v -944.6157836914062 665.876953125 178.5863494873047
v -1948.21923828125 8.58447265625 5925.57958984375
v -2405.5986328125 8.58447265625 5731.43359375
v -2221.4833984375 8.58447265625 5297.68505859375
v -1764.10400390625 8.58447265625 5491.8310546875
v -1948.21923828125 665.876953125 5925.57958984375
v -2405.5986328125 665.876953125 5731.43359375
v -2221.4833984375 665.876953125 5297.68505859375
v -1764.10400390625 665.876953125 5491.8310546875
v -2017.9259033203125 9.085205078125 5730.6552734375
v -2202.02685546875 9.085205078125 5652.50927734375
v -2127.70556640625 9.085205078125 5477.4189453125
v -1943.6046142578125 9.085205078125 5555.5654296875
v -2017.9259033203125 75.92236328125 5730.6552734375
v -2202.02685546875 75.92236328125 5652.50927734375
v -2127.70556640625 75.92236328125 5477.4189453125
v -1943.6046142578125 75.92236328125 5555.5654296875
v -3594.91357421875 10.9931640625 6660.11279296875
v -3594.50537109375 10.9931640625 6613.3095703125
v -3547.702392578125 10.9931640625 6613.71826171875
v -3548.11083984375 10.9931640625 6660.52099609375
v -3594.91357421875 344.232177734375 6660.11279296875
v -3594.50537109375 344.232177734375 6613.3095703125
v -3547.702392578125 344.232177734375 6613.71826171875
v -3548.11083984375 344.232177734375 6660.52099609375
v -4418.890625 7.838623046875 6468.55224609375
v -3853.098876953125 7.838623046875 6026.50732421875
v -3432.688720703125 7.838623046875 6564.60791015625
v -3998.48046875 7.838623046875 7006.65283203125
v -4418.890625 74.67578125 6468.55224609375
v -3853.098876953125 74.67578125 6026.50732421875
v -3432.688720703125 74.67578125 6564.60791015625
v -3998.48046875 74.67578125 7006.65283203125
v -3944.392822265625 60.974853515625 6503.40478515625
v -3821.2353515625 60.974853515625 6317.333984375
v -3628.495361328125 60.974853515625 6444.90576171875
v -3751.65283203125 60.974853515625 6630.9765625
v -3944.392822265625 161.609619140625 6503.40478515625
v -3821.2353515625 161.609619140625 6317.333984375
v -3628.495361328125 161.609619140625 6444.90576171875
v -3751.65283203125 161.609619140625 6630.9765625
v -3760.429931640625 7.27978515625 6081.72265625
v -3590.47314453125 7.27978515625 6198.5302734375
v -3649.349609375 7.27978515625 6284.1962890625
v -3819.30615234375 7.27978515625 6167.38818359375
v -3760.429931640625 110.463623046875 6081.72265625
v -3590.47314453125 110.463623046875 6198.5302734375
v -3649.349609375 110.463623046875 6284.1962890625
v -3819.30615234375 110.463623046875 6167.38818359375
v -4414.84326171875 10.5615234375 6619.33935546875
v -4023.297607421875 10.5615234375 6313.43017578125
v -3733.193603515625 10.5615234375 6684.74658203125
v -4124.7392578125 10.5615234375 6990.65576171875
v -4414.84326171875 667.85400390625 6619.33935546875
v -4023.297607421875 667.85400390625 6313.43017578125
v -3733.193603515625 667.85400390625 6684.74658203125
v -4124.7392578125 667.85400390625 6990.65576171875
v -4278.7783203125 10.5615234375 6428.00634765625
v -3828.494873046875 10.5615234375 6076.20654296875
v -3483.250732421875 10.5615234375 6518.0986328125
v -3933.5341796875 10.5615234375 6869.89892578125
v -4278.7783203125 700.566162109375 6428.00634765625
v -3828.494873046875 700.566162109375 6076.20654296875
v -3483.250732421875 700.566162109375 6518.0986328125
v -3933.5341796875 700.566162109375 6869.89892578125
v -3807.48828125 7.27978515625 6965.97802734375
v -4013.58935546875 7.27978515625 6973.1748046875
v -4017.217041015625 7.27978515625 6869.291015625
v -3811.115966796875 7.27978515625 6862.09375
v -3807.48828125 110.463623046875 6965.97802734375
v -4013.58935546875 110.463623046875 6973.1748046875
v -4017.217041015625 110.463623046875 6869.291015625
v -3811.115966796875 110.463623046875 6862.09375
v -3974.38037109375 10.9931640625 6157.86279296875
v -3973.97216796875 10.9931640625 6111.0595703125
v -3927.169189453125 10.9931640625 6111.46826171875
v -3927.57763671875 10.9931640625 6158.27099609375
v -3974.38037109375 344.232177734375 6157.86279296875
v -3973.97216796875 344.232177734375 6111.0595703125
v -3927.169189453125 344.232177734375 6111.46826171875
v -3927.57763671875 344.232177734375 6158.27099609375
v -4378.802734375 7.27978515625 6490.359375
v -4321.958984375 7.27978515625 6292.12158203125
v -4222.03857421875 7.27978515625 6320.7734375
v -4278.88232421875 7.27978515625 6519.01123046875
v -4378.802734375 110.463623046875 6490.359375
v -4321.958984375 110.463623046875 6292.12158203125
v -4222.03857421875 110.463623046875 6320.7734375
v -4278.88232421875 110.463623046875 6519.01123046875
v -4177.46875 10.9931640625 6838.74267578125
v -4206.28466796875 10.9931640625 6801.85986328125
v -4169.40234375 10.9931640625 6773.0439453125
v -4140.58642578125 10.9931640625 6809.9267578125
v -4177.46875 344.232177734375 6838.74267578125
v -4206.28466796875 344.232177734375 6801.85986328125
v -4169.40234375 344.232177734375 6773.0439453125
v -4140.58642578125 344.232177734375 6809.9267578125
v -4192.01171875 60.144775390625 6445.85400390625
v -4068.85400390625 60.144775390625 6259.783203125
v -3876.114013671875 60.144775390625 6387.35498046875
v -3999.271484375 60.144775390625 6573.42578125
v -4192.01171875 160.779541015625 6445.85400390625
v -4068.85400390625 160.779541015625 6259.783203125
v -3876.114013671875 160.779541015625 6387.35498046875
v -3999.271484375 160.779541015625 6573.42578125
v -4105.95361328125 61.127685546875 6695.12744140625
v -3982.7958984375 61.127685546875 6509.056640625
v -3790.055908203125 61.127685546875 6636.62841796875
v -3913.21337890625 61.127685546875 6822.69921875
v -4105.95361328125 161.762451171875 6695.12744140625
v -3982.7958984375 161.762451171875 6509.056640625
v -3790.055908203125 161.762451171875 6636.62841796875
v -3913.21337890625 161.762451171875 6822.69921875
v -6335.64306640625 16.533447265625 7750.7119140625
v -6464.65478515625 16.533447265625 7891.5029296875
v -6611.65673828125 16.533447265625 7756.80078125
v -6482.64501953125 16.533447265625 7616.00927734375
v -6335.64306640625 187.991455078125 7750.7119140625
v -6464.65478515625 187.991455078125 7891.5029296875
v -6611.65673828125 187.991455078125 7756.80078125
v -6482.64501953125 187.991455078125 7616.00927734375
v -6315.36767578125 9.08544921875 7616.72314453125
v -6341.1279296875 9.08544921875 7579.24169921875
v -6316.404296875 9.08544921875 7562.24951171875
v -6290.64404296875 9.08544921875 7599.73095703125
v -6315.36767578125 110.18603515625 7616.72314453125
v -6341.1279296875 110.18603515625 7579.24169921875
v -6316.404296875 110.18603515625 7562.24951171875
v -6290.64404296875 110.18603515625 7599.73095703125
v -6764.068359375 118.097412109375 7675.74609375
v -6764.068359375 118.097412109375 7675.74609375
v -6704.697265625 118.097412109375 7675.74609375
v -6704.697265625 118.097412109375 7675.74609375
v -6764.068359375 226.69091796875 7675.74609375
v -6764.068359375 226.69091796875 7675.74609375
v -6704.697265625 226.69091796875 7675.74609375
v -6704.697265625 226.69091796875 7675.74609375
v -6586.7509765625 18.61376953125 7294.93798828125
v -6569.38623046875 18.61376953125 7393.4189453125
v -6654.67236328125 18.61376953125 7408.45703125
v -6672.037109375 18.61376953125 7309.9765625
v -6586.7509765625 138.61376953125 7294.93798828125
v -6569.38623046875 138.61376953125 7393.4189453125
v -6654.67236328125 138.61376953125 7408.45703125
v -6672.037109375 138.61376953125 7309.9765625
v -6755.296875 9.01611328125 7054.10302734375
v -6716.72412109375 9.01611328125 7027.59228515625
v -6690.21337890625 9.01611328125 7066.16552734375
v -6728.78662109375 9.01611328125 7092.67578125
v -6755.296875 342.255126953125 7054.10302734375
v -6716.72412109375 342.255126953125 7027.59228515625
v -6690.21337890625 342.255126953125 7066.16552734375
v -6728.78662109375 342.255126953125 7092.67578125
v -6764.068359375 118.097412109375 7747.529296875
v -6764.068359375 118.097412109375 7747.529296875
v -6704.697265625 118.097412109375 7747.529296875
v -6704.697265625 118.097412109375 7747.529296875
v -6764.068359375 226.69091796875 7747.529296875
v -6764.068359375 226.69091796875 7747.529296875
v -6704.697265625 226.69091796875 7747.529296875
v -6704.697265625 226.69091796875 7747.529296875
v -6493.9150390625 8.58447265625 7610.9052734375
v -6081.98388671875 8.58447265625 7888.75634765625
v -6345.4794921875 8.58447265625 8279.404296875
v -6757.41064453125 8.58447265625 8001.5537109375
v -6493.9150390625 665.876953125 7610.9052734375
v -6081.98388671875 665.876953125 7888.75634765625
v -6345.4794921875 665.876953125 8279.404296875
v -6757.41064453125 665.876953125 8001.5537109375
v -6768.646484375 9.085205078125 7752.3984375
v -6768.646484375 9.085205078125 7669.5703125
v -6691.162109375 9.085205078125 7669.5703125
v -6691.162109375 9.085205078125 7752.3984375
v -6768.646484375 238.3779296875 7752.3984375
v -6768.646484375 238.3779296875 7669.5703125
v -6691.162109375 238.3779296875 7669.5703125
v -6691.162109375 238.3779296875 7752.3984375
v -6309.294921875 16.533447265625 8099.94287109375
v -6276.134765625 16.533447265625 8288.0029296875
v -6472.49072265625 16.533447265625 8322.6259765625
v -6505.650390625 16.533447265625 8134.56591796875
v -6309.294921875 187.991455078125 8099.94287109375
v -6276.134765625 187.991455078125 8288.0029296875
v -6472.49072265625 187.991455078125 8322.6259765625
v -6505.650390625 187.991455078125 8134.56591796875
v -5943.09423828125 8.58447265625 7967.31982421875
v -5856.81201171875 8.58447265625 8456.650390625
v -6320.8603515625 8.58447265625 8538.474609375
v -6407.142578125 8.58447265625 8049.14453125
v -5943.09423828125 665.876953125 7967.31982421875
v -5856.81201171875 665.876953125 8456.650390625
v -6320.8603515625 665.876953125 8538.474609375
v -6407.142578125 665.876953125 8049.14453125
v -6173.94580078125 8.58447265625 8178.6552734375
v -6074.7197265625 8.58447265625 8741.392578125
v -6626.97021484375 8.58447265625 8838.7685546875
v -6726.19580078125 8.58447265625 8276.0322265625
v -6173.94580078125 698.589111328125 8178.6552734375
v -6074.7197265625 698.589111328125 8741.392578125
v -6626.97021484375 698.589111328125 8838.7685546875
v -6726.19580078125 698.589111328125 8276.0322265625
v -6051.38525390625 13.757043838500977 8284.1083984375
v -6006.515625 13.757040977478027 8538.578125
v -6204.37939453125 13.75704288482666 8573.466796875
v -6249.2490234375 13.75704574584961 8318.9970703125
v -6051.38525390625 228.5412139892578 8284.1083984375
v -6006.515625 228.5412139892578 8538.578125
v -6204.37939453125 228.5412139892578 8573.466796875
v -6249.2490234375 228.5412139892578 8318.9970703125
v -5784.65478515625 9.01611328125 8285.3447265625
v -5746.55029296875 9.01611328125 8258.1650390625
v -5719.37060546875 9.01611328125 8296.2685546875
v -5757.47509765625 9.01611328125 8323.4482421875
v -5784.65478515625 342.255126953125 8285.3447265625
v -5746.55029296875 342.255126953125 8258.1650390625
v -5719.37060546875 342.255126953125 8296.2685546875
v -5757.47509765625 342.255126953125 8323.4482421875
v -5714.0302734375 18.61376953125 8566.2978515625
v -5696.66552734375 18.61376953125 8664.7783203125
v -5781.95166015625 18.61376953125 8679.81640625
v -5799.31640625 18.61376953125 8581.3359375
v -5714.0302734375 138.61376953125 8566.2978515625
v -5696.66552734375 138.61376953125 8664.7783203125
v -5781.95166015625 138.61376953125 8679.81640625
v -5799.31640625 138.61376953125 8581.3359375
v -6793.96533203125 9.01611328125 8846.400390625
v -6747.16796875 9.01611328125 8845.5830078125
v -6746.35107421875 9.01611328125 8892.380859375
v -6793.1484375 9.01611328125 8893.1982421875
v -6793.96533203125 342.255126953125 8846.400390625
v -6747.16796875 342.255126953125 8845.5830078125
v -6746.35107421875 342.255126953125 8892.380859375
v -6793.1484375 342.255126953125 8893.1982421875
v -6581.6552734375 18.61376953125 8623.4267578125
v -6564.29052734375 18.61376953125 8721.9072265625
v -6649.57666015625 18.61376953125 8736.9453125
v -6666.94140625 18.61376953125 8638.46484375
v -6581.6552734375 138.61376953125 8623.4267578125
v -6564.29052734375 138.61376953125 8721.9072265625
v -6649.57666015625 138.61376953125 8736.9453125
v -6666.94140625 138.61376953125 8638.46484375
v 5064.24951171875 9.085205078125 -6907.16552734375
v 4907.7275390625 9.085205078125 -7031.66845703125
v 5026.13671875 9.085205078125 -7180.52880859375
v 5182.658203125 9.085205078125 -7056.02587890625
v 5064.24951171875 75.92236328125 -6907.16552734375
v 4907.7275390625 75.92236328125 -7031.66845703125
v 5026.13671875 75.92236328125 -7180.52880859375
v 5182.658203125 75.92236328125 -7056.02587890625
v 5083.97412109375 8.58447265625 -6655.68701171875
v 4636.77783203125 8.58447265625 -7011.40283203125
v 4985.865234375 8.58447265625 -7450.265625
v 5433.0615234375 8.58447265625 -7094.5498046875
v 5083.97412109375 698.589111328125 -6655.68701171875
v 4636.77783203125 698.589111328125 -7011.40283203125
v 4985.865234375 698.589111328125 -7450.265625
v 5433.0615234375 698.589111328125 -7094.5498046875
v 3423.466552734375 8.58447265625 -6546.33349609375
v 2976.27001953125 8.58447265625 -6902.04931640625
v 3325.357177734375 8.58447265625 -7340.912109375
v 3772.5537109375 8.58447265625 -6985.1962890625
v 3423.466552734375 698.589111328125 -6546.33349609375
v 2976.27001953125 698.589111328125 -6902.04931640625
v 3325.357177734375 698.589111328125 -7340.912109375
v 3772.5537109375 698.589111328125 -6985.1962890625
v 3403.737548828125 9.085205078125 -6797.81201171875
v 3247.216064453125 9.085205078125 -6922.31494140625
v 3365.625 9.085205078125 -7071.17529296875
v 3522.146728515625 9.085205078125 -6946.67236328125
v 3403.737548828125 75.92236328125 -6797.81201171875
v 3247.216064453125 75.92236328125 -6922.31494140625
v 3365.625 75.92236328125 -7071.17529296875
v 3522.146728515625 75.92236328125 -6946.67236328125
v 3939.61181640625 9.01611328125 -6991.66357421875
v 3985.30712890625 9.01611328125 -7001.7939453125
v 3995.4375 9.01611328125 -6956.09912109375
v 3949.7421875 9.01611328125 -6945.96826171875
v 3939.61181640625 342.255126953125 -6991.66357421875
v 3985.30712890625 342.255126953125 -7001.7939453125
v 3995.4375 342.255126953125 -6956.09912109375
v 3949.7421875 342.255126953125 -6945.96826171875
v 3993.514404296875 6.030517578125 -7073.8466796875
v 4191.0693359375 6.030517578125 -7117.6435546875
v 4212.15576171875 6.030517578125 -7022.52880859375
v 4014.600830078125 6.030517578125 -6978.73193359375
v 3993.514404296875 110.155517578125 -7073.8466796875
v 4191.0693359375 110.155517578125 -7117.6435546875
v 4212.15576171875 110.155517578125 -7022.52880859375
v 4014.600830078125 110.155517578125 -6978.73193359375
v 4235.3486328125 6.030517578125 -6914.0615234375
v 4037.793701171875 6.030517578125 -6870.2646484375
v 4016.707275390625 6.030517578125 -6965.37939453125
v 4214.26220703125 6.030517578125 -7009.17626953125
v 4235.3486328125 110.155517578125 -6914.0615234375
v 4037.793701171875 110.155517578125 -6870.2646484375
v 4016.707275390625 110.155517578125 -6965.37939453125
v 4214.26220703125 110.155517578125 -7009.17626953125
v 4235.03955078125 9.08544921875 -6990.107421875
v 4223.26806640625 9.08544921875 -7034.0380859375
v 4252.24609375 9.08544921875 -7041.802734375
v 4264.01708984375 9.08544921875 -6997.8720703125
v 4235.03955078125 110.18603515625 -6990.107421875
v 4223.26806640625 110.18603515625 -7034.0380859375
v 4252.24609375 110.18603515625 -7041.802734375
v 4264.01708984375 110.18603515625 -6997.8720703125
v -3937.225830078125 5.878173828125 -1241.35595703125
v -4054.782958984375 5.878173828125 -1403.1593017578125
v -3900.899169921875 5.878173828125 -1514.9625244140625
v -3783.342041015625 5.878173828125 -1353.1590576171875
v -3937.225830078125 72.71533203125 -1241.35595703125
v -4054.782958984375 72.71533203125 -1403.1593017578125
v -3900.899169921875 72.71533203125 -1514.9625244140625
v -3783.342041015625 72.71533203125 -1353.1590576171875
v -4091.7431640625 -3.2072689533233643 -1371.846435546875
v -3895.42578125 -3.2072677612304688 -1551.73828125
v -3751.75732421875 -3.207261562347412 -1394.95166015625
v -3948.074462890625 -3.2072625160217285 -1215.0599365234375
v -4091.7431640625 659.80712890625 -1371.8465576171875
v -3895.42578125 659.80712890625 -1551.73828125
v -3751.75732421875 659.80712890625 -1394.95166015625
v -3948.07470703125 659.80712890625 -1215.0599365234375
v -4581.81005859375 118.097412109375 -400.7545166015625
v -4581.81005859375 118.097412109375 -400.7545166015625
v -4530.39306640625 118.097412109375 -430.4400634765625
v -4530.39306640625 118.097412109375 -430.4400634765625
v -4581.81005859375 226.69091796875 -400.7545166015625
v -4581.81005859375 226.69091796875 -400.7545166015625
v -4530.39306640625 226.69091796875 -430.4400634765625
v -4530.39306640625 226.69091796875 -430.4400634765625
v -4617.70166015625 118.097412109375 -462.9209899902344
v -4617.70166015625 118.097412109375 -462.9209899902344
v -4566.28466796875 118.097412109375 -492.6065368652344
v -4566.28466796875 118.097412109375 -492.6065368652344
v -4617.70166015625 226.69091796875 -462.9209899902344
v -4617.70166015625 226.69091796875 -462.9209899902344
v -4566.28466796875 226.69091796875 -492.6065368652344
v -4566.28466796875 226.69091796875 -492.6065368652344
v -4416.15966796875 8.58447265625 -654.150390625
v -3920.490966796875 8.58447265625 -619.4898681640625
v -3953.360595703125 8.58447265625 -149.4306640625
v -4449.029296875 8.58447265625 -184.0911865234375
v -4416.15966796875 665.876953125 -654.150390625
v -3920.490966796875 665.876953125 -619.4898681640625
v -3953.360595703125 665.876953125 -149.4306640625
v -4449.029296875 665.876953125 -184.0911865234375
v -5130.2138671875 9.01611328125 -947.2679443359375
v -5110.06396484375 9.01611328125 -989.51318359375
v -5067.81884765625 9.01611328125 -969.3632202148438
v -5087.96875 9.01611328125 -927.1179809570312
v -5130.2138671875 342.255126953125 -947.2679443359375
v -5110.06396484375 342.255126953125 -989.51318359375
v -5067.81884765625 342.255126953125 -969.3632202148438
v -5087.96875 342.255126953125 -927.1179809570312
v -4654.54150390625 18.61376953125 -881.36865234375
v -4590.2626953125 18.61376953125 -804.7642211914062
v -4656.603515625 18.61376953125 -749.0977783203125
v -4720.88232421875 18.61376953125 -825.7022094726562
v -4654.54150390625 138.61376953125 -881.36865234375
v -4590.2626953125 138.61376953125 -804.7642211914062
v -4656.603515625 138.61376953125 -749.0977783203125
v -4720.88232421875 138.61376953125 -825.7022094726562
v -4583.3388671875 9.085205078125 -394.2474365234375
v -4624.7529296875 9.085205078125 -465.97869873046875
v -4557.6494140625 9.085205078125 -504.72088623046875
v -4516.2353515625 9.085205078125 -432.9896240234375
v -4583.3388671875 238.3779296875 -394.2474365234375
v -4624.7529296875 238.3779296875 -465.97869873046875
v -4557.6494140625 238.3779296875 -504.72088623046875
v -4516.2353515625 238.3779296875 -432.9896240234375
v -3953.142333984375 9.08544921875 -1247.0982666015625
v -3994.1923828125 9.08544921875 -1266.6781005859375
v -3981.277099609375 9.08544921875 -1293.755615234375
v -3940.22705078125 9.08544921875 -1274.17578125
v -3953.142333984375 110.18603515625 -1247.0982666015625
v -3994.1923828125 110.18603515625 -1266.6781005859375
v -3981.277099609375 110.18603515625 -1293.755615234375
v -3940.22705078125 110.18603515625 -1274.17578125
v -4209.1904296875 16.533447265625 -612.207275390625
v -4250.52197265625 16.533447265625 -425.77288818359375
v -4445.1806640625 16.533447265625 -468.92767333984375
v -4403.84912109375 16.533447265625 -655.362060546875
v -4209.1904296875 187.991455078125 -612.207275390625
v -4250.52197265625 187.991455078125 -425.77288818359375
v -4445.1806640625 187.991455078125 -468.92767333984375
v -4403.84912109375 187.991455078125 -655.362060546875
v -4078.538330078125 9.01611328125 721.267822265625
v -4038.418701171875 9.01611328125 697.16162109375
v -4014.3125 9.01611328125 737.2810668945312
v -4054.43212890625 9.01611328125 761.3872680664062
v -4078.538330078125 342.255126953125 721.267822265625
v -4038.418701171875 342.255126953125 697.16162109375
v -4014.3125 342.255126953125 737.2810668945312
v -4054.43212890625 342.255126953125 761.3872680664062
v -4011.755859375 16.533447265625 -322.9428405761719
v -3889.008544921875 16.533447265625 -176.65826416015625
v -4041.74609375 16.533447265625 -48.496212005615234
v -4164.49365234375 16.533447265625 -194.78079223632812
v -4011.755859375 187.991455078125 -322.9428405761719
v -3889.008544921875 187.991455078125 -176.65826416015625
v -4041.74609375 187.991455078125 -48.496212005615234
v -4164.49365234375 187.991455078125 -194.78079223632812
v -3985.88525390625 18.61376953125 266.59033203125
v -3921.6064453125 18.61376953125 343.1947937011719
v -3987.947021484375 18.61376953125 398.8612060546875
v -4052.225830078125 18.61376953125 322.2567443847656
v -3985.88525390625 138.61376953125 266.59033203125
v -3921.6064453125 138.61376953125 343.1947937011719
v -3987.947021484375 138.61376953125 398.8612060546875
v -4052.225830078125 138.61376953125 322.2567443847656
v -3760.928955078125 8.58447265625 -620.895751953125
v -3441.541259765625 8.58447265625 -240.264404296875
v -3802.5068359375 8.58447265625 62.62161636352539
v -4121.89453125 8.58447265625 -318.0097351074219
v -3760.928955078125 665.876953125 -620.895751953125
v -3441.541259765625 665.876953125 -240.264404296875
v -3802.5068359375 665.876953125 62.62161636352539
v -4121.89453125 665.876953125 -318.0097351074219
v -3855.185302734375 8.58447265625 -322.4483642578125
v -3487.884765625 8.58447265625 115.28321075439453
v -3917.459228515625 8.58447265625 475.7388916015625
v -4284.759765625 8.58447265625 38.00730895996094
v -3855.185302734375 698.589111328125 -322.4483642578125
v -3487.884765625 698.589111328125 115.28321075439453
v -3917.459228515625 698.589111328125 475.7388916015625
v -4284.759765625 698.589111328125 38.00730895996094
v -3696.316650390625 13.757184982299805 -292.4047546386719
v -3530.223876953125 13.757184982299805 -94.4630355834961
v -3684.134521484375 13.757184982299805 34.68327331542969
v -3850.227294921875 13.757184982299805 -163.25845336914062
v -3696.316650390625 228.54135131835938 -292.4047546386719
v -3530.223876953125 228.54135131835938 -94.46302795410156
v -3684.134521484375 228.54135131835938 34.68327713012695
v -3850.227294921875 228.54135131835938 -163.25845336914062
v -3263.06494140625 18.61376953125 -216.69871520996094
v -3198.7861328125 18.61376953125 -140.09426879882812
v -3265.126708984375 18.61376953125 -84.42786407470703
v -3329.405517578125 18.61376953125 -161.03231811523438
v -3263.06494140625 138.61376953125 -216.69871520996094
v -3198.7861328125 138.61376953125 -140.09426879882812
v -3265.126708984375 138.61376953125 -84.42786407470703
v -3329.405517578125 138.61376953125 -161.03231811523438
v 10881.625 9.085205078125 1057.7650146484375
v 11293.453125 9.085205078125 469.61383056640625
v 11852.8193359375 9.085205078125 861.285888671875
v 11440.9912109375 9.085205078125 1449.43701171875
v 10881.625 75.92236328125 1057.7650146484375
v 11293.453125 75.92236328125 469.61383056640625
v 11852.8193359375 75.92236328125 861.285888671875
v 11440.9912109375 75.92236328125 1449.43701171875
v 10926.33984375 5.302734375 1066.8985595703125
v 10922.740234375 5.302734375 860.703369140625
v 11026.671875 5.302734375 858.8892822265625
v 11030.2705078125 5.302734375 1065.08447265625
v 10926.33984375 108.486572265625 1066.8985595703125
v 10922.740234375 108.486572265625 860.703369140625
v 11026.671875 108.486572265625 858.8892822265625
v 11030.2705078125 108.486572265625 1065.08447265625
v 11398.2158203125 5.302734375 495.3206481933594
v 11594.8974609375 5.302734375 557.3341674804688
v 11563.6396484375 5.302734375 656.470458984375
v 11366.9580078125 5.302734375 594.4569091796875
v 11398.2158203125 108.486572265625 495.3206481933594
v 11594.8974609375 108.486572265625 557.3341674804688
v 11563.6396484375 108.486572265625 656.470458984375
v 11366.9580078125 108.486572265625 594.4569091796875
v 10929.58203125 8.58447265625 1200.77783203125
v 11214.580078125 8.58447265625 793.7584228515625
v 11600.5703125 8.58447265625 1064.0316162109375
v 11315.572265625 8.58447265625 1471.051025390625
v 10929.58203125 665.876953125 1200.77783203125
v 11214.580078125 665.876953125 793.7584228515625
v 11600.5703125 665.876953125 1064.0316162109375
v 11315.572265625 665.876953125 1471.051025390625
v 11003.763671875 8.58447265625 978.0225219726562
v 11331.515625 8.58447265625 509.9443359375
v 11790.87109375 8.58447265625 831.5885009765625
v 11463.119140625 8.58447265625 1299.666748046875
v 11003.763671875 698.589111328125 978.0225219726562
v 11331.515625 698.589111328125 509.9443359375
v 11790.87109375 698.589111328125 831.5885009765625
v 11463.119140625 698.589111328125 1299.666748046875
v 11611.748046875 5.302734375 1354.6951904296875
v 11416.7568359375 5.302734375 1421.8359375
v 11382.9150390625 5.302734375 1323.5518798828125
v 11577.90625 5.302734375 1256.4111328125
v 11611.748046875 108.486572265625 1354.6951904296875
v 11416.7568359375 108.486572265625 1421.8359375
v 11382.9150390625 108.486572265625 1323.5518798828125
v 11577.90625 108.486572265625 1256.4111328125
v 11345.580078125 58.997802734375 952.3609008789062
v 11408.9541015625 58.997802734375 738.4130249023438
v 11630.5703125 58.997802734375 804.058837890625
v 11567.1962890625 58.997802734375 1018.0067138671875
v 11345.580078125 159.632568359375 952.3609008789062
v 11408.9541015625 159.632568359375 738.4130249023438
v 11630.5703125 159.632568359375 804.058837890625
v 11567.1962890625 159.632568359375 1018.0067138671875
v 11247.1337890625 59.150634765625 1182.9429931640625
v 11310.5078125 59.150634765625 968.9950561523438
v 11532.1240234375 59.150634765625 1034.640869140625
v 11468.75 59.150634765625 1248.5887451171875
v 11247.1337890625 159.785400390625 1182.9429931640625
v 11310.5078125 159.785400390625 968.9950561523438
v 11532.1240234375 159.785400390625 1034.640869140625
v 11468.75 159.785400390625 1248.5887451171875
v 11091.9560546875 58.167724609375 969.7202758789062
v 11155.330078125 58.167724609375 755.7723999023438
v 11376.9462890625 58.167724609375 821.418212890625
v 11313.572265625 58.167724609375 1035.3660888671875
v 11091.9560546875 158.802490234375 969.7202758789062
v 11155.330078125 158.802490234375 755.7723999023438
v 11376.9462890625 158.802490234375 821.418212890625
v 11313.572265625 158.802490234375 1035.3660888671875
v 11240.578125 6.030517578125 1777.7257080078125
v 11038.2265625 6.030517578125 1777.7257080078125
v 11038.2265625 6.030517578125 1680.3018798828125
v 11240.578125 6.030517578125 1680.3018798828125
v 11240.578125 110.155517578125 1777.7257080078125
v 11038.2265625 110.155517578125 1777.7257080078125
v 11038.2265625 110.155517578125 1680.3018798828125
v 11240.578125 110.155517578125 1680.3018798828125
v 11039.06640625 6.030517578125 1569.3856201171875
v 11241.41796875 6.030517578125 1569.3856201171875
v 11241.41796875 6.030517578125 1666.8094482421875
v 11039.06640625 6.030517578125 1666.8094482421875
v 11039.06640625 110.155517578125 1569.3856201171875
v 11241.41796875 110.155517578125 1569.3856201171875
v 11241.41796875 110.155517578125 1666.8094482421875
v 11039.06640625 110.155517578125 1666.8094482421875
v 11310.9912109375 9.01611328125 1709.16015625
v 11264.1865234375 9.01611328125 1709.16015625
v 11264.1865234375 9.01611328125 1662.35546875
v 11310.9912109375 9.01611328125 1662.35546875
v 11310.9912109375 342.255126953125 1709.16015625
v 11264.1865234375 342.255126953125 1709.16015625
v 11264.1865234375 342.255126953125 1662.35546875
v 11310.9912109375 342.255126953125 1662.35546875
v 9954.126953125 11.8388671875 1356.9420166015625
v 9835.5556640625 11.8388671875 1366.273681640625
v 9819.361328125 11.8388671875 1160.4959716796875
v 9937.931640625 11.8388671875 1151.164306640625
v 9954.126953125 167.385009765625 1356.9420166015625
v 9835.5556640625 167.385009765625 1366.273681640625
v 9819.361328125 167.385009765625 1160.4959716796875
v 9937.931640625 167.385009765625 1151.164306640625
v 10078.994140625 11.8388671875 1468.1473388671875
v 10023.15625 11.8388671875 1573.162841796875
v 9840.9033203125 11.8388671875 1476.2572021484375
v 9896.7412109375 11.8388671875 1371.24169921875
v 10078.994140625 167.385009765625 1468.1473388671875
v 10023.15625 167.385009765625 1573.162841796875
v 9840.9033203125 167.385009765625 1476.2572021484375
v 9896.7412109375 167.385009765625 1371.24169921875
v 10336.8017578125 9.08544921875 -2254.252685546875
v 10372.640625 9.08544921875 -2282.25341796875
v 10391.1103515625 9.08544921875 -2258.613037109375
v 10355.271484375 9.08544921875 -2230.6123046875
v 10336.8017578125 110.18603515625 -2254.252685546875
v 10372.640625 110.18603515625 -2282.25341796875
v 10391.1103515625 110.18603515625 -2258.613037109375
v 10355.271484375 110.18603515625 -2230.6123046875
v 10408.9599609375 9.08544921875 1434.3787841796875
v 10454.1904296875 9.08544921875 1429.624755859375
v 10457.3271484375 9.08544921875 1459.46044921875
v 10412.095703125 9.08544921875 1464.21435546875
v 10408.9599609375 110.18603515625 1434.3787841796875
v 10454.1904296875 110.18603515625 1429.624755859375
v 10457.3271484375 110.18603515625 1459.46044921875
v 10412.095703125 110.18603515625 1464.21435546875
v 9592.7568359375 9.085205078125 13.080615997314453
v 9436.2353515625 9.085205078125 -111.42230224609375
v 9554.64453125 9.085205078125 -260.282958984375
v 9711.166015625 9.085205078125 -135.780029296875
v 9592.7568359375 75.92236328125 13.080615997314453
v 9436.2353515625 75.92236328125 -111.42230224609375
v 9554.64453125 75.92236328125 -260.282958984375
v 9711.166015625 75.92236328125 -135.780029296875
v 9384.5126953125 8.58447265625 218.86032104492188
v 9217.4462890625 8.58447265625 -327.5893859863281
v 9753.712890625 8.58447265625 -491.54254150390625
v 9920.779296875 8.58447265625 54.90716552734375
v 9384.5126953125 698.589111328125 218.86032104492188
v 9217.4462890625 698.589111328125 -327.5893859863281
v 9753.712890625 698.589111328125 -491.54254150390625
v 9920.779296875 698.589111328125 54.90716552734375
v 10331.70703125 8.58447265625 -2432.823974609375
v 10079.5224609375 8.58447265625 -2004.69873046875
v 9673.5166015625 8.58447265625 -2243.854248046875
v 9925.7021484375 8.58447265625 -2671.979736328125
v 10331.70703125 665.876953125 -2432.823974609375
v 10079.5224609375 665.876953125 -2004.69873046875
v 9673.5166015625 665.876953125 -2243.854248046875
v 9925.7021484375 665.876953125 -2671.979736328125
v 11832.1630859375 9.085205078125 -2566.46728515625
v 11675.6416015625 9.085205078125 -2690.97021484375
v 11794.05078125 9.085205078125 -2839.830810546875
v 11950.572265625 9.085205078125 -2715.327880859375
v 11832.1630859375 75.92236328125 -2566.46728515625
v 11675.6416015625 75.92236328125 -2690.97021484375
v 11794.05078125 75.92236328125 -2839.830810546875
v 11950.572265625 75.92236328125 -2715.327880859375
v 11851.888671875 8.58447265625 -2314.987548828125
v 11404.6923828125 8.58447265625 -2670.70361328125
v 11753.779296875 8.58447265625 -3109.56640625
v 12200.9755859375 8.58447265625 -2753.850341796875
v 11851.888671875 698.589111328125 -2314.987548828125
v 11404.6923828125 698.589111328125 -2670.70361328125
v 11753.779296875 698.589111328125 -3109.56640625
v 12200.9755859375 698.589111328125 -2753.850341796875
v 12180.2529296875 9.085205078125 1920.09228515625
v 12023.7314453125 9.085205078125 1795.58935546875
v 12142.140625 9.085205078125 1646.728759765625
v 12298.662109375 9.085205078125 1771.231689453125
v 12180.2529296875 75.92236328125 1920.09228515625
v 12023.7314453125 75.92236328125 1795.58935546875
v 12142.140625 75.92236328125 1646.728759765625
v 12298.662109375 75.92236328125 1771.231689453125
v 12199.978515625 8.58447265625 2171.571044921875
v 11752.7822265625 8.58447265625 1815.85498046875
v 12101.869140625 8.58447265625 1376.9921875
v 12549.0654296875 8.58447265625 1732.7081298828125
v 12199.978515625 698.589111328125 2171.571044921875
v 11752.7822265625 698.589111328125 1815.85498046875
v 12101.869140625 698.589111328125 1376.9921875
v 12549.0654296875 698.589111328125 1732.7081298828125
v 12332.3134765625 8.793484687805176 2182.740234375
v 12365.9814453125 8.793484687805176 1991.799072265625
v 12401.759765625 8.793571472167969 1998.107666015625
v 12368.091796875 8.793571472167969 2189.048828125
v 12332.3115234375 740.09033203125 2182.739990234375
v 12365.98046875 740.09033203125 1991.7987060546875
v 12401.7578125 740.0904541015625 1998.107421875
v 12368.08984375 740.0904541015625 2189.048583984375
v 12372.9375 8.793484687805176 -3025.74755859375
v 12391.5205078125 8.793484687805176 -2832.75341796875
v 12355.357421875 8.793571472167969 -2829.271484375
v 12336.7744140625 8.793571472167969 -3022.265625
v 12372.9384765625 740.09033203125 -3025.747802734375
v 12391.5224609375 740.09033203125 -2832.753662109375
v 12355.359375 740.0904541015625 -2829.271484375
v 12336.7763671875 740.0904541015625 -3022.265625
v 9222.4736328125 8.793484687805176 -528.95751953125
v 9411.390625 8.793484687805176 -572.572509765625
v 9419.5634765625 8.793571472167969 -537.173583984375
v 9230.6455078125 8.793571472167969 -493.5585632324219
v 9222.47265625 740.09033203125 -528.959228515625
v 9411.390625 740.09033203125 -572.57421875
v 9419.5625 740.0904541015625 -537.17529296875
v 9230.6455078125 740.0904541015625 -493.560302734375
v 8808.9111328125 8.793484687805176 -2822.132080078125
v 8962.732421875 8.793484687805176 -2704.101318359375
v 8940.6162109375 8.793571472167969 -2675.278564453125
v 8786.794921875 8.793571472167969 -2793.309326171875
v 8808.9130859375 740.09033203125 -2822.13330078125
v 8962.7333984375 740.09033203125 -2704.1025390625
v 8940.6171875 740.0904541015625 -2675.280029296875
v 8786.7958984375 740.0904541015625 -2793.310791015625
v 9838.51171875 8.793484687805176 2034.036376953125
v 9932.509765625 8.793484687805176 1864.459228515625
v 9964.28515625 8.793571472167969 1882.0723876953125
v 9870.287109375 8.793571472167969 2051.649658203125
v 9838.5107421875 740.09033203125 2034.0355224609375
v 9932.5087890625 740.09033203125 1864.4583740234375
v 9964.283203125 740.0904541015625 1882.071533203125
v 9870.28515625 740.0904541015625 2051.648681640625
v 10110.7412109375 7.681640625 1150.40234375
v 10383.8115234375 7.681640625 1143.2518310546875
v 10393.69140625 7.681640625 1520.53662109375
v 10120.6201171875 7.681640625 1527.6871337890625
v 10110.7412109375 318.2001953125 1150.40234375
v 10383.8115234375 318.2001953125 1143.2518310546875
v 10393.69140625 318.2001953125 1520.53662109375
v 10120.6201171875 318.2001953125 1527.6871337890625
v 10904.5390625 9.01611328125 -2691.58251953125
v 10933.35546875 9.01611328125 -2654.699951171875
v 10896.47265625 9.01611328125 -2625.884033203125
v 10867.65625 9.01611328125 -2662.7666015625
v 10904.5390625 342.255126953125 -2691.58251953125
v 10933.35546875 342.255126953125 -2654.699951171875
v 10896.47265625 342.255126953125 -2625.884033203125
v 10867.65625 342.255126953125 -2662.7666015625
v 10641.41796875 18.61376953125 -2544.774169921875
v 10544.181640625 18.61376953125 -2521.429443359375
v 10523.96484375 18.61376953125 -2605.638427734375
v 10621.201171875 18.61376953125 -2628.98291015625
v 10641.41796875 138.61376953125 -2544.774169921875
v 10544.181640625 138.61376953125 -2521.429443359375
v 10523.96484375 138.61376953125 -2605.638427734375
v 10621.201171875 138.61376953125 -2628.98291015625
v 10178.8466796875 118.097412109375 -2694.13134765625
v 10178.8466796875 118.097412109375 -2694.13134765625
v 10182.470703125 118.097412109375 -2634.87109375
v 10182.470703125 118.097412109375 -2634.87109375
v 10178.8466796875 226.69091796875 -2694.13134765625
v 10178.8466796875 226.69091796875 -2694.13134765625
v 10182.470703125 226.69091796875 -2634.87109375
v 10182.470703125 226.69091796875 -2634.87109375
v 10173.7060546875 9.085205078125 -2698.404052734375
v 10256.37890625 9.085205078125 -2703.460693359375
v 10261.109375 9.085205078125 -2626.120849609375
v 10178.4365234375 9.085205078125 -2621.064208984375
v 10173.7060546875 238.3779296875 -2698.404052734375
v 10256.37890625 238.3779296875 -2703.460693359375
v 10261.109375 238.3779296875 -2626.120849609375
v 10178.4365234375 238.3779296875 -2621.064208984375
v 10250.49609375 118.097412109375 -2698.514404296875
v 10250.49609375 118.097412109375 -2698.514404296875
v 10254.12109375 118.097412109375 -2639.25390625
v 10254.12109375 118.097412109375 -2639.25390625
v 10250.49609375 226.69091796875 -2698.514404296875
v 10250.49609375 226.69091796875 -2698.514404296875
v 10254.12109375 226.69091796875 -2639.25390625
v 10254.12109375 226.69091796875 -2639.25390625
v 9854.8544921875 16.533447265625 -2218.692626953125
v 9669.1689453125 16.533447265625 -2174.11376953125
v 9622.6240234375 16.533447265625 -2367.989501953125
v 9808.30859375 16.533447265625 -2412.568359375
v 9854.8544921875 187.991455078125 -2218.692626953125
v 9669.1689453125 187.991455078125 -2174.11376953125
v 9622.6240234375 187.991455078125 -2367.989501953125
v 9808.30859375 187.991455078125 -2412.568359375
v 9315.71875 18.61376953125 -2458.586669921875
v 9218.482421875 18.61376953125 -2435.241943359375
v 9198.265625 18.61376953125 -2519.450927734375
v 9295.501953125 18.61376953125 -2542.79541015625
v 9315.71875 138.61376953125 -2458.586669921875
v 9218.482421875 138.61376953125 -2435.241943359375
v 9198.265625 138.61376953125 -2519.450927734375
v 9295.501953125 138.61376953125 -2542.79541015625
v 10201.82421875 16.533447265625 -2266.312744140625
v 10053.419921875 16.533447265625 -2386.48828125
v 10178.896484375 16.533447265625 -2541.439453125
v 10327.3017578125 16.533447265625 -2421.263671875
v 10201.82421875 187.991455078125 -2266.312744140625
v 10053.419921875 187.991455078125 -2386.48828125
v 10178.896484375 187.991455078125 -2541.439453125
v 10327.3017578125 187.991455078125 -2421.263671875
v 10009.5830078125 8.58447265625 -1861.2713623046875
v 9526.4326171875 8.58447265625 -1745.2772216796875
v 9416.431640625 8.58447265625 -2203.46484375
v 9899.58203125 8.58447265625 -2319.458984375
v 10009.5830078125 665.876953125 -1861.2713623046875
v 9526.4326171875 665.876953125 -1745.2772216796875
v 9416.431640625 665.876953125 -2203.46484375
v 9899.58203125 665.876953125 -2319.458984375
v 9784.5517578125 8.58447265625 -2078.79052734375
v 9228.921875 8.58447265625 -1945.395751953125
v 9098.0126953125 8.58447265625 -2490.671142578125
v 9653.642578125 8.58447265625 -2624.06591796875
v 9784.5517578125 698.589111328125 -2078.79052734375
v 9228.921875 698.589111328125 -1945.395751953125
v 9098.0126953125 698.589111328125 -2490.671142578125
v 9653.642578125 698.589111328125 -2624.06591796875
v 9686.7763671875 13.756950378417969 -1950.0203857421875
v 9435.521484375 13.756943702697754 -1889.6993408203125
v 9388.619140625 13.756946563720703 -2085.06396484375
v 9639.8740234375 13.756952285766602 -2145.385009765625
v 9686.7763671875 228.54112243652344 -1950.0203857421875
v 9435.521484375 228.54110717773438 -1889.6993408203125
v 9388.619140625 228.54110717773438 -2085.06396484375
v 9639.8740234375 228.54112243652344 -2145.385009765625
v 9425.7109375 18.61376953125 -1596.0670166015625
v 9328.474609375 18.61376953125 -1572.7225341796875
v 9308.2578125 18.61376953125 -1656.9312744140625
v 9405.494140625 18.61376953125 -1680.2757568359375
v 9425.7109375 138.61376953125 -1596.0670166015625
v 9328.474609375 138.61376953125 -1572.7225341796875
v 9308.2578125 138.61376953125 -1656.9312744140625
v 9405.494140625 138.61376953125 -1680.2757568359375
v 4861.86083984375 11.8388671875 -3217.9599609375
v 4910.2373046875 11.8388671875 -3326.61474609375
v 5098.8056640625 11.8388671875 -3242.658447265625
v 5050.4296875 11.8388671875 -3134.003662109375
v 4861.86083984375 167.385009765625 -3217.9599609375
v 4910.2373046875 167.385009765625 -3326.61474609375
v 5098.8056640625 167.385009765625 -3242.658447265625
v 5050.4296875 167.385009765625 -3134.003662109375
v 4992.92626953125 5.878173828125 -2895.62939453125
v 4875.36962890625 5.878173828125 -3057.432861328125
v 5029.25341796875 5.878173828125 -3169.23583984375
v 5146.810546875 5.878173828125 -3007.4326171875
v 4992.92626953125 72.71533203125 -2895.62939453125
v 4875.36962890625 72.71533203125 -3057.432861328125
v 5029.25341796875 72.71533203125 -3169.23583984375
v 5146.810546875 72.71533203125 -3007.4326171875
v 4838.4091796875 -3.2072689533233643 -3026.119873046875
v 5034.7265625 -3.2072677612304688 -3206.01171875
v 5178.39501953125 -3.207261562347412 -3049.22509765625
v 4982.07763671875 -3.2072625160217285 -2869.333251953125
v 4838.4091796875 659.80712890625 -3026.119873046875
v 5034.7265625 659.80712890625 -3206.01171875
v 5178.39501953125 659.80712890625 -3049.22509765625
v 4982.07763671875 659.80712890625 -2869.333251953125
v 2644.032958984375 8.58447265625 -1858.059814453125
v 2196.83642578125 8.58447265625 -2213.77587890625
v 2545.923583984375 8.58447265625 -2652.638671875
v 2993.1201171875 8.58447265625 -2296.922607421875
v 2644.032958984375 698.589111328125 -1858.059814453125
v 2196.83642578125 698.589111328125 -2213.77587890625
v 2545.923583984375 698.589111328125 -2652.638671875
v 2993.1201171875 698.589111328125 -2296.922607421875
v 2624.303955078125 9.085205078125 -2109.53857421875
v 2467.782470703125 9.085205078125 -2234.04150390625
v 2586.19140625 9.085205078125 -2382.902099609375
v 2742.713134765625 9.085205078125 -2258.399169921875
v 2624.303955078125 75.92236328125 -2109.53857421875
v 2467.782470703125 75.92236328125 -2234.04150390625
v 2586.19140625 75.92236328125 -2382.902099609375
v 2742.713134765625 75.92236328125 -2258.399169921875
v -1930.848388671875 9.085205078125 -2628.35400390625
v -2087.369873046875 9.085205078125 -2752.85693359375
v -1968.9609375 9.085205078125 -2901.717529296875
v -1812.439208984375 9.085205078125 -2777.214599609375
v -1930.848388671875 75.92236328125 -2628.35400390625
v -2087.369873046875 75.92236328125 -2752.85693359375
v -1968.9609375 75.92236328125 -2901.717529296875
v -1812.439208984375 75.92236328125 -2777.214599609375
v -1911.1234130859375 8.58447265625 -2376.874267578125
v -2358.31982421875 8.58447265625 -2732.59033203125
v -2009.2325439453125 8.58447265625 -3171.453125
v -1562.0361328125 8.58447265625 -2815.737060546875
v -1911.1234130859375 698.589111328125 -2376.874267578125
v -2358.31982421875 698.589111328125 -2732.59033203125
v -2009.2325439453125 698.589111328125 -3171.453125
v -1562.0361328125 698.589111328125 -2815.737060546875
v -931.7484130859375 8.58447265625 -6206.31005859375
v -1378.94482421875 8.58447265625 -6562.02587890625
v -1029.8575439453125 8.58447265625 -7000.888671875
v -582.6611938476562 8.58447265625 -6645.1728515625
v -931.7484130859375 698.589111328125 -6206.31005859375
v -1378.94482421875 698.589111328125 -6562.02587890625
v -1029.8575439453125 698.589111328125 -7000.888671875
v -582.6611938476562 698.589111328125 -6645.1728515625
v -951.4733276367188 9.085205078125 -6457.78857421875
v -1107.9949951171875 9.085205078125 -6582.29150390625
v -989.5858764648438 9.085205078125 -6731.15185546875
v -833.0642700195312 9.085205078125 -6606.64892578125
v -951.4733276367188 75.92236328125 -6457.78857421875
v -1107.9949951171875 75.92236328125 -6582.29150390625
v -989.5858764648438 75.92236328125 -6731.15185546875
v -833.0642700195312 75.92236328125 -6606.64892578125
v 2821.128173828125 9.085205078125 -5140.84912109375
v 2664.606689453125 9.085205078125 -5265.35205078125
v 2783.015625 9.085205078125 -5414.21240234375
v 2939.537353515625 9.085205078125 -5289.70947265625
v 2821.128173828125 75.92236328125 -5140.84912109375
v 2664.606689453125 75.92236328125 -5265.35205078125
v 2783.015625 75.92236328125 -5414.21240234375
v 2939.537353515625 75.92236328125 -5289.70947265625
v 2840.853271484375 8.58447265625 -4889.37060546875
v 2393.65673828125 8.58447265625 -5245.08642578125
v 2742.743896484375 8.58447265625 -5683.94921875
v 3189.9404296875 8.58447265625 -5328.2333984375
v 2840.853271484375 698.589111328125 -4889.37060546875
v 2393.65673828125 698.589111328125 -5245.08642578125
v 2742.743896484375 698.589111328125 -5683.94921875
v 3189.9404296875 698.589111328125 -5328.2333984375
v 4010.2802734375 -3.2072689533233643 -5534.1982421875
v 4206.59765625 -3.2072677612304688 -5714.08984375
v 4350.26611328125 -3.207261562347412 -5557.30322265625
v 4153.94873046875 -3.2072625160217285 -5377.41162109375
v 4010.2802734375 659.80712890625 -5534.1982421875
v 4206.59765625 659.80712890625 -5714.08984375
v 4350.26611328125 659.80712890625 -5557.30322265625
v 4153.94873046875 659.80712890625 -5377.41162109375
v 4164.79736328125 5.878173828125 -5403.70751953125
v 4047.240478515625 5.878173828125 -5565.5107421875
v 4201.12451171875 5.878173828125 -5677.31396484375
v 4318.681640625 5.878173828125 -5515.5107421875
v 4164.79736328125 72.71533203125 -5403.70751953125
v 4047.240478515625 72.71533203125 -5565.5107421875
v 4201.12451171875 72.71533203125 -5677.31396484375
v 4318.681640625 72.71533203125 -5515.5107421875
v 1367.305419921875 5.878173828125 -7017.59228515625
v 1249.748291015625 5.878173828125 -7179.3955078125
v 1403.6322021484375 5.878173828125 -7291.19873046875
v 1521.189208984375 5.878173828125 -7129.3955078125
v 1367.305419921875 72.71533203125 -7017.59228515625
v 1249.748291015625 72.71533203125 -7179.3955078125
v 1403.6322021484375 72.71533203125 -7291.19873046875
v 1521.189208984375 72.71533203125 -7129.3955078125
v 1212.7921142578125 -3.2072689533233643 -7148.0810546875
v 1409.109375 -3.2072677612304688 -7327.97265625
v 1552.7779541015625 -3.207261562347412 -7171.18603515625
v 1356.4605712890625 -3.2072625160217285 -6991.29443359375
v 1212.7921142578125 659.80712890625 -7148.0810546875
v 1409.109375 659.80712890625 -7327.97265625
v 1552.7779541015625 659.80712890625 -7171.18603515625
v 1356.4605712890625 659.80712890625 -6991.29443359375
v -2886.272705078125 5.878173828125 -3722.70947265625
v -3003.829833984375 5.878173828125 -3884.512939453125
v -2849.946044921875 5.878173828125 -3996.31591796875
v -2732.388916015625 5.878173828125 -3834.5126953125
v -2886.272705078125 72.71533203125 -3722.70947265625
v -3003.829833984375 72.71533203125 -3884.512939453125
v -2849.946044921875 72.71533203125 -3996.31591796875
v -2732.388916015625 72.71533203125 -3834.5126953125
v -3040.7880859375 -3.2072689533233643 -3853.197998046875
v -2844.470703125 -3.2072677612304688 -4033.08984375
v -2700.80224609375 -3.207261562347412 -3876.30322265625
v -2897.119384765625 -3.2072625160217285 -3696.411376953125
v -3040.7880859375 659.80712890625 -3853.197998046875
v -2844.470703125 659.80712890625 -4033.08984375
v -2700.80224609375 659.80712890625 -3876.30322265625
v -2897.11962890625 659.80712890625 -3696.411376953125
v -914.7141723632812 5.878173828125 -1454.89111328125
v -1032.271240234375 5.878173828125 -1616.6944580078125
v -878.3873291015625 5.878173828125 -1728.4976806640625
v -760.8302612304688 5.878173828125 -1566.6942138671875
v -914.7141723632812 72.71533203125 -1454.89111328125
v -1032.271240234375 72.71533203125 -1616.6944580078125
v -878.3873291015625 72.71533203125 -1728.4976806640625
v -760.8302612304688 72.71533203125 -1566.6942138671875
v -1069.2293701171875 -3.2072689533233643 -1585.381591796875
v -872.9120483398438 -3.2072677612304688 -1765.2734375
v -729.2435302734375 -3.207261562347412 -1608.48681640625
v -925.5609130859375 -3.2072625160217285 -1428.5950927734375
v -1069.2293701171875 659.80712890625 -1585.3817138671875
v -872.9120483398438 659.80712890625 -1765.2734375
v -729.2435913085938 659.80712890625 -1608.48681640625
v -925.5609130859375 659.80712890625 -1428.5950927734375
v -5878.38037109375 9.01611328125 3289.90283203125
v -5833.5029296875 9.01611328125 3276.609619140625
v -5820.2099609375 9.01611328125 3321.48681640625
v -5865.0869140625 9.01611328125 3334.780029296875
v -5878.38037109375 342.255126953125 3289.90283203125
v -5833.5029296875 342.255126953125 3276.609619140625
v -5820.2099609375 342.255126953125 3321.48681640625
v -5865.0869140625 342.255126953125 3334.780029296875
v -4103.56201171875 9.01611328125 7495.81298828125
v -4058.684814453125 9.01611328125 7482.51953125
v -4045.3916015625 9.01611328125 7527.39697265625
v -4090.268798828125 9.01611328125 7540.6904296875
v -4103.56201171875 342.255126953125 7495.81298828125
v -4058.684814453125 342.255126953125 7482.51953125
v -4045.3916015625 342.255126953125 7527.39697265625
v -4090.268798828125 342.255126953125 7540.6904296875
v -6762.60498046875 9.01611328125 4034.58837890625
v -6717.7275390625 9.01611328125 4021.295166015625
v -6704.4345703125 9.01611328125 4066.17236328125
v -6749.3115234375 9.01611328125 4079.465576171875
v -6762.60498046875 342.255126953125 4034.58837890625
v -6717.7275390625 342.255126953125 4021.295166015625
v -6704.4345703125 342.255126953125 4066.17236328125
v -6749.3115234375 342.255126953125 4079.465576171875
v -4955.48583984375 9.01611328125 2539.69580078125
v -4910.6083984375 9.01611328125 2526.402587890625
v -4897.3154296875 9.01611328125 2571.27978515625
v -4942.1923828125 9.01611328125 2584.572998046875
v -4955.48583984375 342.255126953125 2539.69580078125
v -4910.6083984375 342.255126953125 2526.402587890625
v -4897.3154296875 342.255126953125 2571.27978515625
v -4942.1923828125 342.255126953125 2584.572998046875
v -794.0986328125 9.262939453125 2248.09228515625
v -741.4911499023438 9.262939453125 2622.41357421875
v -897.2611083984375 9.262939453125 2644.3056640625
v -949.8685302734375 9.262939453125 2269.984375
v -794.0986328125 279.675048828125 2248.09228515625
v -741.4911499023438 279.675048828125 2622.41357421875
v -897.2611083984375 279.675048828125 2644.3056640625
v -949.8685302734375 279.675048828125 2269.984375
v -790.5565185546875 29.71337890625 2600.614990234375
v -790.5565185546875 29.71337890625 2600.614990234375
v -857.0398559570312 29.71337890625 2609.95849609375
v -857.0398559570312 29.71337890625 2609.95849609375
v -790.5565185546875 220.99072265625 2600.614990234375
v -790.5565185546875 220.99072265625 2600.614990234375
v -857.0398559570312 220.99072265625 2609.95849609375
v -857.0398559570312 220.99072265625 2609.95849609375
v -835.1669311523438 29.71337890625 2283.1953125
v -835.1669311523438 29.71337890625 2283.1953125
v -901.6502685546875 29.71337890625 2292.5390625
v -901.6502685546875 29.71337890625 2292.5390625
v -835.1669311523438 220.99072265625 2283.1953125
v -835.1669311523438 220.99072265625 2283.1953125
v -901.6502685546875 220.99072265625 2292.5390625
v -901.6502685546875 220.99072265625 2292.5390625
v -925.208740234375 29.71337890625 2329.36083984375
v -889.8125610351562 29.71337890625 2581.217529296875
v -889.8125610351562 29.71337890625 2581.217529296875
v -925.208740234375 29.71337890625 2329.36083984375
v -925.208740234375 220.99072265625 2329.36083984375
v -889.8125610351562 220.99072265625 2581.217529296875
v -889.8125610351562 220.99072265625 2581.217529296875
v -925.208740234375 220.99072265625 2329.36083984375
v 5880.6884765625 -3.2072689533233643 -1537.299560546875
v 6077.005859375 -3.2072677612304688 -1717.19140625
v 6220.67431640625 -3.207261562347412 -1560.40478515625
v 6024.35693359375 -3.2072625160217285 -1380.5130615234375
v 5880.6884765625 659.80712890625 -1537.2996826171875
v 6077.005859375 659.80712890625 -1717.19140625
v 6220.67431640625 659.80712890625 -1560.40478515625
v 6024.35693359375 659.80712890625 -1380.5130615234375
v 6035.20361328125 5.878173828125 -1406.81103515625
v 5917.64697265625 5.878173828125 -1568.6143798828125
v 6071.53076171875 5.878173828125 -1680.4176025390625
v 6189.087890625 5.878173828125 -1518.6141357421875
v 6035.20361328125 72.71533203125 -1406.81103515625
v 5917.64697265625 72.71533203125 -1568.6143798828125
v 6071.53076171875 72.71533203125 -1680.4176025390625
v 6189.087890625 72.71533203125 -1518.6141357421875
v 6870.48486328125 5.878173828125 2248.77685546875
v 6752.92822265625 5.878173828125 2086.973388671875
v 6906.81201171875 5.878173828125 1975.1702880859375
v 7024.369140625 5.878173828125 2136.9736328125
v 6870.48486328125 72.71533203125 2248.77685546875
v 6752.92822265625 72.71533203125 2086.973388671875
v 6906.81201171875 72.71533203125 1975.1702880859375
v 7024.369140625 72.71533203125 2136.9736328125
v 6715.9697265625 -3.2072689533233643 2118.286376953125
v 6912.287109375 -3.2072677612304688 1938.39453125
v 7055.95556640625 -3.207261562347412 2095.18115234375
v 6859.63818359375 -3.2072625160217285 2275.072998046875
v 6715.9697265625 659.80712890625 2118.286376953125
v 6912.287109375 659.80712890625 1938.39453125
v 7055.95556640625 659.80712890625 2095.18115234375
v 6859.63818359375 659.80712890625 2275.072998046875
v 7690.18701171875 9.085205078125 1613.4793701171875
v 8343.5390625 9.085205078125 1315.7296142578125
v 8626.7158203125 9.085205078125 1937.105224609375
v 7973.36376953125 9.085205078125 2234.85498046875
v 7690.18701171875 75.92236328125 1613.4793701171875
v 8343.5390625 75.92236328125 1315.7296142578125
v 8626.7158203125 75.92236328125 1937.105224609375
v 7973.36376953125 75.92236328125 2234.85498046875
v 8143.44140625 58.997802734375 1758.1334228515625
v 8306.6328125 58.997802734375 1605.95458984375
v 8464.2666015625 58.997802734375 1774.995849609375
v 8301.0751953125 58.997802734375 1927.1746826171875
v 8143.44140625 159.632568359375 1758.1334228515625
v 8306.6328125 159.632568359375 1605.95458984375
v 8464.2666015625 159.632568359375 1774.995849609375
v 8301.0751953125 159.632568359375 1927.1746826171875
v 7658.92578125 8.58447265625 1761.0423583984375
v 8111.06591796875 8.58447265625 1554.9901123046875
v 8306.47265625 8.58447265625 1983.770263671875
v 7854.33203125 8.58447265625 2189.822509765625
v 7658.92578125 665.876953125 1761.0423583984375
v 8111.06591796875 665.876953125 1554.9901123046875
v 8306.47265625 665.876953125 1983.770263671875
v 7854.33203125 665.876953125 2189.822509765625
v 7835.8935546875 8.58447265625 1606.7615966796875
v 8355.8623046875 8.58447265625 1369.79833984375
v 8588.4091796875 8.58447265625 1880.076904296875
v 8068.44091796875 8.58447265625 2117.0400390625
v 7835.8935546875 698.589111328125 1606.7615966796875
v 8355.8623046875 698.589111328125 1369.79833984375
v 8588.4091796875 698.589111328125 1880.076904296875
v 8068.44091796875 698.589111328125 2117.0400390625
v 7916.099609375 58.167724609375 1644.3677978515625
v 8079.29150390625 58.167724609375 1492.18896484375
v 8236.9248046875 58.167724609375 1661.230224609375
v 8073.73291015625 58.167724609375 1813.4090576171875
v 7916.099609375 158.802490234375 1644.3677978515625
v 8079.29150390625 158.802490234375 1492.18896484375
v 8236.9248046875 158.802490234375 1661.230224609375
v 8073.73291015625 158.802490234375 1813.4090576171875
v 7941.587890625 59.150634765625 1906.8443603515625
v 8104.77978515625 59.150634765625 1754.66552734375
v 8262.4130859375 59.150634765625 1923.706787109375
v 8099.22119140625 59.150634765625 2075.8857421875
v 7941.587890625 159.785400390625 1906.8443603515625
v 8104.77978515625 159.785400390625 1754.66552734375
v 8262.4130859375 159.785400390625 1923.706787109375
v 8099.22119140625 159.785400390625 2075.8857421875
v -1301.838623046875 11.8388671875 541.0558471679688
v -1341.540771484375 11.8388671875 653.1712036132812
v -1536.115234375 11.8388671875 584.2687377929688
v -1496.4129638671875 11.8388671875 472.1533203125
v -1301.838623046875 167.385009765625 541.0558471679688
v -1341.540771484375 167.385009765625 653.1712036132812
v -1536.115234375 167.385009765625 584.2687377929688
v -1496.4129638671875 167.385009765625 472.1533203125
v 1942.893798828125 11.8388671875 3017.833251953125
v 1903.191650390625 11.8388671875 3129.948486328125
v 1708.6171875 11.8388671875 3061.046142578125
v 1748.3194580078125 11.8388671875 2948.9306640625
v 1942.893798828125 167.385009765625 3017.833251953125
v 1903.191650390625 167.385009765625 3129.948486328125
v 1708.6171875 167.385009765625 3061.046142578125
v 1748.3194580078125 167.385009765625 2948.9306640625
v 1736.1903076171875 11.8388671875 3102.994873046875
v 1680.3524169921875 11.8388671875 3208.010498046875
v 1498.0997314453125 11.8388671875 3111.10498046875
v 1553.9375 11.8388671875 3006.08935546875
v 1736.1903076171875 167.385009765625 3102.994873046875
v 1680.3524169921875 167.385009765625 3208.010498046875
v 1498.0997314453125 167.385009765625 3111.10498046875
v 1553.9375 167.385009765625 3006.08935546875
v 5540.34228515625 11.8388671875 -1336.9854736328125
v 5484.50439453125 11.8388671875 -1231.969970703125
v 5302.251953125 11.8388671875 -1328.8756103515625
v 5358.08984375 11.8388671875 -1433.89111328125
v 5540.34228515625 167.385009765625 -1336.9854736328125
v 5484.50439453125 167.385009765625 -1231.969970703125
v 5302.251953125 167.385009765625 -1328.8756103515625
v 5358.08984375 167.385009765625 -1433.89111328125
v -4171.39208984375 10.9931640625 -1556.625732421875
v -4170.98388671875 10.9931640625 -1603.4285888671875
v -4124.1806640625 10.9931640625 -1603.0201416015625
v -4124.58935546875 10.9931640625 -1556.21728515625
v -4171.39208984375 344.232177734375 -1556.625732421875
v -4170.98388671875 344.232177734375 -1603.4285888671875
v -4124.1806640625 344.232177734375 -1603.0201416015625
v -4124.58935546875 344.232177734375 -1556.21728515625
v -2172.41015625 8.793484687805176 6150.568359375
v -2309.5087890625 8.793484687805176 6013.4697265625
v -2283.819580078125 8.793571472167969 5987.78076171875
v -2146.720947265625 8.793571472167969 6124.87939453125
v -2172.411376953125 740.09033203125 6150.56982421875
v -2309.510009765625 740.09033203125 6013.47119140625
v -2283.82080078125 740.0904541015625 5987.78173828125
v -2146.72216796875 740.0904541015625 6124.88037109375
v -1371.4031982421875 8.793484687805176 4352.578125
v -1214.5455322265625 8.793484687805176 4466.54150390625
v -1235.89990234375 8.793571472167969 4495.93359375
v -1392.757568359375 8.793571472167969 4381.9697265625
v -1371.4022216796875 740.09033203125 4352.57666015625
v -1214.5445556640625 740.09033203125 4466.54052734375
v -1235.8988037109375 740.0904541015625 4495.93212890625
v -1392.7564697265625 740.0904541015625 4381.96826171875
v -1288.0860595703125 8.793484687805176 2764.273193359375
v -1099.9586181640625 8.793484687805176 2717.36767578125
v -1091.1695556640625 8.793571472167969 2752.61865234375
v -1279.2969970703125 8.793571472167969 2799.52392578125
v -1288.0865478515625 740.09033203125 2764.271484375
v -1099.958984375 740.09033203125 2717.365966796875
v -1091.1700439453125 740.0904541015625 2752.616943359375
v -1279.2974853515625 740.0904541015625 2799.522216796875
v -1574.1090087890625 8.793484687805176 859.0363159179688
v -1388.2066650390625 8.793484687805176 803.9695434570312
v -1377.8883056640625 8.793571472167969 838.8035278320312
v -1563.790771484375 8.793571472167969 893.8703002929688
v -1574.1094970703125 740.09033203125 859.0346069335938
v -1388.2071533203125 740.09033203125 803.9678344726562
v -1377.8887939453125 740.0904541015625 838.8018188476562
v -1563.791259765625 740.0904541015625 893.8685913085938
v -1055.432373046875 8.793484687805176 -110.69474792480469
v -1129.629638671875 8.793484687805176 68.43321990966797
v -1163.1942138671875 8.793571472167969 54.530296325683594
v -1088.9969482421875 8.793571472167969 -124.59767150878906
v -1055.4306640625 740.09033203125 -110.69407653808594
v -1129.6279296875 740.09033203125 68.43389129638672
v -1163.192626953125 740.0904541015625 54.530967712402344
v -1088.995361328125 740.0904541015625 -124.59699249267578
v -4737.41943359375 9.01611328125 2933.02392578125
v -4692.5419921875 9.01611328125 2919.730712890625
v -4679.2490234375 9.01611328125 2964.60791015625
v -4724.1259765625 9.01611328125 2977.901123046875
v -4737.41943359375 342.255126953125 2933.02392578125
v -4692.5419921875 342.255126953125 2919.730712890625
v -4679.2490234375 342.255126953125 2964.60791015625
v -4724.1259765625 342.255126953125 2977.901123046875
v -3614.48193359375 9.01611328125 2653.76220703125
v -3569.604736328125 9.01611328125 2640.468994140625
v -3556.3115234375 9.01611328125 2685.34619140625
v -3601.188720703125 9.01611328125 2698.639404296875
v -3614.48193359375 342.255126953125 2653.76220703125
v -3569.604736328125 342.255126953125 2640.468994140625
v -3556.3115234375 342.255126953125 2685.34619140625
v -3601.188720703125 342.255126953125 2698.639404296875
v -2249.26123046875 9.01611328125 3542.71923828125
v -2204.384033203125 9.01611328125 3529.426025390625
v -2191.0908203125 9.01611328125 3574.30322265625
v -2235.968017578125 9.01611328125 3587.596435546875
v -2249.26123046875 342.255126953125 3542.71923828125
v -2204.384033203125 342.255126953125 3529.426025390625
v -2191.0908203125 342.255126953125 3574.30322265625
v -2235.968017578125 342.255126953125 3587.596435546875
v -2017.82177734375 9.01611328125 4871.71728515625
v -1972.944580078125 9.01611328125 4858.423828125
v -1959.6512451171875 9.01611328125 4903.30126953125
v -2004.528564453125 9.01611328125 4916.5947265625
v -2017.82177734375 342.255126953125 4871.71728515625
v -1972.944580078125 342.255126953125 4858.423828125
v -1959.6512451171875 342.255126953125 4903.30126953125
v -2004.528564453125 342.255126953125 4916.5947265625
v -2486.59326171875 9.01611328125 2418.00439453125
v -2441.716064453125 9.01611328125 2404.711181640625
v -2428.4228515625 9.01611328125 2449.58837890625
v -2473.300048828125 9.01611328125 2462.881591796875
v -2486.59326171875 342.255126953125 2418.00439453125
v -2441.716064453125 342.255126953125 2404.711181640625
v -2428.4228515625 342.255126953125 2449.58837890625
v -2473.300048828125 342.255126953125 2462.881591796875
v -3335.33056640625 8.793484687805176 1110.30615234375
v -3171.808349609375 8.793484687805176 1214.4814453125
v -3191.328369140625 8.793571472167969 1245.1219482421875
v -3354.850830078125 8.793571472167969 1140.9466552734375
v -3335.32958984375 740.09033203125 1110.3046875
v -3171.807373046875 740.09033203125 1214.47998046875
v -3191.327392578125 740.0904541015625 1245.1204833984375
v -3354.849853515625 740.0904541015625 1140.9451904296875
v 4314.0693359375 8.793484687805176 -5819.07177734375
v 4244.58642578125 8.793484687805176 -5638.06298828125
v 4210.66943359375 8.793571472167969 -5651.08251953125
v 4280.15234375 8.793571472167969 -5832.091796875
v 4314.0712890625 740.09033203125 -5819.0712890625
v 4244.58837890625 740.09033203125 -5638.0625
v 4210.67138671875 740.0904541015625 -5651.08203125
v 4280.15380859375 740.0904541015625 -5832.0908203125
v 2894.558837890625 8.793484687805176 -5565.853515625
v 2852.59423828125 8.793484687805176 -5376.56298828125
v 2817.125244140625 8.793571472167969 -5384.42626953125
v 2859.090087890625 8.793571472167969 -5573.716796875
v 2894.560546875 740.09033203125 -5565.85302734375
v 2852.595947265625 740.09033203125 -5376.5625
v 2817.126953125 740.0904541015625 -5384.42578125
v 2859.091796875 740.0904541015625 -5573.71630859375
v -630.1988525390625 8.793484687805176 -6954.9765625
v -583.29345703125 8.793484687805176 -6766.84912109375
v -618.5443725585938 8.793571472167969 -6758.06005859375
v -665.4497680664062 8.793571472167969 -6946.1875
v -630.1971435546875 740.09033203125 -6954.97705078125
v -583.291748046875 740.09033203125 -6766.849609375
v -618.5426635742188 740.0904541015625 -6758.060546875
v -665.4480590820312 740.0904541015625 -6946.18798828125
v -3117.446044921875 8.793484687805176 -6287.3525390625
v -2957.658935546875 8.793484687805176 -6177.5341796875
v -2978.236572265625 8.793571472167969 -6147.59326171875
v -3138.023681640625 8.793571472167969 -6257.412109375
v -3117.445068359375 740.09033203125 -6287.35400390625
v -2957.657958984375 740.09033203125 -6177.53515625
v -2978.235595703125 740.0904541015625 -6147.5947265625
v -3138.022705078125 740.0904541015625 -6257.41357421875
v -3350.661865234375 8.793484687805176 -3605.890869140625
v -3165.748779296875 8.793484687805176 -3664.19384765625
v -3154.82421875 8.793571472167969 -3629.545166015625
v -3339.7373046875 8.793571472167969 -3571.242431640625
v -3350.662353515625 740.09033203125 -3605.892578125
v -3165.74951171875 740.09033203125 -3664.195556640625
v -3154.82470703125 740.0904541015625 -3629.546875
v -3339.73779296875 740.0904541015625 -3571.243896484375
v -1991.9019775390625 8.793484687805176 -2278.332275390625
v -1858.439208984375 8.793484687805176 -2418.97265625
v -1832.0863037109375 8.793571472167969 -2393.964599609375
v -1965.549072265625 8.793571472167969 -2253.32421875
v -1991.9033203125 740.09033203125 -2278.333251953125
v -1858.4404296875 740.09033203125 -2418.973876953125
v -1832.0875244140625 740.0904541015625 -2393.9658203125
v -1965.5504150390625 740.0904541015625 -2253.325439453125
v -747.7382202148438 8.793484687805176 -1109.3148193359375
v -684.6148681640625 8.793484687805176 -1292.6383056640625
v -650.2640991210938 8.793571472167969 -1280.8104248046875
v -713.3875122070312 8.793571472167969 -1097.4869384765625
v -747.7399291992188 740.09033203125 -1109.3154296875
v -684.6165161132812 740.09033203125 -1292.638916015625
v -650.2657470703125 740.0904541015625 -1280.8109130859375
v -713.38916015625 740.0904541015625 -1097.4874267578125
v 2341.64404296875 8.793484687805176 -1869.2930908203125
v 2288.20166015625 8.793484687805176 -2055.6689453125
v 2323.124267578125 8.793571472167969 -2065.682861328125
v 2376.56689453125 8.793571472167969 -1879.3070068359375
v 2341.642333984375 740.09033203125 -1869.2926025390625
v 2288.199951171875 740.09033203125 -2055.66845703125
v 2323.122802734375 740.0904541015625 -2065.682373046875
v 2376.565185546875 740.0904541015625 -1879.306640625
v 5367.95703125 8.793484687805176 -2695.317138671875
v 5200.8984375 8.793484687805176 -2793.72216796875
v 5219.33740234375 8.793571472167969 -2825.025146484375
v 5386.3955078125 8.793571472167969 -2726.6201171875
v 5367.9560546875 740.09033203125 -2695.315673828125
v 5200.8974609375 740.09033203125 -2793.720703125
v 5219.33642578125 740.0904541015625 -2825.023681640625
v 5386.39501953125 740.0904541015625 -2726.61865234375
v 9203.28515625 8.793484687805176 8230.72265625
v 9264.806640625 8.793484687805176 8046.85498046875
v 9299.2587890625 8.793571472167969 8058.38232421875
v 9237.73828125 8.793571472167969 8242.25
v 9203.283203125 740.09033203125 8230.7216796875
v 9264.8046875 740.09033203125 8046.8544921875
v 9299.2568359375 740.0904541015625 8058.3818359375
v 9237.736328125 740.0904541015625 8242.2490234375
v 11188.9453125 8.793484687805176 9053.994140625
v 11153.6123046875 8.793484687805176 8863.353515625
v 11189.333984375 8.793571472167969 8856.7333984375
v 11224.6669921875 8.793571472167969 9047.373046875
v 11188.943359375 740.09033203125 9053.994140625
v 11153.6103515625 740.09033203125 8863.3544921875
v 11189.33203125 740.0904541015625 8856.7333984375
v 11224.6650390625 740.0904541015625 9047.373046875
v 11986.076171875 8.793484687805176 5846.15234375
v 11792.255859375 8.793484687805176 5841.0771484375
v 11793.20703125 8.793571472167969 5804.75927734375
v 11987.02734375 8.793571472167969 5809.8349609375
v 11986.076171875 740.09033203125 5846.154296875
v 11792.255859375 740.09033203125 5841.07861328125
v 11793.20703125 740.0904541015625 5804.76123046875
v 11987.02734375 740.0904541015625 5809.83642578125
v 10259.4619140625 8.793484687805176 3055.01513671875
v 10229.130859375 8.793484687805176 3246.514892578125
v 10193.248046875 8.793571472167969 3240.83154296875
v 10223.5791015625 8.793571472167969 3049.33203125
v 10259.462890625 740.09033203125 3055.015380859375
v 10229.1328125 740.09033203125 3246.51513671875
v 10193.25 740.0904541015625 3240.831787109375
v 10223.580078125 740.0904541015625 3049.332275390625
v 7590.12451171875 8.793484687805176 3211.39794921875
v 7620.455078125 8.793484687805176 3402.8974609375
v 7584.572265625 8.793571472167969 3408.580810546875
v 7554.24169921875 8.793571472167969 3217.081298828125
v 7590.12646484375 740.09033203125 3211.397705078125
v 7620.45703125 740.09033203125 3402.897216796875
v 7584.57421875 740.0904541015625 3408.58056640625
v 7554.24365234375 740.0904541015625 3217.080810546875
v 205.54681396484375 8.793484687805176 5975.58349609375
v 397.04644775390625 8.793484687805176 5945.2529296875
v 402.729736328125 8.793571472167969 5981.1357421875
v 211.23007202148438 8.793571472167969 6011.46630859375
v 205.54652404785156 740.09033203125 5975.58203125
v 397.0461730957031 740.09033203125 5945.25146484375
v 402.7294616699219 740.0904541015625 5981.13427734375
v 211.22979736328125 740.0904541015625 6011.46484375
v 396.29876708984375 8.793484687805176 7396.99365234375
v 532.19580078125 8.793484687805176 7258.7041015625
v 558.1082153320312 8.793571472167969 7284.16796875
v 422.211181640625 8.793571472167969 7422.45751953125
v 396.2975158691406 740.09033203125 7396.9921875
v 532.1945190429688 740.09033203125 7258.70263671875
v 558.1069946289062 740.0904541015625 7284.1669921875
v 422.2099304199219 740.0904541015625 7422.45654296875
v 2886.425048828125 8.793484687805176 7487.3564453125
v 2884.733154296875 8.793484687805176 7293.47705078125
v 2921.06201171875 8.793571472167969 7293.16015625
v 2922.75390625 8.793571472167969 7487.03955078125
v 2886.42333984375 740.09033203125 7487.3564453125
v 2884.7314453125 740.09033203125 7293.4775390625
v 2921.06005859375 740.0904541015625 7293.16015625
v 2922.751953125 740.0904541015625 7487.03955078125
v 5117.84130859375 8.793484687805176 7496.3447265625
v 5116.1494140625 8.793484687805176 7302.46533203125
v 5152.47802734375 8.793571472167969 7302.1484375
v 5154.169921875 8.793571472167969 7496.02783203125
v 5117.83935546875 740.09033203125 7496.3447265625
v 5116.1474609375 740.09033203125 7302.4658203125
v 5152.47607421875 740.0904541015625 7302.1484375
v 5154.16796875 740.0904541015625 7496.02783203125
v 6006.19921875 8.793484687805176 6104.5888671875
v 5816.908203125 8.793484687805176 6146.5537109375
v 5809.044921875 8.793571472167969 6111.08447265625
v 5998.3359375 8.793571472167969 6069.1201171875
v 6006.19921875 740.09033203125 6104.5908203125
v 5816.90869140625 740.09033203125 6146.55517578125
v 5809.04541015625 740.0904541015625 6111.08642578125
v 5998.3359375 740.0904541015625 6069.12158203125
v 5638.443359375 8.793484687805176 4694.0146484375
v 5449.15234375 8.793484687805176 4735.9794921875
v 5441.2890625 8.793571472167969 4700.51025390625
v 5630.580078125 8.793571472167969 4658.5458984375
v 5638.443359375 740.09033203125 4694.0166015625
v 5449.15283203125 740.09033203125 4735.98095703125
v 5441.28955078125 740.0904541015625 4700.51220703125
v 5630.580078125 740.0904541015625 4658.54736328125
v 5295.724609375 8.793484687805176 3605.701171875
v 5207.70166015625 8.793484687805176 3778.45556640625
v 5175.33154296875 8.793571472167969 3761.962158203125
v 5263.3544921875 8.793571472167969 3589.207763671875
v 5295.72607421875 740.09033203125 3605.7021484375
v 5207.70361328125 740.09033203125 3778.456298828125
v 5175.3330078125 740.0904541015625 3761.962890625
v 5263.35595703125 740.0904541015625 3589.20849609375
v 3670.4921875 8.793484687805176 3839.441162109375
v 3704.16015625 8.793484687805176 4030.38232421875
v 3668.382080078125 8.793571472167969 4036.69091796875
v 3634.7138671875 8.793571472167969 3845.75
v 3670.493896484375 740.09033203125 3839.44091796875
v 3704.161865234375 740.09033203125 4030.382080078125
v 3668.3837890625 740.0904541015625 4036.690673828125
v 3634.715576171875 740.0904541015625 3845.74951171875
v 1638.0330810546875 8.793484687805176 4200.65234375
v 1671.701171875 8.793484687805176 4391.59326171875
v 1635.9229736328125 8.793571472167969 4397.90185546875
v 1602.2548828125 8.793571472167969 4206.9609375
v 1638.0347900390625 740.09033203125 4200.65185546875
v 1671.702880859375 740.09033203125 4391.59326171875
v 1635.9246826171875 740.0904541015625 4397.90185546875
v 1602.2567138671875 740.0904541015625 4206.96044921875
v 76.1885986328125 8.793484687805176 4523.85546875
v 236.92796325683594 8.793484687805176 4632.275390625
v 216.6124267578125 8.793571472167969 4662.39453125
v 55.873077392578125 8.793571472167969 4553.97412109375
v 76.18958282470703 740.09033203125 4523.85400390625
v 236.92893981933594 740.09033203125 4632.27392578125
v 216.61341857910156 740.0904541015625 4662.39306640625
v 55.87405776977539 740.0904541015625 4553.97265625
v 4684.4404296875 7.681640625 34.2526969909668
v 4750.52490234375 7.681640625 299.3026123046875
v 4384.32177734375 7.681640625 390.6072998046875
v 4318.2373046875 7.681640625 125.55738067626953
v 4684.4404296875 318.2001953125 34.2526969909668
v 4750.52490234375 318.2001953125 299.3026123046875
v 4384.32177734375 318.2001953125 390.6072998046875
v 4318.2373046875 318.2001953125 125.55738067626953
v 4143.07080078125 17.208740234375 1019.2788696289062
v 4025.513916015625 17.208740234375 857.4754638671875
v 4179.39794921875 17.208740234375 745.6722412109375
v 4296.955078125 17.208740234375 907.4756469726562
v 4143.07080078125 84.0458984375 1019.2788696289062
v 4025.513916015625 84.0458984375 857.4754638671875
v 4179.39794921875 84.0458984375 745.6722412109375
v 4296.955078125 84.0458984375 907.4756469726562
v 4111.04248046875 16.7080078125 1216.336181640625
v 3818.984375 16.7080078125 814.3526611328125
v 4200.19873046875 16.7080078125 537.3840942382812
v 4492.2568359375 16.7080078125 939.3675537109375
v 4111.04248046875 674.00048828125 1216.336181640625
v 3818.984375 674.00048828125 814.3526611328125
v 4200.19873046875 674.00048828125 537.3840942382812
v 4492.2568359375 674.00048828125 939.3675537109375
v 3898.168701171875 17.208740234375 38.44290542602539
v 3780.611572265625 17.208740234375 -123.36048126220703
v 3934.495361328125 17.208740234375 -235.16368103027344
v 4052.052490234375 17.208740234375 -73.36029052734375
v 3898.168701171875 84.0458984375 38.44290542602539
v 3780.611572265625 84.0458984375 -123.36048126220703
v 3934.495361328125 84.0458984375 -235.16368103027344
v 4052.052490234375 84.0458984375 -73.36029052734375
v 3743.6533203125 8.123297691345215 -92.04570770263672
v 3939.970703125 8.123298645019531 -271.93743896484375
v 4083.63916015625 8.12330436706543 -115.15084838867188
v 3887.322021484375 8.123303413391113 64.74089813232422
v 3743.6533203125 671.1376953125 -92.04571533203125
v 3939.970703125 671.1376953125 -271.9374694824219
v 4083.63916015625 671.1376953125 -115.1508560180664
v 3887.32177734375 671.1376953125 64.74089050292969
v 4365.82080078125 17.208740234375 2097.58544921875
v 4248.26416015625 17.208740234375 1935.7821044921875
v 4402.14794921875 17.208740234375 1823.9788818359375
v 4519.705078125 17.208740234375 1985.7823486328125
v 4365.82080078125 84.0458984375 2097.58544921875
v 4248.26416015625 84.0458984375 1935.7821044921875
v 4402.14794921875 84.0458984375 1823.9788818359375
v 4519.705078125 84.0458984375 1985.7823486328125
v 4211.3056640625 8.123297691345215 1967.094970703125
v 4407.623046875 8.123298645019531 1787.203125
v 4551.29150390625 8.12330436706543 1943.98974609375
v 4354.97412109375 8.123303413391113 2123.881591796875
v 4211.3056640625 671.1376953125 1967.0948486328125
v 4407.623046875 671.1376953125 1787.203125
v 4551.29150390625 671.1376953125 1943.98974609375
v 4354.97412109375 671.1376953125 2123.881591796875
v 1704.5673828125 1.35980224609375 1013.7808837890625
v 2167.182861328125 1.35980224609375 911.2214965820312
v 2317.6162109375 1.35980224609375 1589.781494140625
v 1855.0006103515625 1.35980224609375 1692.3409423828125
v 1704.5673828125 449.9263916015625 1013.7808837890625
v 2167.182861328125 449.9263916015625 911.2214965820312
v 2317.6162109375 449.9263916015625 1589.781494140625
v 1855.0006103515625 449.9263916015625 1692.3409423828125
v 1704.5673828125 2821.69873046875 1013.7808837890625
v 2167.182861328125 2821.69873046875 911.2214965820312
v 2317.6162109375 2821.69873046875 1589.781494140625
v 1855.0006103515625 2821.69873046875 1692.3409423828125
v 1704.5673828125 3270.26513671875 1013.7808837890625
v 2167.182861328125 3270.26513671875 911.2214965820312
v 2317.6162109375 3270.26513671875 1589.781494140625
v 1855.0006103515625 3270.26513671875 1692.3409423828125
v 1704.5673828125 2350.316162109375 1013.7808837890625
v 2167.182861328125 2350.316162109375 911.2214965820312
v 2317.6162109375 2350.316162109375 1589.781494140625
v 1855.0006103515625 2350.316162109375 1692.3409423828125
v 1704.5673828125 2798.882568359375 1013.7808837890625
v 2167.182861328125 2798.882568359375 911.2214965820312
v 2317.6162109375 2798.882568359375 1589.781494140625
v 1855.0006103515625 2798.882568359375 1692.3409423828125
v 1704.5673828125 1879.8543701171875 1013.7808837890625
v 2167.182861328125 1879.8543701171875 911.2214965820312
v 2317.6162109375 1879.8543701171875 1589.781494140625
v 1855.0006103515625 1879.8543701171875 1692.3409423828125
v 1704.5673828125 2328.4208984375 1013.7808837890625
v 2167.182861328125 2328.4208984375 911.2214965820312
v 2317.6162109375 2328.4208984375 1589.781494140625
v 1855.0006103515625 2328.4208984375 1692.3409423828125
v 1704.5673828125 1407.3826904296875 1013.7808837890625
v 2167.182861328125 1407.3826904296875 911.2214965820312
v 2317.6162109375 1407.3826904296875 1589.781494140625
v 1855.0006103515625 1407.3826904296875 1692.3409423828125
v 1704.5673828125 1855.94921875 1013.7808837890625
v 2167.182861328125 1855.94921875 911.2214965820312
v 2317.6162109375 1855.94921875 1589.781494140625
v 1855.0006103515625 1855.94921875 1692.3409423828125
v 1704.5673828125 935.972900390625 1013.7808837890625
v 2167.182861328125 935.972900390625 911.2214965820312
v 2317.6162109375 935.972900390625 1589.781494140625
v 1855.0006103515625 935.972900390625 1692.3409423828125
v 1704.5673828125 1384.53955078125 1013.7808837890625
v 2167.182861328125 1384.53955078125 911.2214965820312
v 2317.6162109375 1384.53955078125 1589.781494140625
v 1855.0006103515625 1384.53955078125 1692.3409423828125
v 1704.5673828125 464.55792236328125 1013.7808837890625
v 2167.182861328125 464.55792236328125 911.2214965820312
v 2317.6162109375 464.55792236328125 1589.781494140625
v 1855.0006103515625 464.55792236328125 1692.3409423828125
v 1704.5673828125 913.12451171875 1013.7808837890625
v 2167.182861328125 913.12451171875 911.2214965820312
v 2317.6162109375 913.12451171875 1589.781494140625
v 1855.0006103515625 913.12451171875 1692.3409423828125
v 537.7494506835938 3240.42919921875 414.4634704589844
v 2911.18603515625 3240.42919921875 -111.71478271484375
v 3408.34619140625 3240.42919921875 2130.82958984375
v 1034.9095458984375 3240.42919921875 2657.0078125
v 537.7494506835938 3293.6435546875 414.4634704589844
v 2911.18603515625 3293.6435546875 -111.71478271484375
v 3408.34619140625 3293.6435546875 2130.82958984375
v 1034.9095458984375 3293.6435546875 2657.0078125
v 537.7494506835938 2769.000732421875 414.4634704589844
v 2911.18603515625 2769.000732421875 -111.71478271484375
v 3408.34619140625 2769.000732421875 2130.82958984375
v 1034.9095458984375 2769.000732421875 2657.0078125
v 537.7494506835938 2822.215087890625 414.4634704589844
v 2911.18603515625 2822.215087890625 -111.71478271484375
v 3408.34619140625 2822.215087890625 2130.82958984375
v 1034.9095458984375 2822.215087890625 2657.0078125
v 537.7494506835938 2297.572265625 414.4634704589844
v 2911.18603515625 2297.572265625 -111.71478271484375
v 3408.34619140625 2297.572265625 2130.82958984375
v 1034.9095458984375 2297.572265625 2657.0078125
v 537.7494506835938 2350.78662109375 414.4634704589844
v 2911.18603515625 2350.78662109375 -111.71478271484375
v 3408.34619140625 2350.78662109375 2130.82958984375
v 1034.9095458984375 2350.78662109375 2657.0078125
v 537.7494506835938 1826.143798828125 414.4634704589844
v 2911.18603515625 1826.143798828125 -111.71478271484375
v 3408.34619140625 1826.143798828125 2130.82958984375
v 1034.9095458984375 1826.143798828125 2657.0078125
v 537.7494506835938 1879.3580322265625 414.4634704589844
v 2911.18603515625 1879.3580322265625 -111.71478271484375
v 3408.34619140625 1879.3580322265625 2130.82958984375
v 1034.9095458984375 1879.3580322265625 2657.0078125
v 537.7494506835938 1354.715087890625 414.4634704589844
v 2911.18603515625 1354.715087890625 -111.71478271484375
v 3408.34619140625 1354.715087890625 2130.82958984375
v 1034.9095458984375 1354.715087890625 2657.0078125
v 537.7494506835938 1407.929443359375 414.4634704589844
v 2911.18603515625 1407.929443359375 -111.71478271484375
v 3408.34619140625 1407.929443359375 2130.82958984375
v 1034.9095458984375 1407.929443359375 2657.0078125
v 537.7494506835938 883.2865600585938 414.4634704589844
v 2911.18603515625 883.2865600585938 -111.71478271484375
v 3408.34619140625 883.2865600585938 2130.82958984375
v 1034.9095458984375 883.2865600585938 2657.0078125
v 537.7494506835938 936.5008544921875 414.4634704589844
v 2911.18603515625 936.5008544921875 -111.71478271484375
v 3408.34619140625 936.5008544921875 2130.82958984375
v 1034.9095458984375 936.5008544921875 2657.0078125
v 537.7494506835938 411.85797119140625 414.4634704589844
v 2911.18603515625 411.85797119140625 -111.71478271484375
v 3408.34619140625 411.85797119140625 2130.82958984375
v 1034.9095458984375 411.85797119140625 2657.0078125
v 537.7494506835938 465.0722961425781 414.4634704589844
v 2911.18603515625 465.0722961425781 -111.71478271484375
v 3408.34619140625 465.0722961425781 2130.82958984375
v 1034.9095458984375 465.0722961425781 2657.0078125
v 1540.1424560546875 0.0000013817590343023767 1064.9935302734375
v 1527.6312255859375 0.0000013817588069287012 1008.55908203125
v 1584.8970947265625 0.0000013817586932418635 995.863525390625
v 1597.4083251953125 0.0000013817588069287012 1052.2979736328125
v 1540.1424560546875 3798.47216796875 1064.9935302734375
v 1527.6312255859375 3798.47216796875 1008.55908203125
v 1584.8970947265625 3798.47216796875 995.863525390625
v 1597.4083251953125 3798.47216796875 1052.2979736328125
v 2275.869140625 0.0000013817590343023767 901.8880615234375
v 2263.35791015625 0.0000013817588069287012 845.45361328125
v 2320.623779296875 0.0000013817586932418635 832.758056640625
v 2333.135009765625 0.0000013817588069287012 889.1925659179688
v 2275.869140625 3798.47216796875 901.8880615234375
v 2263.35791015625 3798.47216796875 845.45361328125
v 2320.623779296875 3798.47216796875 832.758056640625
v 2333.135009765625 3798.47216796875 889.1925659179688
v 2443.267578125 0.0000013817590343023767 1656.9700927734375
v 2430.75634765625 0.0000013817588069287012 1600.53564453125
v 2488.022216796875 0.0000013817586932418635 1587.840087890625
v 2500.533447265625 0.0000013817588069287012 1644.2745361328125
v 2443.267578125 3798.47216796875 1656.9700927734375
v 2430.75634765625 3798.47216796875 1600.53564453125
v 2488.022216796875 3798.47216796875 1587.840087890625
v 2500.533447265625 3798.47216796875 1644.2745361328125
v 1707.5408935546875 0.0000013817590343023767 1820.0755615234375
v 1695.0296630859375 0.0000013817588069287012 1763.64111328125
v 1752.2955322265625 0.0000013817586932418635 1750.945556640625
v 1764.8067626953125 0.0000013817588069287012 1807.3800048828125
v 1707.5408935546875 3798.47216796875 1820.0755615234375
v 1695.0296630859375 3798.47216796875 1763.64111328125
v 1752.2955322265625 3798.47216796875 1750.945556640625
v 1764.8067626953125 3798.47216796875 1807.3800048828125
v 2815.2333984375 -0.00009845007298281416 -25.368480682373047
v 2871.667724609375 -0.00009845007298281416 -37.879703521728516
v 2884.36328125 -0.00009845007298281416 19.386157989501953
v 2827.928955078125 -0.00009845007298281416 31.897382736206055
v 2815.2333984375 3798.471923828125 -25.368480682373047
v 2871.667724609375 3798.471923828125 -37.879703521728516
v 2884.36328125 3798.471923828125 19.386157989501953
v 2827.928955078125 3798.471923828125 31.897382736206055
v 599.8388061523438 -0.00009845007298281416 465.77215576171875
v 656.2732543945312 -0.00009845007298281416 453.26092529296875
v 668.9688110351562 -0.00009845007298281416 510.52679443359375
v 612.5343017578125 -0.00009845007298281416 523.0380249023438
v 599.8388061523438 3798.471923828125 465.77215576171875
v 656.2732543945312 3798.471923828125 453.26092529296875
v 668.9688110351562 3798.471923828125 510.52679443359375
v 612.5343017578125 3798.471923828125 523.0380249023438
v 1058.6512451171875 0.000001381762558594346 2535.342529296875
v 1115.0858154296875 0.000001381762558594346 2522.831298828125
v 1127.78125 0.000001381762558594346 2580.09716796875
v 1071.3468017578125 0.000001381762558594346 2592.6083984375
v 1058.6512451171875 3798.47216796875 2535.342529296875
v 1115.0858154296875 3798.47216796875 2522.831298828125
v 1127.78125 3798.47216796875 2580.09716796875
v 1071.3468017578125 3798.47216796875 2592.6083984375
v 3274.0458984375 0.000001381762558594346 2044.2017822265625
v 3330.480224609375 0.000001381762558594346 2031.6905517578125
v 3343.17578125 0.000001381762558594346 2088.95654296875
v 3286.741455078125 0.000001381762558594346 2101.4677734375
v 3274.0458984375 3798.47216796875 2044.2017822265625
v 3330.480224609375 3798.47216796875 2031.6905517578125
v 3343.17578125 3798.47216796875 2088.95654296875
v 3286.741455078125 3798.47216796875 2101.4677734375
v 6794.25732421875 9.085205078125 -1860.6221923828125
v 7447.609375 9.085205078125 -2158.371826171875
v 7730.78662109375 9.085205078125 -1536.996337890625
v 7077.43408203125 9.085205078125 -1239.24658203125
v 6794.25732421875 75.92236328125 -1860.6221923828125
v 7447.609375 75.92236328125 -2158.371826171875
v 7730.78662109375 75.92236328125 -1536.996337890625
v 7077.43408203125 75.92236328125 -1239.24658203125
v 7247.5078125 58.997802734375 -1715.9642333984375
v 7410.69970703125 58.997802734375 -1868.14306640625
v 7568.3330078125 58.997802734375 -1699.101806640625
v 7405.14111328125 58.997802734375 -1546.9229736328125
v 7247.5078125 159.632568359375 -1715.9642333984375
v 7410.69970703125 159.632568359375 -1868.14306640625
v 7568.3330078125 159.632568359375 -1699.101806640625
v 7405.14111328125 159.632568359375 -1546.9229736328125
v 6762.9921875 8.58447265625 -1713.0552978515625
v 7215.13232421875 8.58447265625 -1919.1075439453125
v 7410.5390625 8.58447265625 -1490.327392578125
v 6958.3984375 8.58447265625 -1284.275146484375
v 6762.9921875 665.876953125 -1713.0552978515625
v 7215.13232421875 665.876953125 -1919.1075439453125
v 7410.5390625 665.876953125 -1490.327392578125
v 6958.3984375 665.876953125 -1284.275146484375
v 6939.9638671875 8.58447265625 -1867.3399658203125
v 7459.93212890625 8.58447265625 -2104.30322265625
v 7692.4794921875 8.58447265625 -1594.024658203125
v 7172.51123046875 8.58447265625 -1357.0614013671875
v 6939.9638671875 698.589111328125 -1867.3399658203125
v 7459.93212890625 698.589111328125 -2104.30322265625
v 7692.4794921875 698.589111328125 -1594.024658203125
v 7172.51123046875 698.589111328125 -1357.0614013671875
v 7045.654296875 59.150634765625 -1567.2532958984375
v 7208.84619140625 59.150634765625 -1719.43212890625
v 7366.4794921875 59.150634765625 -1550.390869140625
v 7203.28759765625 59.150634765625 -1398.2120361328125
v 7045.654296875 159.785400390625 -1567.2532958984375
v 7208.84619140625 159.785400390625 -1719.43212890625
v 7366.4794921875 159.785400390625 -1550.390869140625
v 7203.28759765625 159.785400390625 -1398.2120361328125
v 7020.166015625 58.167724609375 -1829.7298583984375
v 7183.35791015625 58.167724609375 -1981.90869140625
v 7340.9912109375 58.167724609375 -1812.867431640625
v 7177.79931640625 58.167724609375 -1660.6885986328125
v 7020.166015625 158.802490234375 -1829.7298583984375
v 7183.35791015625 158.802490234375 -1981.90869140625
v 7340.9912109375 158.802490234375 -1812.867431640625
v 7177.79931640625 158.802490234375 -1660.6885986328125
v 5152.23193359375 8.793484687805176 -1775.0880126953125
v 5192.54296875 8.793484687805176 -1585.438232421875
v 5157.0068359375 8.793571472167969 -1577.884765625
v 5116.69580078125 8.793571472167969 -1767.5345458984375
v 5152.2333984375 740.09033203125 -1775.08837890625
v 5192.544921875 740.09033203125 -1585.4385986328125
v 5157.0087890625 740.0904541015625 -1577.8851318359375
v 5116.697265625 740.0904541015625 -1767.534912109375
v 5994.7353515625 8.793484687805176 2693.201904296875
v 5966.0771484375 8.793484687805176 2501.44482421875
v 6002.00830078125 8.793571472167969 2496.074951171875
v 6030.66650390625 8.793571472167969 2687.83203125
v 5994.73388671875 740.09033203125 2693.2021484375
v 5966.07568359375 740.09033203125 2501.445068359375
v 6002.00634765625 740.0904541015625 2496.0751953125
v 6030.6650390625 740.0904541015625 2687.832275390625
v -3081.509765625 7.838623046875 -845.8538208007812
v -2515.718017578125 7.838623046875 -1287.8988037109375
v -2095.307861328125 7.838623046875 -749.7982177734375
v -2661.099609375 7.838623046875 -307.7532653808594
v -3081.509765625 74.67578125 -845.8538208007812
v -2515.718017578125 74.67578125 -1287.8988037109375
v -2095.307861328125 74.67578125 -749.7982177734375
v -2661.099609375 74.67578125 -307.7532653808594
v -2607.011962890625 60.974853515625 -811.0055541992188
v -2483.8544921875 60.974853515625 -997.0761108398438
v -2291.114501953125 60.974853515625 -869.5043334960938
v -2414.27197265625 60.974853515625 -683.4337768554688
v -2607.011962890625 161.609619140625 -811.0055541992188
v -2483.8544921875 161.609619140625 -997.0761108398438
v -2291.114501953125 161.609619140625 -869.5043334960938
v -2414.27197265625 161.609619140625 -683.4337768554688
v -2423.047119140625 7.27978515625 -1232.6856689453125
v -2253.09033203125 7.27978515625 -1115.877685546875
v -2311.966796875 7.27978515625 -1030.2120361328125
v -2481.92333984375 7.27978515625 -1147.02001953125
v -2423.047119140625 110.463623046875 -1232.6856689453125
v -2253.09033203125 110.463623046875 -1115.877685546875
v -2311.966796875 110.463623046875 -1030.2120361328125
v -2481.92333984375 110.463623046875 -1147.02001953125
v -3077.462646484375 10.5615234375 -695.066650390625
v -2685.916748046875 10.5615234375 -1000.9758911132812
v -2395.812744140625 10.5615234375 -629.65966796875
v -2787.358642578125 10.5615234375 -323.75048828125
v -3077.462646484375 667.85400390625 -695.066650390625
v -2685.916748046875 667.85400390625 -1000.9758911132812
v -2395.812744140625 667.85400390625 -629.65966796875
v -2787.358642578125 667.85400390625 -323.75048828125
v -2941.3974609375 10.5615234375 -886.3997802734375
v -2491.114013671875 10.5615234375 -1238.1998291015625
v -2145.869873046875 10.5615234375 -796.3074340820312
v -2596.1533203125 10.5615234375 -444.50738525390625
v -2941.3974609375 700.566162109375 -886.3997802734375
v -2491.114013671875 700.566162109375 -1238.1998291015625
v -2145.869873046875 700.566162109375 -796.3074340820312
v -2596.1533203125 700.566162109375 -444.50738525390625
v -2823.828369140625 10.9931640625 -470.1070251464844
v -2852.644287109375 10.9931640625 -506.9896240234375
v -2815.761474609375 10.9931640625 -535.8054809570312
v -2786.94580078125 10.9931640625 -498.9228820800781
v -2823.828369140625 344.232177734375 -470.1070251464844
v -2852.644287109375 344.232177734375 -506.9896240234375
v -2815.761474609375 344.232177734375 -535.8054809570312
v -2786.94580078125 344.232177734375 -498.9228820800781
v -2470.10546875 7.27978515625 -348.428466796875
v -2676.20654296875 7.27978515625 -341.23126220703125
v -2679.834228515625 7.27978515625 -445.1152038574219
v -2473.733154296875 7.27978515625 -452.3124084472656
v -2470.10546875 110.463623046875 -348.428466796875
v -2676.20654296875 110.463623046875 -341.23126220703125
v -2679.834228515625 110.463623046875 -445.1152038574219
v -2473.733154296875 110.463623046875 -452.3124084472656
v -2626.13818359375 10.9931640625 -1149.766357421875
v -2625.72998046875 10.9931640625 -1196.5692138671875
v -2578.927001953125 10.9931640625 -1196.1607666015625
v -2579.33544921875 10.9931640625 -1149.35791015625
v -2626.13818359375 344.232177734375 -1149.766357421875
v -2625.72998046875 344.232177734375 -1196.5692138671875
v -2578.927001953125 344.232177734375 -1196.1607666015625
v -2579.33544921875 344.232177734375 -1149.35791015625
v -2768.572509765625 61.127685546875 -619.2828979492188
v -2645.4150390625 61.127685546875 -805.3534545898438
v -2452.675048828125 61.127685546875 -677.7816772460938
v -2575.83251953125 61.127685546875 -491.7110900878906
v -2768.572509765625 161.762451171875 -619.2828979492188
v -2645.4150390625 161.762451171875 -805.3534545898438
v -2452.675048828125 161.762451171875 -677.7816772460938
v -2575.83251953125 161.762451171875 -491.7110900878906
v -2854.630615234375 60.144775390625 -868.5563354492188
v -2731.47314453125 60.144775390625 -1054.626953125
v -2538.733154296875 60.144775390625 -927.0551147460938
v -2661.890625 60.144775390625 -740.9845581054688
v -2854.630615234375 160.779541015625 -868.5563354492188
v -2731.47314453125 160.779541015625 -1054.626953125
v -2538.733154296875 160.779541015625 -927.0551147460938
v -2661.890625 160.779541015625 -740.9845581054688
v -3041.422119140625 7.27978515625 -824.046875
v -2984.578369140625 7.27978515625 -1022.2845458984375
v -2884.65771484375 7.27978515625 -993.6328125
v -2941.50146484375 7.27978515625 -795.3950805664062
v -3041.422119140625 110.463623046875 -824.046875
v -2984.578369140625 110.463623046875 -1022.2845458984375
v -2884.65771484375 110.463623046875 -993.6328125
v -2941.50146484375 110.463623046875 -795.3950805664062
v 2686.680419921875 9.085205078125 -3143.874755859375
v 3347.60302734375 9.085205078125 -3424.419677734375
v 3614.41748046875 9.085205078125 -2795.84423828125
v 2953.494873046875 9.085205078125 -2515.29931640625
v 2686.680419921875 75.92236328125 -3143.874755859375
v 3347.60302734375 75.92236328125 -3424.419677734375
v 3614.41748046875 75.92236328125 -2795.84423828125
v 2953.494873046875 75.92236328125 -2515.29931640625
v 3135.988037109375 58.997802734375 -2987.40283203125
v 3303.107421875 58.997802734375 -3135.2578125
v 3456.261962890625 58.997802734375 -2962.14794921875
v 3289.142578125 58.997802734375 -2814.293212890625
v 3135.988037109375 159.632568359375 -2987.40283203125
v 3303.107421875 159.632568359375 -3135.2578125
v 3456.261962890625 159.632568359375 -2962.14794921875
v 3289.142578125 159.632568359375 -2814.293212890625
v 3422.82275390625 5.302734375 -3347.1015625
v 3556.756103515625 5.302734375 -3190.28564453125
v 3477.714111328125 5.302734375 -3122.77734375
v 3343.78076171875 5.302734375 -3279.59326171875
v 3422.82275390625 108.486572265625 -3347.1015625
v 3556.756103515625 108.486572265625 -3190.28564453125
v 3477.714111328125 108.486572265625 -3122.77734375
v 3343.78076171875 108.486572265625 -3279.59326171875
v 2651.5615234375 8.58447265625 -2997.1796875
v 3108.94091796875 8.58447265625 -3191.32568359375
v 3293.05615234375 8.58447265625 -2757.577392578125
v 2835.6767578125 8.58447265625 -2563.431396484375
v 2651.5615234375 665.876953125 -2997.1796875
v 3108.94091796875 665.876953125 -3191.32568359375
v 3293.05615234375 665.876953125 -2757.577392578125
v 2835.6767578125 665.876953125 -2563.431396484375
v 2832.510986328125 8.58447265625 -3146.77587890625
v 3358.504150390625 8.58447265625 -3370.046630859375
v 3577.6142578125 8.58447265625 -2853.85546875
v 3051.621337890625 8.58447265625 -2630.584716796875
v 2832.510986328125 698.589111328125 -3146.77587890625
v 3358.504150390625 698.589111328125 -3370.046630859375
v 3577.6142578125 698.589111328125 -2853.85546875
v 3051.621337890625 698.589111328125 -2630.584716796875
v 2719.7578125 5.302734375 -3112.43408203125
v 2825.97216796875 5.302734375 -3289.204833984375
v 2915.072509765625 5.302734375 -3235.66796875
v 2808.85791015625 5.302734375 -3058.8974609375
v 2719.7578125 108.486572265625 -3112.43408203125
v 2825.97216796875 108.486572265625 -3289.204833984375
v 2915.072509765625 108.486572265625 -3235.66796875
v 2808.85791015625 108.486572265625 -3058.8974609375
v 3148.506103515625 5.302734375 -2505.155517578125
v 2947.565185546875 5.302734375 -2551.54638671875
v 2970.9482421875 5.302734375 -2652.82958984375
v 3171.88916015625 5.302734375 -2606.4384765625
v 3148.506103515625 108.486572265625 -2505.155517578125
v 2947.565185546875 108.486572265625 -2551.54638671875
v 2970.9482421875 108.486572265625 -2652.82958984375
v 3171.88916015625 108.486572265625 -2606.4384765625
v 3196.4560546875 9.01611328125 -3328.9296875
v 3208.964111328125 9.01611328125 -3374.031982421875
v 3254.066650390625 9.01611328125 -3361.52392578125
v 3241.55859375 9.01611328125 -3316.421630859375
v 3196.4560546875 342.255126953125 -3328.9296875
v 3208.964111328125 342.255126953125 -3374.031982421875
v 3254.066650390625 342.255126953125 -3361.52392578125
v 3241.55859375 342.255126953125 -3316.421630859375
v 2930.312255859375 59.150634765625 -2844.02783203125
v 3097.431640625 59.150634765625 -2991.8828125
v 3250.586181640625 59.150634765625 -2818.77294921875
v 3083.466796875 59.150634765625 -2670.918212890625
v 2930.312255859375 159.785400390625 -2844.02783203125
v 3097.431640625 159.785400390625 -2991.8828125
v 3250.586181640625 159.785400390625 -2818.77294921875
v 3083.466796875 159.785400390625 -2670.918212890625
v 2911.702880859375 58.167724609375 -3107.08251953125
v 3078.822265625 58.167724609375 -3254.9375
v 3231.976806640625 58.167724609375 -3081.82763671875
v 3064.857421875 58.167724609375 -2933.972900390625
v 2911.702880859375 158.802490234375 -3107.08251953125
v 3078.822265625 158.802490234375 -3254.9375
v 3231.976806640625 158.802490234375 -3081.82763671875
v 3064.857421875 158.802490234375 -2933.972900390625
v 3307.708740234375 9.01611328125 -2602.21826171875
v 3289.420654296875 9.01611328125 -2645.30224609375
v 3332.504638671875 9.01611328125 -2663.59033203125
v 3350.792724609375 9.01611328125 -2620.50634765625
v 3307.708740234375 342.255126953125 -2602.21826171875
v 3289.420654296875 342.255126953125 -2645.30224609375
v 3332.504638671875 342.255126953125 -2663.59033203125
v 3350.792724609375 342.255126953125 -2620.50634765625
v 7877.1123046875 118.097412109375 -699.693603515625
v 7877.1123046875 118.097412109375 -699.693603515625
v 7819.26318359375 118.097412109375 -686.3380126953125
v 7819.26318359375 118.097412109375 -686.3380126953125
v 7877.1123046875 226.69091796875 -699.693603515625
v 7877.1123046875 226.69091796875 -699.693603515625
v 7819.26318359375 226.69091796875 -686.3380126953125
v 7819.26318359375 226.69091796875 -686.3380126953125
v 7893.2607421875 118.097412109375 -629.7517700195312
v 7893.2607421875 118.097412109375 -629.7517700195312
v 7835.41162109375 118.097412109375 -616.3961791992188
v 7835.41162109375 118.097412109375 -616.3961791992188
v 7893.2607421875 226.69091796875 -629.7517700195312
v 7893.2607421875 226.69091796875 -629.7517700195312
v 7835.41162109375 226.69091796875 -616.3961791992188
v 7835.41162109375 226.69091796875 -616.3961791992188
v 7880.47265625 9.085205078125 -705.4672241210938
v 7899.10498046875 9.085205078125 -624.761962890625
v 7823.6064453125 9.085205078125 -607.331787109375
v 7804.97412109375 9.085205078125 -688.0369873046875
v 7880.47265625 238.3779296875 -705.4672241210938
v 7899.10498046875 238.3779296875 -624.761962890625
v 7823.6064453125 238.3779296875 -607.331787109375
v 7804.97412109375 238.3779296875 -688.0369873046875
v 2011.960205078125 11.8388671875 -2085.19970703125
v 1916.3514404296875 11.8388671875 -2014.453125
v 1793.5716552734375 11.8388671875 -2180.380615234375
v 1889.180419921875 11.8388671875 -2251.127197265625
v 2011.960205078125 167.385009765625 -2085.19970703125
v 1916.3514404296875 167.385009765625 -2014.453125
v 1793.5716552734375 167.385009765625 -2180.380615234375
v 1889.180419921875 167.385009765625 -2251.127197265625
v 140.7369842529297 11.8388671875 2253.635009765625
v 67.51177978515625 11.8388671875 2159.910888671875
v 230.16831970214844 11.8388671875 2032.829833984375
v 303.3935241699219 11.8388671875 2126.5537109375
v 140.7369842529297 167.385009765625 2253.635009765625
v 67.51177978515625 167.385009765625 2159.910888671875
v 230.16831970214844 167.385009765625 2032.829833984375
v 303.3935241699219 167.385009765625 2126.5537109375
v 7671.33203125 64.9725341796875 -921.5203247070312
v 7545.02294921875 57.185176849365234 -1105.3011474609375
v 7735.50732421875 57.185176849365234 -1236.21728515625
v 7861.81640625 64.9725341796875 -1052.4365234375
v 7669.3427734375 165.54598999023438 -924.4147338867188
v 7543.03369140625 157.75863647460938 -1108.195556640625
v 7733.51806640625 157.75863647460938 -1239.1116943359375
v 7859.8271484375 165.54598999023438 -1055.3309326171875
v 7669.92236328125 9.085205078125 -946.9921264648438
v 7556.64111328125 9.085205078125 -1111.8173828125
v 7713.39892578125 9.085205078125 -1219.553955078125
v 7826.68017578125 9.085205078125 -1054.728759765625
v 7669.92236328125 75.92236328125 -946.9921264648438
v 7556.64111328125 75.92236328125 -1111.8173828125
v 7713.39892578125 75.92236328125 -1219.553955078125
v 7826.68017578125 75.92236328125 -1054.728759765625
v 8004.9560546875 9.262939453125 -328.25604248046875
v 8093.19873046875 9.262939453125 39.29978561401367
v 7940.244140625 9.262939453125 76.02092742919922
v 7852.00146484375 9.262939453125 -291.5348815917969
v 8004.9560546875 279.675048828125 -328.25604248046875
v 8093.19873046875 279.675048828125 39.29978561401367
v 7940.244140625 279.675048828125 76.02092742919922
v 7852.00146484375 279.675048828125 -291.5348815917969
v 8042.26806640625 29.71337890625 22.302749633789062
v 8042.26806640625 29.71337890625 22.302749633789062
v 7976.986328125 29.71337890625 37.97550582885742
v 7976.986328125 29.71337890625 37.97550582885742
v 8042.26806640625 220.99072265625 22.302749633789062
v 8042.26806640625 220.99072265625 22.302749633789062
v 7976.986328125 220.99072265625 37.97550582885742
v 7976.986328125 220.99072265625 37.97550582885742
v 7967.439453125 29.71337890625 -289.3797912597656
v 7967.439453125 29.71337890625 -289.3797912597656
v 7902.15771484375 29.71337890625 -273.70703125
v 7902.15771484375 29.71337890625 -273.70703125
v 7967.439453125 220.99072265625 -289.3797912597656
v 7967.439453125 220.99072265625 -289.3797912597656
v 7902.15771484375 220.99072265625 -273.70703125
v 7902.15771484375 220.99072265625 -273.70703125
v 7882.23876953125 29.71337890625 -234.7954559326172
v 7941.611328125 29.71337890625 12.509350776672363
v 7941.611328125 29.71337890625 12.509350776672363
v 7882.23876953125 29.71337890625 -234.7954559326172
v 7882.23876953125 220.99072265625 -234.7954559326172
v 7941.611328125 220.99072265625 12.509350776672363
v 7941.611328125 220.99072265625 12.509350776672363
v 7882.23876953125 220.99072265625 -234.7954559326172
v 2991.529052734375 8.58447265625 -438.0373840332031
v 2544.33251953125 8.58447265625 -793.75341796875
v 2893.419677734375 8.58447265625 -1232.6162109375
v 3340.6162109375 8.58447265625 -876.9002075195312
v 2991.529052734375 698.589111328125 -438.0373840332031
v 2544.33251953125 698.589111328125 -793.75341796875
v 2893.419677734375 698.589111328125 -1232.6162109375
v 3340.6162109375 698.589111328125 -876.9002075195312
v 2971.800048828125 9.085205078125 -689.5160522460938
v 2815.278564453125 9.085205078125 -814.0189819335938
v 2933.6875 9.085205078125 -962.879638671875
v 3090.209228515625 9.085205078125 -838.376708984375
v 2971.800048828125 75.92236328125 -689.5160522460938
v 2815.278564453125 75.92236328125 -814.0189819335938
v 2933.6875 75.92236328125 -962.879638671875
v 3090.209228515625 75.92236328125 -838.376708984375
v 4849.91552734375 8.58447265625 -950.641845703125
v 4402.71923828125 8.58447265625 -1306.35791015625
v 4751.806640625 8.58447265625 -1745.220703125
v 5199.0029296875 8.58447265625 -1389.5047607421875
v 4849.91552734375 698.589111328125 -950.641845703125
v 4402.71923828125 698.589111328125 -1306.35791015625
v 4751.806640625 698.589111328125 -1745.220703125
v 5199.0029296875 698.589111328125 -1389.5047607421875
v 4830.19091796875 9.085205078125 -1202.12060546875
v 4673.6689453125 9.085205078125 -1326.62353515625
v 4792.078125 9.085205078125 -1475.484130859375
v 4948.599609375 9.085205078125 -1350.981201171875
v 4830.19091796875 75.92236328125 -1202.12060546875
v 4673.6689453125 75.92236328125 -1326.62353515625
v 4792.078125 75.92236328125 -1475.484130859375
v 4948.599609375 75.92236328125 -1350.981201171875
v -150.2683868408203 8.793484687805176 1663.3743896484375
v 39.38145065307617 8.793484687805176 1623.0631103515625
v 46.93489456176758 8.793571472167969 1658.5992431640625
v -142.71493530273438 8.793571472167969 1698.9105224609375
v -150.2687530517578 740.09033203125 1663.3726806640625
v 39.38108825683594 740.09033203125 1623.0614013671875
v 46.93452835083008 740.0904541015625 1658.5975341796875
v -142.71530151367188 740.0904541015625 1698.9088134765625
v 8236.759765625 8.793484687805176 52.775634765625
v 8046.76513671875 8.793484687805176 91.43038177490234
v 8039.52197265625 8.793571472167969 55.82963943481445
v 8229.5166015625 8.793571472167969 17.174890518188477
v 8236.759765625 740.09033203125 52.7773551940918
v 8046.765625 740.09033203125 91.43209838867188
v 8039.5224609375 740.0904541015625 55.83135986328125
v 8229.5166015625 740.0904541015625 17.176612854003906
v 3114.856689453125 8.793484687805176 3241.326904296875
v 3086.198486328125 8.793484687805176 3049.56982421875
v 3122.12939453125 8.793571472167969 3044.199951171875
v 3150.78759765625 8.793571472167969 3235.95703125
v 3114.85498046875 740.09033203125 3241.3271484375
v 3086.19677734375 740.09033203125 3049.570068359375
v 3122.127685546875 740.0904541015625 3044.2001953125
v 3150.785888671875 740.0904541015625 3235.957275390625
v 162.9491729736328 8.793484687805176 3738.757080078125
v 265.6935119628906 8.793484687805176 3574.33203125
v 296.503173828125 8.793571472167969 3593.583984375
v 193.75881958007812 8.793571472167969 3758.00927734375
v 162.9476776123047 740.09033203125 3738.75634765625
v 265.6920471191406 740.09033203125 3574.3310546875
v 296.5016784667969 740.0904541015625 3593.5830078125
v 193.75732421875 740.0904541015625 3758.00830078125
v -390.16265869140625 8.793484687805176 -346.65228271484375
v -226.64027404785156 8.793484687805176 -242.4770050048828
v -246.16041564941406 8.793571472167969 -211.83653259277344
v -409.68280029296875 8.793571472167969 -316.0118103027344
v -390.1617126464844 740.09033203125 -346.6537780761719
v -226.6393280029297 740.09033203125 -242.47850036621094
v -246.1594696044922 740.0904541015625 -211.8380126953125
v -409.6818542480469 740.0904541015625 -316.0133056640625
v 2378.95458984375 8.793484687805176 -1079.8770751953125
v 2419.265869140625 8.793484687805176 -890.2272338867188
v 2383.729736328125 8.793571472167969 -882.673828125
v 2343.418212890625 8.793571472167969 -1072.3236083984375
v 2378.956298828125 740.09033203125 -1079.87744140625
v 2419.267578125 740.09033203125 -890.2276000976562
v 2383.7314453125 740.0904541015625 -882.6741943359375
v 2343.419921875 740.0904541015625 -1072.323974609375
v 536.5753784179688 4.297607421875 3624.248291015625
v 515.5582275390625 4.297607421875 3553.295654296875
v 519.9290771484375 4.297607421875 3552.0009765625
v 540.9462280273438 4.297607421875 3622.95361328125
v 536.5753784179688 250.927490234375 3624.248291015625
v 515.5582275390625 250.927490234375 3553.295654296875
v 519.9290771484375 250.927490234375 3552.0009765625
v 540.9462280273438 250.927490234375 3622.95361328125
v 11397.6328125 4.297607421875 7975.31982421875
v 11324.5439453125 4.297607421875 7963.74365234375
v 11325.2568359375 4.297607421875 7959.2412109375
v 11398.345703125 4.297607421875 7970.8173828125
v 11397.6328125 250.927490234375 7975.31982421875
v 11324.5439453125 250.927490234375 7963.74365234375
v 11325.2568359375 250.927490234375 7959.2412109375
v 11398.345703125 250.927490234375 7970.8173828125
v 43.91337585449219 9.085205078125 43.60893630981445
v -112.60826873779297 9.085205078125 -80.89398193359375
v 5.80081844329834 9.085205078125 -229.75462341308594
v 162.3224639892578 9.085205078125 -105.251708984375
v 43.91337585449219 75.92236328125 43.60893630981445
v -112.60826873779297 75.92236328125 -80.89398193359375
v 5.80081844329834 75.92236328125 -229.75462341308594
v 162.3224639892578 75.92236328125 -105.251708984375
v 593.4998168945312 9.085205078125 3386.472900390625
v 409.39886474609375 9.085205078125 3308.32666015625
v 483.7201843261719 9.085205078125 3133.236572265625
v 667.8211669921875 9.085205078125 3211.3828125
v 593.4998168945312 75.92236328125 3386.472900390625
v 409.39886474609375 75.92236328125 3308.32666015625
v 483.7201843261719 75.92236328125 3133.236572265625
v 667.8211669921875 75.92236328125 3211.3828125
v 4806.06298828125 9.085205078125 2649.69677734375
v 4688.50634765625 9.085205078125 2487.893310546875
v 4842.39013671875 9.085205078125 2376.09033203125
v 4959.947265625 9.085205078125 2537.8935546875
v 4806.06298828125 75.92236328125 2649.69677734375
v 4688.50634765625 75.92236328125 2487.893310546875
v 4842.39013671875 75.92236328125 2376.09033203125
v 4959.947265625 75.92236328125 2537.8935546875
v 3809.43798828125 9.085205078125 -956.9315795898438
v 3696.15673828125 9.085205078125 -1121.7568359375
v 3852.91455078125 9.085205078125 -1229.493408203125
v 3966.19580078125 9.085205078125 -1064.668212890625
v 3809.43798828125 75.92236328125 -956.9315795898438
v 3696.15673828125 75.92236328125 -1121.7568359375
v 3852.91455078125 75.92236328125 -1229.493408203125
v 3966.19580078125 75.92236328125 -1064.668212890625
v 105.0316390991211 9.085205078125 1485.4884033203125
v -8.249621391296387 9.085205078125 1320.6630859375
v 148.5081787109375 9.085205078125 1212.926513671875
v 261.7894287109375 9.085205078125 1377.751708984375
v 105.0316390991211 75.92236328125 1485.4884033203125
v -8.249621391296387 75.92236328125 1320.6630859375
v 148.5081787109375 75.92236328125 1212.926513671875
v 261.7894287109375 75.92236328125 1377.751708984375
v 3985.624755859375 9.085205078125 2797.1708984375
v 3801.52392578125 9.085205078125 2719.024658203125
v 3875.84521484375 9.085205078125 2543.9345703125
v 4059.946044921875 9.085205078125 2622.080810546875
v 3985.624755859375 75.92236328125 2797.1708984375
v 3801.52392578125 75.92236328125 2719.024658203125
v 3875.84521484375 75.92236328125 2543.9345703125
v 4059.946044921875 75.92236328125 2622.080810546875
v 4822.52490234375 47.74225616455078 2666.574462890625
v 4670.64453125 47.742252349853516 2457.52880859375
v 4833.18896484375 47.74225616455078 2339.433349609375
v 4985.0693359375 47.74225997924805 2548.478759765625
v 4822.52490234375 262.52642822265625 2666.574462890625
v 4670.64453125 262.52642822265625 2457.52880859375
v 4833.18896484375 262.52642822265625 2339.433349609375
v 4985.0693359375 262.52642822265625 2548.478759765625
v 3810.8515625 64.9725341796875 -931.4597778320312
v 3684.54248046875 57.185176849365234 -1115.2406005859375
v 3875.02685546875 57.185176849365234 -1246.15673828125
v 4001.3359375 64.9725341796875 -1062.3759765625
v 3808.8623046875 165.54598999023438 -934.3541870117188
v 3682.55322265625 157.75863647460938 -1118.135009765625
v 3873.03759765625 157.75863647460938 -1249.0511474609375
v 3999.3466796875 165.54598999023438 -1065.2703857421875
v 1639.8494873046875 6.030517578125 -374.0428466796875
v 1443.0889892578125 6.030517578125 -326.8048095703125
v 1420.3458251953125 6.030517578125 -421.53680419921875
v 1617.1064453125 6.030517578125 -468.7748718261719
v 1639.8494873046875 110.155517578125 -374.0428466796875
v 1443.0889892578125 110.155517578125 -326.8048095703125
v 1420.3458251953125 110.155517578125 -421.53680419921875
v 1617.1064453125 110.155517578125 -468.7748718261719
v 1395.2628173828125 6.030517578125 -529.5867309570312
v 1592.0233154296875 6.030517578125 -576.8248291015625
v 1614.7664794921875 6.030517578125 -482.0928039550781
v 1418.0059814453125 6.030517578125 -434.854736328125
v 1395.2628173828125 110.155517578125 -529.5867309570312
v 1592.0233154296875 110.155517578125 -576.8248291015625
v 1614.7664794921875 110.155517578125 -482.0928039550781
v 1418.0059814453125 110.155517578125 -434.854736328125
v 126.81287384033203 6.030517578125 402.00927734375
v 161.9508819580078 6.030517578125 601.28662109375
v 66.00714111328125 6.030517578125 618.2041625976562
v 30.8691349029541 6.030517578125 418.9267578125
v 126.81287384033203 110.155517578125 402.00927734375
v 161.9508819580078 110.155517578125 601.28662109375
v 66.00714111328125 110.155517578125 618.2041625976562
v 30.8691349029541 110.155517578125 418.9267578125
v -43.37146759033203 6.030517578125 636.64306640625
v -78.50946807861328 6.030517578125 437.3656921386719
v 17.434267044067383 6.030517578125 420.4482116699219
v 52.57227325439453 6.030517578125 619.7255859375
v -43.37146759033203 110.155517578125 636.64306640625
v -78.50946807861328 110.155517578125 437.3656921386719
v 17.434267044067383 110.155517578125 420.4482116699219
v 52.57227325439453 110.155517578125 619.7255859375
v 278.0041198730469 6.030517578125 2810.744873046875
v 237.66171264648438 6.030517578125 2612.45556640625
v 333.1297302246094 6.030517578125 2593.032470703125
v 373.4721374511719 6.030517578125 2791.32177734375
v 278.0041198730469 110.155517578125 2810.744873046875
v 237.66171264648438 110.155517578125 2612.45556640625
v 333.1297302246094 110.155517578125 2593.032470703125
v 373.4721374511719 110.155517578125 2791.32177734375
v 441.9860534667969 6.030517578125 2571.736572265625
v 482.3285217285156 6.030517578125 2770.02587890625
v 386.8605041503906 6.030517578125 2789.44921875
v 346.5180358886719 6.030517578125 2591.159912109375
v 441.9860534667969 110.155517578125 2571.736572265625
v 482.3285217285156 110.155517578125 2770.02587890625
v 386.8605041503906 110.155517578125 2789.44921875
v 346.5180358886719 110.155517578125 2591.159912109375
v 4185.66845703125 18.61376953125 -3382.294921875
v 4144.9951171875 18.61376953125 -3473.6494140625
v 4224.109375 18.61376953125 -3508.87353515625
v 4264.783203125 18.61376953125 -3417.51904296875
v 4185.66845703125 138.61376953125 -3382.294921875
v 4144.9951171875 138.61376953125 -3473.6494140625
v 4224.109375 138.61376953125 -3508.87353515625
v 4264.783203125 138.61376953125 -3417.51904296875
v 3859.336669921875 18.61376953125 -4670.087890625
v 3818.662841796875 18.61376953125 -4761.4423828125
v 3897.77734375 18.61376953125 -4796.66650390625
v 3938.451171875 18.61376953125 -4705.31201171875
v 3859.336669921875 138.61376953125 -4670.087890625
v 3818.662841796875 138.61376953125 -4761.4423828125
v 3897.77734375 138.61376953125 -4796.66650390625
v 3938.451171875 138.61376953125 -4705.31201171875
v 3031.305419921875 18.61376953125 -4404.755859375
v 2990.631591796875 18.61376953125 -4496.1103515625
v 3069.74609375 18.61376953125 -4531.33447265625
v 3110.419921875 18.61376953125 -4439.97998046875
v 3031.305419921875 138.61376953125 -4404.755859375
v 2990.631591796875 138.61376953125 -4496.1103515625
v 3069.74609375 138.61376953125 -4531.33447265625
v 3110.419921875 138.61376953125 -4439.97998046875
v 3721.705322265625 16.533447265625 -4096.26123046875
v 3644.03466796875 16.533447265625 -4270.71240234375
v 3826.181640625 16.533447265625 -4351.8095703125
v 3903.852294921875 16.533447265625 -4177.35791015625
v 3721.705322265625 187.991455078125 -4096.26123046875
v 3644.03466796875 187.991455078125 -4270.71240234375
v 3826.181640625 187.991455078125 -4351.8095703125
v 3903.852294921875 187.991455078125 -4177.35791015625
v 3831.76025390625 16.533447265625 -3763.783447265625
v 3922.87890625 16.533447265625 -3931.603271484375
v 4098.1015625 16.533447265625 -3836.465087890625
v 4006.98291015625 16.533447265625 -3668.645263671875
v 3831.76025390625 187.991455078125 -3763.783447265625
v 3922.87890625 187.991455078125 -3931.603271484375
v 4098.1015625 187.991455078125 -3836.465087890625
v 4006.98291015625 187.991455078125 -3668.645263671875
v 3426.906494140625 13.757184982299805 -4212.56396484375
v 3321.807861328125 13.757184982299805 -4448.619140625
v 3505.353759765625 13.757184982299805 -4530.3388671875
v 3610.452392578125 13.757184982299805 -4294.28369140625
v 3426.906494140625 228.54135131835938 -4212.56396484375
v 3321.807861328125 228.54135131835938 -4448.619140625
v 3505.353759765625 228.54135131835938 -4530.3388671875
v 3610.452392578125 228.54135131835938 -4294.28369140625
v -2839.413330078125 9.085205078125 -5796.77294921875
v -2178.49072265625 9.085205078125 -6077.31787109375
v -1911.6763916015625 9.085205078125 -5448.74267578125
v -2572.598876953125 9.085205078125 -5168.19775390625
v -2839.413330078125 75.92236328125 -5796.77294921875
v -2178.49072265625 75.92236328125 -6077.31787109375
v -1911.6763916015625 75.92236328125 -5448.74267578125
v -2572.598876953125 75.92236328125 -5168.19775390625
v -2595.779541015625 59.150634765625 -5496.92626953125
v -2428.66015625 59.150634765625 -5644.78125
v -2275.505615234375 59.150634765625 -5471.67138671875
v -2442.625 59.150634765625 -5323.81640625
v -2595.779541015625 159.785400390625 -5496.92626953125
v -2428.66015625 159.785400390625 -5644.78125
v -2275.505615234375 159.785400390625 -5471.67138671875
v -2442.625 159.785400390625 -5323.81640625
v -2390.101806640625 58.997802734375 -5640.30126953125
v -2222.982421875 58.997802734375 -5788.15625
v -2069.827880859375 58.997802734375 -5615.04638671875
v -2236.947265625 58.997802734375 -5467.19140625
v -2390.101806640625 159.632568359375 -5640.30126953125
v -2222.982421875 159.632568359375 -5788.15625
v -2069.827880859375 159.632568359375 -5615.04638671875
v -2236.947265625 159.632568359375 -5467.19140625
v -2614.386962890625 58.167724609375 -5759.98095703125
v -2447.267578125 58.167724609375 -5907.8359375
v -2294.113037109375 58.167724609375 -5734.72607421875
v -2461.232421875 58.167724609375 -5586.87109375
v -2614.386962890625 158.802490234375 -5759.98095703125
v -2447.267578125 158.802490234375 -5907.8359375
v -2294.113037109375 158.802490234375 -5734.72607421875
v -2461.232421875 158.802490234375 -5586.87109375
v -2806.33349609375 5.302734375 -5765.33251953125
v -2700.119140625 5.302734375 -5942.103515625
v -2611.018798828125 5.302734375 -5888.56640625
v -2717.2333984375 5.302734375 -5711.7958984375
v -2806.33349609375 108.486572265625 -5765.33251953125
v -2700.119140625 108.486572265625 -5942.103515625
v -2611.018798828125 108.486572265625 -5888.56640625
v -2717.2333984375 108.486572265625 -5711.7958984375
v -2377.583740234375 5.302734375 -5158.0546875
v -2578.524658203125 5.302734375 -5204.44580078125
v -2555.1416015625 5.302734375 -5305.72900390625
v -2354.20068359375 5.302734375 -5259.337890625
v -2377.583740234375 108.486572265625 -5158.0546875
v -2578.524658203125 108.486572265625 -5204.44580078125
v -2555.1416015625 108.486572265625 -5305.72900390625
v -2354.20068359375 108.486572265625 -5259.337890625
v -2103.26708984375 5.302734375 -6000.001953125
v -1969.3336181640625 5.302734375 -5843.18603515625
v -2048.375732421875 5.302734375 -5775.677734375
v -2182.30908203125 5.302734375 -5932.49365234375
v -2103.26708984375 108.486572265625 -6000.001953125
v -1969.3336181640625 108.486572265625 -5843.18603515625
v -2048.375732421875 108.486572265625 -5775.677734375
v -2182.30908203125 108.486572265625 -5932.49365234375
v 63.638309478759766 8.58447265625 295.0876159667969
v -383.5580749511719 8.58447265625 -60.628414154052734
v -34.47085952758789 8.58447265625 -499.4912414550781
v 412.72552490234375 8.58447265625 -143.7752227783203
v 63.638309478759766 698.589111328125 295.0876159667969
v -383.5580749511719 698.589111328125 -60.628414154052734
v -34.47085952758789 698.589111328125 -499.4912414550781
v 412.72552490234375 698.589111328125 -143.7752227783203
v 4077.746337890625 8.58447265625 3044.160888671875
v 3551.75341796875 8.58447265625 2820.89013671875
v 3770.863525390625 8.58447265625 2304.698974609375
v 4296.8564453125 8.58447265625 2527.9697265625
v 4077.746337890625 698.589111328125 3044.160888671875
v 3551.75341796875 698.589111328125 2820.89013671875
v 3770.863525390625 698.589111328125 2304.698974609375
v 4296.8564453125 698.589111328125 2527.9697265625
v 3571.338134765625 8.58447265625 -4139.896484375
v 3338.92138671875 8.58447265625 -4661.91259765625
v 3851.2099609375 8.58447265625 -4889.998046875
v 4083.62646484375 8.58447265625 -4367.98193359375
v 3571.338134765625 698.589111328125 -4139.896484375
v 3338.92138671875 698.589111328125 -4661.91259765625
v 3851.2099609375 698.589111328125 -4889.998046875
v 4083.62646484375 698.589111328125 -4367.98193359375
v -2693.578857421875 8.58447265625 -5799.67431640625
v -2167.585693359375 8.58447265625 -6022.9453125
v -1948.4755859375 8.58447265625 -5506.75390625
v -2474.468505859375 8.58447265625 -5283.4833984375
v -2693.578857421875 698.589111328125 -5799.67431640625
v -2167.585693359375 698.589111328125 -6022.9453125
v -1948.4755859375 698.589111328125 -5506.75390625
v -2474.468505859375 698.589111328125 -5283.4833984375
v 67.8541259765625 8.58447265625 1681.640625
v -213.5812225341797 8.58447265625 1272.1497802734375
v 174.7528076171875 8.58447265625 1005.255126953125
v 456.1881408691406 8.58447265625 1414.7459716796875
v 67.8541259765625 665.876953125 1681.640625
v -213.5812225341797 665.876953125 1272.1497802734375
v 174.7528076171875 665.876953125 1005.255126953125
v 456.1881408691406 665.876953125 1414.7459716796875
v 663.20263671875 8.58447265625 3581.39697265625
v 205.82315063476562 8.58447265625 3387.2509765625
v 389.9383544921875 8.58447265625 2953.502685546875
v 847.3178100585938 8.58447265625 3147.648681640625
v 663.20263671875 665.876953125 3581.39697265625
v 205.82315063476562 665.876953125 3387.2509765625
v 389.9383544921875 665.876953125 2953.502685546875
v 847.3178100585938 665.876953125 3147.648681640625
v 3398.471923828125 8.58447265625 -3878.99072265625
v 3196.373046875 8.58447265625 -4332.912109375
v 3626.842041015625 8.58447265625 -4524.5693359375
v 3828.94091796875 8.58447265625 -4070.647705078125
v 3398.471923828125 665.876953125 -3878.99072265625
v 3196.373046875 665.876953125 -4332.912109375
v 3626.842041015625 665.876953125 -4524.5693359375
v 3828.94091796875 665.876953125 -4070.647705078125
v -2874.5283203125 8.58447265625 -5650.078125
v -2417.14892578125 8.58447265625 -5844.22412109375
v -2233.03369140625 8.58447265625 -5410.4755859375
v -2690.4130859375 8.58447265625 -5216.32958984375
v -2874.5283203125 665.876953125 -5650.078125
v -2417.14892578125 665.876953125 -5844.22412109375
v -2233.03369140625 665.876953125 -5410.4755859375
v -2690.4130859375 665.876953125 -5216.32958984375
v 2304.864013671875 6.030517578125 2883.239013671875
v 2503.497802734375 6.030517578125 2844.62841796875
v 2522.087158203125 6.030517578125 2940.262451171875
v 2323.453369140625 6.030517578125 2978.872802734375
v 2304.864013671875 110.155517578125 2883.239013671875
v 2503.497802734375 110.155517578125 2844.62841796875
v 2522.087158203125 110.155517578125 2940.262451171875
v 2323.453369140625 110.155517578125 2978.872802734375
v 2542.432861328125 6.030517578125 3049.302734375
v 2343.799072265625 6.030517578125 3087.9130859375
v 2325.209716796875 6.030517578125 2992.279296875
v 2523.843505859375 6.030517578125 2953.668701171875
v 2542.432861328125 110.155517578125 3049.302734375
v 2343.799072265625 110.155517578125 3087.9130859375
v 2325.209716796875 110.155517578125 2992.279296875
v 2523.843505859375 110.155517578125 2953.668701171875
v 5621.65185546875 8.58447265625 2691.062744140625
v 5329.59375 8.58447265625 2289.079345703125
v 5710.80810546875 8.58447265625 2012.1107177734375
v 6002.8662109375 8.58447265625 2414.09423828125
v 5621.65185546875 665.876953125 2691.062744140625
v 5329.59375 665.876953125 2289.079345703125
v 5710.80810546875 665.876953125 2012.1107177734375
v 6002.8662109375 665.876953125 2414.09423828125
v 5653.68017578125 9.085205078125 2494.00537109375
v 5536.12353515625 9.085205078125 2332.201904296875
v 5690.00732421875 9.085205078125 2220.39892578125
v 5807.564453125 9.085205078125 2382.2021484375
v 5653.68017578125 75.92236328125 2494.00537109375
v 5536.12353515625 75.92236328125 2332.201904296875
v 5690.00732421875 75.92236328125 2220.39892578125
v 5807.564453125 75.92236328125 2382.2021484375
v 12074.1328125 3.7763671875 3498.245849609375
v 12036.1875 3.7763671875 3498.245849609375
v 12036.1875 3.7763671875 3453.214599609375
v 12074.1328125 3.7763671875 3453.214599609375
v 12074.1328125 298.07421875 3498.245849609375
v 12036.1875 298.07421875 3498.245849609375
v 12036.1875 298.07421875 3453.214599609375
v 12074.1328125 298.07421875 3453.214599609375
v 11761.9716796875 11.8388671875 5313.58154296875
v 11880.14453125 11.8388671875 5327.0458984375
v 11856.77734375 11.8388671875 5532.13330078125
v 11738.6044921875 11.8388671875 5518.6689453125
v 11761.9716796875 167.385009765625 5313.58154296875
v 11880.14453125 167.385009765625 5327.0458984375
v 11856.77734375 167.385009765625 5532.13330078125
v 11738.6044921875 167.385009765625 5518.6689453125
v 1858.8349609375 29.71337890625 -1948.168701171875
v 1858.8349609375 29.71337890625 -1948.168701171875
v 1840.8934326171875 29.71337890625 -2012.8636474609375
v 1840.8934326171875 29.71337890625 -2012.8636474609375
v 1858.8349609375 220.99072265625 -1948.168701171875
v 1858.8349609375 220.99072265625 -1948.168701171875
v 1840.8934326171875 220.99072265625 -2012.8636474609375
v 1840.8934326171875 220.99072265625 -2012.8636474609375
v 1549.9537353515625 29.71337890625 -1862.50830078125
v 1549.9537353515625 29.71337890625 -1862.50830078125
v 1532.01220703125 29.71337890625 -1927.203369140625
v 1532.01220703125 29.71337890625 -1927.203369140625
v 1549.9537353515625 220.99072265625 -1862.50830078125
v 1549.9537353515625 220.99072265625 -1862.50830078125
v 1532.01220703125 220.99072265625 -1927.203369140625
v 1532.01220703125 220.99072265625 -1927.203369140625
v 1801.311767578125 29.71337890625 -2031.4146728515625
v 1556.2296142578125 29.71337890625 -1963.4473876953125
v 1556.2296142578125 29.71337890625 -1963.4473876953125
v 1801.311767578125 29.71337890625 -2031.4146728515625
v 1801.311767578125 220.99072265625 -2031.4146728515625
v 1556.2296142578125 220.99072265625 -1963.4473876953125
v 1556.2296142578125 220.99072265625 -1963.4473876953125
v 1801.311767578125 220.99072265625 -2031.4146728515625
v 1898.9981689453125 9.262939453125 -1912.0338134765625
v 1534.745849609375 9.262939453125 -1811.0177001953125
v 1492.708984375 9.262939453125 -1962.5975341796875
v 1856.9613037109375 9.262939453125 -2063.613525390625
v 1898.9981689453125 279.675048828125 -1912.0338134765625
v 1534.745849609375 279.675048828125 -1811.0177001953125
v 1492.708984375 279.675048828125 -1962.5975341796875
v 1856.9613037109375 279.675048828125 -2063.613525390625
v 257.56121826171875 11.8388671875 2365.756103515625
v 184.33599853515625 11.8388671875 2272.031982421875
v 346.9925537109375 11.8388671875 2144.950927734375
v 420.2177429199219 11.8388671875 2238.6748046875
v 257.56121826171875 167.385009765625 2365.756103515625
v 184.33599853515625 167.385009765625 2272.031982421875
v 346.9925537109375 167.385009765625 2144.950927734375
v 420.2177429199219 167.385009765625 2238.6748046875
v -2443.660400390625 7.681640625 -3754.874755859375
v -2309.14794921875 7.681640625 -3517.125
v -2637.632568359375 7.681640625 -3331.27734375
v -2772.144775390625 7.681640625 -3569.02734375
v -2443.660400390625 318.2001953125 -3754.874755859375
v -2309.14794921875 318.2001953125 -3517.125
v -2637.632568359375 318.2001953125 -3331.27734375
v -2772.144775390625 318.2001953125 -3569.02734375
v 4248.22900390625 118.097412109375 -3864.337890625
v 4248.22900390625 118.097412109375 -3864.337890625
v 4190.62109375 118.097412109375 -3849.974609375
v 4190.62109375 118.097412109375 -3849.974609375
v 4248.22900390625 226.69091796875 -3864.337890625
v 4248.22900390625 226.69091796875 -3864.337890625
v 4190.62109375 226.69091796875 -3849.974609375
v 4190.62109375 226.69091796875 -3849.974609375
v 4251.49169921875 9.085205078125 -3870.172607421875
v 4271.52978515625 9.085205078125 -3789.804931640625
v 4196.34716796875 9.085205078125 -3771.059814453125
v 4176.30908203125 9.085205078125 -3851.427490234375
v 4251.49169921875 238.3779296875 -3870.172607421875
v 4271.52978515625 238.3779296875 -3789.804931640625
v 4196.34716796875 238.3779296875 -3771.059814453125
v 4176.30908203125 238.3779296875 -3851.427490234375
v 4265.5966796875 118.097412109375 -3794.68798828125
v 4265.5966796875 118.097412109375 -3794.68798828125
v 4207.98876953125 118.097412109375 -3780.324951171875
v 4207.98876953125 118.097412109375 -3780.324951171875
v 4265.5966796875 226.69091796875 -3794.68798828125
v 4265.5966796875 226.69091796875 -3794.68798828125
v 4207.98876953125 226.69091796875 -3780.324951171875
v 4207.98876953125 226.69091796875 -3780.324951171875
v 2576.01904296875 9.08544921875 2920.242431640625
v 2583.916748046875 9.08544921875 2965.031982421875
v 2554.37255859375 9.08544921875 2970.241455078125
v 2546.474853515625 9.08544921875 2925.451904296875
v 2576.01904296875 110.18603515625 2920.242431640625
v 2583.916748046875 110.18603515625 2965.031982421875
v 2554.37255859375 110.18603515625 2970.241455078125
v 2546.474853515625 110.18603515625 2925.451904296875
v 12159.41796875 8.793484687805176 3979.43359375
v 11965.59765625 8.793484687805176 3974.3583984375
v 11966.548828125 8.793571472167969 3938.040771484375
v 12160.369140625 8.793571472167969 3943.115966796875
v 12159.41796875 740.09033203125 3979.435546875
v 11965.59765625 740.09033203125 3974.360107421875
v 11966.548828125 740.0904541015625 3938.04248046875
v 12160.369140625 740.0904541015625 3943.117919921875
v -1726.7640380859375 8.069119453430176 -561.7796630859375
v -1920.4661865234375 8.069119453430176 -570.2368774414062
v -1918.881591796875 8.069206237792969 -606.5324096679688
v -1725.1793212890625 8.069206237792969 -598.0751953125
v -1726.76416015625 739.365966796875 -561.7778930664062
v -1920.46630859375 739.365966796875 -570.2351684570312
v -1918.881591796875 739.3660888671875 -606.5306396484375
v -1725.179443359375 739.3660888671875 -598.0734252929688
v 7638.50048828125 8.793484687805176 -2354.396728515625
v 7581.8134765625 8.793484687805176 -2168.98193359375
v 7547.0712890625 8.793571472167969 -2179.603759765625
v 7603.75830078125 8.793571472167969 -2365.0185546875
v 7638.50244140625 740.09033203125 -2354.396240234375
v 7581.8154296875 740.09033203125 -2168.9814453125
v 7547.07275390625 740.0904541015625 -2179.603271484375
v 7603.759765625 740.0904541015625 -2365.01806640625
v 6467.7314453125 8.793484687805176 4693.15576171875
v 6653.6337890625 8.793484687805176 4638.0888671875
v 6663.9521484375 8.793571472167969 4672.9228515625
v 6478.0498046875 8.793571472167969 4727.98974609375
v 6467.73095703125 740.09033203125 4693.154296875
v 6653.63330078125 740.09033203125 4638.08740234375
v 6663.95166015625 740.0904541015625 4672.92138671875
v 6478.04931640625 740.0904541015625 4727.98828125
v 7044.24462890625 8.793484687805176 7249.09619140625
v 7227.01025390625 8.793484687805176 7184.37548828125
v 7239.1376953125 8.793571472167969 7218.62158203125
v 7056.3720703125 8.793571472167969 7283.3427734375
v 7044.244140625 740.09033203125 7249.0947265625
v 7227.009765625 740.09033203125 7184.3740234375
v 7239.13671875 740.0904541015625 7218.6201171875
v 7056.37109375 740.0904541015625 7283.3408203125
v 3970.957275390625 9.01611328125 -4946.46142578125
v 3925.74755859375 9.01611328125 -4934.34716796875
v 3913.633544921875 9.01611328125 -4979.55712890625
v 3958.84326171875 9.01611328125 -4991.67138671875
v 3970.957275390625 342.255126953125 -4946.46142578125
v 3925.74755859375 342.255126953125 -4934.34716796875
v 3913.633544921875 342.255126953125 -4979.55712890625
v 3958.84326171875 342.255126953125 -4991.67138671875
v -2218.381103515625 9.01611328125 -5255.11865234375
v -2236.669189453125 9.01611328125 -5298.20263671875
v -2193.585205078125 9.01611328125 -5316.49072265625
v -2175.297119140625 9.01611328125 -5273.40673828125
v -2218.381103515625 342.255126953125 -5255.11865234375
v -2236.669189453125 342.255126953125 -5298.20263671875
v -2193.585205078125 342.255126953125 -5316.49072265625
v -2175.297119140625 342.255126953125 -5273.40673828125
v -2329.6337890625 9.01611328125 -5981.83203125
v -2317.125732421875 9.01611328125 -6026.9345703125
v -2272.023193359375 9.01611328125 -6014.42626953125
v -2284.53125 9.01611328125 -5969.32373046875
v -2329.6337890625 342.255126953125 -5981.83203125
v -2317.125732421875 342.255126953125 -6026.9345703125
v -2272.023193359375 342.255126953125 -6014.42626953125
v -2284.53125 342.255126953125 -5969.32373046875
v 4401.2021484375 9.01611328125 -3188.96923828125
v 4370.1884765625 9.01611328125 -3153.91455078125
v 4335.1337890625 9.01611328125 -3184.92822265625
v 4366.1474609375 9.01611328125 -3219.98291015625
v 4401.2021484375 342.255126953125 -3188.96923828125
v 4370.1884765625 342.255126953125 -3153.91455078125
v 4335.1337890625 342.255126953125 -3184.92822265625
v 4366.1474609375 342.255126953125 -3219.98291015625
v 411.4558410644531 9.01611328125 2845.04931640625
v 365.2930603027344 9.01611328125 2852.7744140625
v 357.5680236816406 9.01611328125 2806.611572265625
v 403.7308044433594 9.01611328125 2798.886474609375
v 411.4558410644531 342.255126953125 2845.04931640625
v 365.2930603027344 342.255126953125 2852.7744140625
v 357.5680236816406 342.255126953125 2806.611572265625
v 403.7308044433594 342.255126953125 2798.886474609375
v 94.3123550415039 9.01611328125 673.6433715820312
v 48.08391189575195 9.01611328125 680.9652709960938
v 40.76203155517578 9.01611328125 634.73681640625
v 86.99047088623047 9.01611328125 627.4149780273438
v 94.3123550415039 342.255126953125 673.6433715820312
v 48.08391189575195 342.255126953125 680.9652709960938
v 40.76203155517578 342.255126953125 634.73681640625
v 86.99047088623047 342.255126953125 627.4149780273438
v 1361.72509765625 9.01611328125 -434.7108154296875
v 1407.236572265625 9.01611328125 -445.6371765136719
v 1418.1629638671875 9.01611328125 -400.1257019042969
v 1372.6514892578125 9.01611328125 -389.1993408203125
v 1361.72509765625 342.255126953125 -434.7108154296875
v 1407.236572265625 342.255126953125 -445.6371765136719
v 1418.1629638671875 342.255126953125 -400.1257019042969
v 1372.6514892578125 342.255126953125 -389.1993408203125
v 2243.07958984375 9.01611328125 2974.99169921875
v 2288.944580078125 9.01611328125 2965.66015625
v 2298.27587890625 9.01611328125 3011.525390625
v 2252.410888671875 9.01611328125 3020.856689453125
v 2243.07958984375 342.255126953125 2974.99169921875
v 2288.944580078125 342.255126953125 2965.66015625
v 2298.27587890625 342.255126953125 3011.525390625
v 2252.410888671875 342.255126953125 3020.856689453125
